rule_a,rule_b,class_pair,label,period,shift,residual,residual_unshifted,mean_hamming,std_hamming,mean_hamming_after_burn_in,domination,dominant_rule,rule_share_a,rule_share_b,settle,settled_at,late_label,late_period,plot_path,lag_plot_path,metrics_path
0,1,I_x_II,cycle,2,0,0.0,0.0,0.561313432835821,0.007823806630998267,0.5621890547263684,coexist,,0.47512437810945274,0.5248756218905473,early,50,cycle,2,/Users/amrkandil/github_repos/thesis/Distributed-Tsetlin-Machines/experiments/results_minority/I_x_II/rule0_vs_rule1/hamming_distance.png,/Users/amrkandil/github_repos/thesis/Distributed-Tsetlin-Machines/experiments/results_minority/I_x_II/rule0_vs_rule1/lag_hamming.png,/Users/amrkandil/github_repos/thesis/Distributed-Tsetlin-Machines/experiments/results_minority/I_x_II/rule0_vs_rule1/metrics.json
0,2,I_x_II,fixed,1,0,0.0,0.0,0.001353233830845771,0.02404278258996758,0.0,coexist,,0.5,0.5,early,50,fixed,1,/Users/amrkandil/github_repos/thesis/Distributed-Tsetlin-Machines/experiments/results_minority/I_x_II/rule0_vs_rule2/hamming_distance.png,/Users/amrkandil/github_repos/thesis/Distributed-Tsetlin-Machines/experiments/results_minority/I_x_II/rule0_vs_rule2/lag_hamming.png,/Users/amrkandil/github_repos/thesis/Distributed-Tsetlin-Machines/experiments/results_minority/I_x_II/rule0_vs_rule2/metrics.json
0,3,I_x_II,cycle,2,0,0.0,0.0,0.6399004975124378,0.014603155385877347,0.6417910447761193,coexist,,0.4975124378109453,0.5024875621890548,early,50,cycle,2,/Users/amrkandil/github_repos/thesis/Distributed-Tsetlin-Machines/experiments/results_minority/I_x_II/rule0_vs_rule3/hamming_distance.png,/Users/amrkandil/github_repos/thesis/Distributed-Tsetlin-Machines/experiments/results_minority/I_x_II/rule0_vs_rule3/lag_hamming.png,/Users/amrkandil/github_repos/thesis/Distributed-Tsetlin-Machines/experiments/results_minority/I_x_II/rule0_vs_rule3/metrics.json
0,4,I_x_II,fixed,1,0,0.0,0.0,0.0008955223880597015,0.02000445483912419,0.0,coexist,,0.472636815920398,0.527363184079602,early,50,fixed,1,/Users/amrkandil/github_repos/thesis/Distributed-Tsetlin-Machines/experiments/results_minority/I_x_II/rule0_vs_rule4/hamming_distance.png,/Users/amrkandil/github_repos/thesis/Distributed-Tsetlin-Machines/experiments/results_minority/I_x_II/rule0_vs_rule4/lag_hamming.png,/Users/amrkandil/github_repos/thesis/Distributed-Tsetlin-Machines/experiments/results_minority/I_x_II/rule0_vs_rule4/metrics.json
0,5,I_x_II,cycle,2,0,3.535038486368658e-16,0.0,0.11673631840796023,0.022561354732334536,0.11442786069651742,coexist,,0.3656716417910448,0.6343283582089553,early,50,cycle,2,/Users/amrkandil/github_repos/thesis/Distributed-Tsetlin-Machines/experiments/results_minority/I_x_II/rule0_vs_rule5/hamming_distance.png,/Users/amrkandil/github_repos/thesis/Distributed-Tsetlin-Machines/experiments/results_minority/I_x_II/rule0_vs_rule5/lag_hamming.png,/Users/amrkandil/github_repos/thesis/Distributed-Tsetlin-Machines/experiments/results_minority/I_x_II/rule0_vs_rule5/metrics.json
0,6,I_x_II,fixed,1,0,0.0,0.0,0.002228855721393035,0.02249245753082786,0.0,coexist,,0.5,0.5,early,50,fixed,1,/Users/amrkandil/github_repos/thesis/Distributed-Tsetlin-Machines/experiments/results_minority/I_x_II/rule0_vs_rule6/hamming_distance.png,/Users/amrkandil/github_repos/thesis/Distributed-Tsetlin-Machines/experiments/results_minority/I_x_II/rule0_vs_rule6/lag_hamming.png,/Users/amrkandil/github_repos/thesis/Distributed-Tsetlin-Machines/experiments/results_minority/I_x_II/rule0_vs_rule6/metrics.json
0,7,I_x_II,near_cycle,2,0,0.00017456576765310962,0.00017456576765296326,0.29839800995024873,0.018326778093198614,0.29368159203980093,coexist,,0.43034825870646765,0.5696517412935324,late,200,cycle,2,/Users/amrkandil/github_repos/thesis/Distributed-Tsetlin-Machines/experiments/results_minority/I_x_II/rule0_vs_rule7/hamming_distance.png,/Users/amrkandil/github_repos/thesis/Distributed-Tsetlin-Machines/experiments/results_minority/I_x_II/rule0_vs_rule7/lag_hamming.png,/Users/amrkandil/github_repos/thesis/Distributed-Tsetlin-Machines/experiments/results_minority/I_x_II/rule0_vs_rule7/metrics.json
0,9,I_x_II,cycle,2,0,0.0,0.0,0.5407960199004975,0.012732819793104201,0.5422885572139303,coexist,,0.43781094527363185,0.5621890547263682,early,50,cycle,2,/Users/amrkandil/github_repos/thesis/Distributed-Tsetlin-Machines/experiments/results_minority/I_x_II/rule0_vs_rule9/hamming_distance.png,/Users/amrkandil/github_repos/thesis/Distributed-Tsetlin-Machines/experiments/results_minority/I_x_II/rule0_vs_rule9/lag_hamming.png,/Users/amrkandil/github_repos/thesis/Distributed-Tsetlin-Machines/experiments/results_minority/I_x_II/rule0_vs_rule9/metrics.json
0,10,I_x_II,fixed,1,0,0.0,0.0,0.0014129353233830843,0.022179986099447817,0.0,coexist,,0.5,0.5,early,50,fixed,1,/Users/amrkandil/github_repos/thesis/Distributed-Tsetlin-Machines/experiments/results_minority/I_x_II/rule0_vs_rule10/hamming_distance.png,/Users/amrkandil/github_repos/thesis/Distributed-Tsetlin-Machines/experiments/results_minority/I_x_II/rule0_vs_rule10/lag_hamming.png,/Users/amrkandil/github_repos/thesis/Distributed-Tsetlin-Machines/experiments/results_minority/I_x_II/rule0_vs_rule10/metrics.json
0,11,I_x_II,cycle,2,0,0.0,0.0,0.6295621890547264,0.019858311006398077,0.6318407960199004,coexist,,0.47512437810945274,0.5248756218905473,early,50,cycle,2,/Users/amrkandil/github_repos/thesis/Distributed-Tsetlin-Machines/experiments/results_minority/I_x_II/rule0_vs_rule11/hamming_distance.png,/Users/amrkandil/github_repos/thesis/Distributed-Tsetlin-Machines/experiments/results_minority/I_x_II/rule0_vs_rule11/lag_hamming.png,/Users/amrkandil/github_repos/thesis/Distributed-Tsetlin-Machines/experiments/results_minority/I_x_II/rule0_vs_rule11/metrics.json
0,12,I_x_II,fixed,1,0,0.0,0.0,0.0007860696517412936,0.017559465914342338,0.0,coexist,,0.44776119402985076,0.5522388059701493,early,50,fixed,1,/Users/amrkandil/github_repos/thesis/Distributed-Tsetlin-Machines/experiments/results_minority/I_x_II/rule0_vs_rule12/hamming_distance.png,/Users/amrkandil/github_repos/thesis/Distributed-Tsetlin-Machines/experiments/results_minority/I_x_II/rule0_vs_rule12/lag_hamming.png,/Users/amrkandil/github_repos/thesis/Distributed-Tsetlin-Machines/experiments/results_minority/I_x_II/rule0_vs_rule12/metrics.json
0,13,I_x_II,cycle,2,0,0.0,0.0,0.031323383084577106,0.02123648843100423,0.02985074626865671,coexist,,0.3283582089552239,0.6716417910447762,early,50,cycle,2,/Users/amrkandil/github_repos/thesis/Distributed-Tsetlin-Machines/experiments/results_minority/I_x_II/rule0_vs_rule13/hamming_distance.png,/Users/amrkandil/github_repos/thesis/Distributed-Tsetlin-Machines/experiments/results_minority/I_x_II/rule0_vs_rule13/lag_hamming.png,/Users/amrkandil/github_repos/thesis/Distributed-Tsetlin-Machines/experiments/results_minority/I_x_II/rule0_vs_rule13/metrics.json
0,14,I_x_II,fixed,1,0,0.0,0.0,0.003223880597014925,0.02184306020743801,0.0,coexist,,0.5,0.5,early,50,fixed,1,/Users/amrkandil/github_repos/thesis/Distributed-Tsetlin-Machines/experiments/results_minority/I_x_II/rule0_vs_rule14/hamming_distance.png,/Users/amrkandil/github_repos/thesis/Distributed-Tsetlin-Machines/experiments/results_minority/I_x_II/rule0_vs_rule14/lag_hamming.png,/Users/amrkandil/github_repos/thesis/Distributed-Tsetlin-Machines/experiments/results_minority/I_x_II/rule0_vs_rule14/metrics.json
0,15,I_x_II,near_cycle,2,0,0.00014962780084505793,0.00014962780084539707,0.2515422885572139,0.0288172672234112,0.24409203980099495,coexist,,0.38308457711442784,0.6169154228855721,late,150,cycle,2,/Users/amrkandil/github_repos/thesis/Distributed-Tsetlin-Machines/experiments/results_minority/I_x_II/rule0_vs_rule15/hamming_distance.png,/Users/amrkandil/github_repos/thesis/Distributed-Tsetlin-Machines/experiments/results_minority/I_x_II/rule0_vs_rule15/lag_hamming.png,/Users/amrkandil/github_repos/thesis/Distributed-Tsetlin-Machines/experiments/results_minority/I_x_II/rule0_vs_rule15/metrics.json
0,19,I_x_II,cycle,2,0,2.828030789094926e-16,0.0,0.7635820895522387,0.02247390947331322,0.7661691542288557,coexist,,0.5174129353233831,0.48258706467661694,early,50,cycle,2,/Users/amrkandil/github_repos/thesis/Distributed-Tsetlin-Machines/experiments/results_minority/I_x_II/rule0_vs_rule19/hamming_distance.png,/Users/amrkandil/github_repos/thesis/Distributed-Tsetlin-Machines/experiments/results_minority/I_x_II/rule0_vs_rule19/lag_hamming.png,/Users/amrkandil/github_repos/thesis/Distributed-Tsetlin-Machines/experiments/results_minority/I_x_II/rule0_vs_rule19/metrics.json
0,23,I_x_II,cycle,12,0,0.0,0.0,0.5139402985074628,0.014612640729091284,0.5149253731343285,coexist,,0.5443781094527363,0.4556218905472637,early,50,cycle,12,/Users/amrkandil/github_repos/thesis/Distributed-Tsetlin-Machines/experiments/results_minority/I_x_II/rule0_vs_rule23/hamming_distance.png,/Users/amrkandil/github_repos/thesis/Distributed-Tsetlin-Machines/experiments/results_minority/I_x_II/rule0_vs_rule23/lag_hamming.png,/Users/amrkandil/github_repos/thesis/Distributed-Tsetlin-Machines/experiments/results_minority/I_x_II/rule0_vs_rule23/metrics.json
0,24,I_x_II,fixed,1,0,0.0,0.0,0.0013532338308457712,0.022531335901308354,0.0,coexist,,0.5,0.5,early,50,fixed,1,/Users/amrkandil/github_repos/thesis/Distributed-Tsetlin-Machines/experiments/results_minority/I_x_II/rule0_vs_rule24/hamming_distance.png,/Users/amrkandil/github_repos/thesis/Distributed-Tsetlin-Machines/experiments/results_minority/I_x_II/rule0_vs_rule24/lag_hamming.png,/Users/amrkandil/github_repos/thesis/Distributed-Tsetlin-Machines/experiments/results_minority/I_x_II/rule0_vs_rule24/metrics.json
0,25,I_x_II,cycle,2,0,2.1210230918211945e-16,0.0,0.6390845771144279,0.02004182651430389,0.6417910447761193,coexist,,0.48258706467661694,0.5174129353233831,early,50,cycle,2,/Users/amrkandil/github_repos/thesis/Distributed-Tsetlin-Machines/experiments/results_minority/I_x_II/rule0_vs_rule25/hamming_distance.png,/Users/amrkandil/github_repos/thesis/Distributed-Tsetlin-Machines/experiments/results_minority/I_x_II/rule0_vs_rule25/lag_hamming.png,/Users/amrkandil/github_repos/thesis/Distributed-Tsetlin-Machines/experiments/results_minority/I_x_II/rule0_vs_rule25/metrics.json
0,26,I_x_II,cycle,84,0,0.0,0.0,0.13399004975124382,0.02012028874439782,0.13195273631840795,coexist,,0.42412935323383083,0.5758706467661692,late,200,near_cycle,4,/Users/amrkandil/github_repos/thesis/Distributed-Tsetlin-Machines/experiments/results_minority/I_x_II/rule0_vs_rule26/hamming_distance.png,/Users/amrkandil/github_repos/thesis/Distributed-Tsetlin-Machines/experiments/results_minority/I_x_II/rule0_vs_rule26/lag_hamming.png,/Users/amrkandil/github_repos/thesis/Distributed-Tsetlin-Machines/experiments/results_minority/I_x_II/rule0_vs_rule26/metrics.json
0,27,I_x_II,cycle,2,0,0.0,0.0,0.7532139303482586,0.025693607787764184,0.7562189054726367,coexist,,0.5074626865671642,0.4925373134328358,early,50,cycle,2,/Users/amrkandil/github_repos/thesis/Distributed-Tsetlin-Machines/experiments/results_minority/I_x_II/rule0_vs_rule27/hamming_distance.png,/Users/amrkandil/github_repos/thesis/Distributed-Tsetlin-Machines/experiments/results_minority/I_x_II/rule0_vs_rule27/lag_hamming.png,/Users/amrkandil/github_repos/thesis/Distributed-Tsetlin-Machines/experiments/results_minority/I_x_II/rule0_vs_rule27/metrics.json
0,28,I_x_II,cycle,2,0,2.1210230918211945e-16,0.0,0.11438805970149256,0.015770387790448037,0.11442786069651742,coexist,,0.43034825870646765,0.5696517412935324,early,50,cycle,2,/Users/amrkandil/github_repos/thesis/Distributed-Tsetlin-Machines/experiments/results_minority/I_x_II/rule0_vs_rule28/hamming_distance.png,/Users/amrkandil/github_repos/thesis/Distributed-Tsetlin-Machines/experiments/results_minority/I_x_II/rule0_vs_rule28/lag_hamming.png,/Users/amrkandil/github_repos/thesis/Distributed-Tsetlin-Machines/experiments/results_minority/I_x_II/rule0_vs_rule28/metrics.json
0,29,I_x_II,cycle,2,0,0.0,0.0,0.2485174129353234,0.013970886289752526,0.24875621890547264,coexist,,0.39303482587064675,0.6069651741293532,early,50,cycle,2,/Users/amrkandil/github_repos/thesis/Distributed-Tsetlin-Machines/experiments/results_minority/I_x_II/rule0_vs_rule29/hamming_distance.png,/Users/amrkandil/github_repos/thesis/Distributed-Tsetlin-Machines/experiments/results_minority/I_x_II/rule0_vs_rule29/lag_hamming.png,/Users/amrkandil/github_repos/thesis/Distributed-Tsetlin-Machines/experiments/results_minority/I_x_II/rule0_vs_rule29/metrics.json
0,33,I_x_II,cycle,2,0,0.0,0.0,0.5414925373134327,0.010324312132264818,0.5422885572139303,coexist,,0.44029850746268656,0.5597014925373134,early,50,cycle,2,/Users/amrkandil/github_repos/thesis/Distributed-Tsetlin-Machines/experiments/results_minority/I_x_II/rule0_vs_rule33/hamming_distance.png,/Users/amrkandil/github_repos/thesis/Distributed-Tsetlin-Machines/experiments/results_minority/I_x_II/rule0_vs_rule33/lag_hamming.png,/Users/amrkandil/github_repos/thesis/Distributed-Tsetlin-Machines/experiments/results_minority/I_x_II/rule0_vs_rule33/metrics.json
0,34,I_x_II,fixed,1,0,0.0,0.0,0.0019502487562189055,0.028638025966780216,0.0,coexist,,0.5,0.5,early,50,fixed,1,/Users/amrkandil/github_repos/thesis/Distributed-Tsetlin-Machines/experiments/results_minority/I_x_II/rule0_vs_rule34/hamming_distance.png,/Users/amrkandil/github_repos/thesis/Distributed-Tsetlin-Machines/experiments/results_minority/I_x_II/rule0_vs_rule34/lag_hamming.png,/Users/amrkandil/github_repos/thesis/Distributed-Tsetlin-Machines/experiments/results_minority/I_x_II/rule0_vs_rule34/metrics.json
0,35,I_x_II,cycle,2,0,0.0,0.0,0.6399303482587065,0.016535178960742473,0.6417910447761193,coexist,,0.4975124378109453,0.5024875621890548,early,50,cycle,2,/Users/amrkandil/github_repos/thesis/Distributed-Tsetlin-Machines/experiments/results_minority/I_x_II/rule0_vs_rule35/hamming_distance.png,/Users/amrkandil/github_repos/thesis/Distributed-Tsetlin-Machines/experiments/results_minority/I_x_II/rule0_vs_rule35/lag_hamming.png,/Users/amrkandil/github_repos/thesis/Distributed-Tsetlin-Machines/experiments/results_minority/I_x_II/rule0_vs_rule35/metrics.json
0,36,I_x_II,fixed,1,0,0.0,0.0,0.0011442786069651742,0.023641579559165998,0.0,coexist,,0.46766169154228854,0.5323383084577115,early,50,fixed,1,/Users/amrkandil/github_repos/thesis/Distributed-Tsetlin-Machines/experiments/results_minority/I_x_II/rule0_vs_rule36/hamming_distance.png,/Users/amrkandil/github_repos/thesis/Distributed-Tsetlin-Machines/experiments/results_minority/I_x_II/rule0_vs_rule36/lag_hamming.png,/Users/amrkandil/github_repos/thesis/Distributed-Tsetlin-Machines/experiments/results_minority/I_x_II/rule0_vs_rule36/metrics.json
0,37,I_x_II,cycle,12,0,0.0,0.0,0.16400995024875623,0.028347228388206427,0.16253731343283584,coexist,,0.40676616915422886,0.5932338308457712,early,50,cycle,12,/Users/amrkandil/github_repos/thesis/Distributed-Tsetlin-Machines/experiments/results_minority/I_x_II/rule0_vs_rule37/hamming_distance.png,/Users/amrkandil/github_repos/thesis/Distributed-Tsetlin-Machines/experiments/results_minority/I_x_II/rule0_vs_rule37/lag_hamming.png,/Users/amrkandil/github_repos/thesis/Distributed-Tsetlin-Machines/experiments/results_minority/I_x_II/rule0_vs_rule37/metrics.json
0,38,I_x_II,fixed,1,0,0.0,0.0,0.00254726368159204,0.02659614942949686,0.0,coexist,,0.5,0.5,early,50,fixed,1,/Users/amrkandil/github_repos/thesis/Distributed-Tsetlin-Machines/experiments/results_minority/I_x_II/rule0_vs_rule38/hamming_distance.png,/Users/amrkandil/github_repos/thesis/Distributed-Tsetlin-Machines/experiments/results_minority/I_x_II/rule0_vs_rule38/lag_hamming.png,/Users/amrkandil/github_repos/thesis/Distributed-Tsetlin-Machines/experiments/results_minority/I_x_II/rule0_vs_rule38/metrics.json
0,42,I_x_II,fixed,1,0,0.0,0.0,0.0019502487562189053,0.026804027305704546,0.0,coexist,,0.5,0.5,early,50,fixed,1,/Users/amrkandil/github_repos/thesis/Distributed-Tsetlin-Machines/experiments/results_minority/I_x_II/rule0_vs_rule42/hamming_distance.png,/Users/amrkandil/github_repos/thesis/Distributed-Tsetlin-Machines/experiments/results_minority/I_x_II/rule0_vs_rule42/lag_hamming.png,/Users/amrkandil/github_repos/thesis/Distributed-Tsetlin-Machines/experiments/results_minority/I_x_II/rule0_vs_rule42/metrics.json
0,43,I_x_II,cycle,2,0,4.949053880916121e-16,0.0,0.6247761194029852,0.01958683152550925,0.6268656716417912,coexist,,0.46766169154228854,0.5323383084577115,early,50,cycle,2,/Users/amrkandil/github_repos/thesis/Distributed-Tsetlin-Machines/experiments/results_minority/I_x_II/rule0_vs_rule43/hamming_distance.png,/Users/amrkandil/github_repos/thesis/Distributed-Tsetlin-Machines/experiments/results_minority/I_x_II/rule0_vs_rule43/lag_hamming.png,/Users/amrkandil/github_repos/thesis/Distributed-Tsetlin-Machines/experiments/results_minority/I_x_II/rule0_vs_rule43/metrics.json
0,44,I_x_II,fixed,1,0,0.0,0.0,0.0010447761194029852,0.02122804595111386,0.0,coexist,,0.4527363184079602,0.5472636815920398,early,50,fixed,1,/Users/amrkandil/github_repos/thesis/Distributed-Tsetlin-Machines/experiments/results_minority/I_x_II/rule0_vs_rule44/hamming_distance.png,/Users/amrkandil/github_repos/thesis/Distributed-Tsetlin-Machines/experiments/results_minority/I_x_II/rule0_vs_rule44/lag_hamming.png,/Users/amrkandil/github_repos/thesis/Distributed-Tsetlin-Machines/experiments/results_minority/I_x_II/rule0_vs_rule44/metrics.json
0,46,I_x_II,fixed,1,0,0.0,0.0,0.0029850746268656712,0.025134966489577165,0.0,coexist,,0.5,0.5,early,50,fixed,1,/Users/amrkandil/github_repos/thesis/Distributed-Tsetlin-Machines/experiments/results_minority/I_x_II/rule0_vs_rule46/hamming_distance.png,/Users/amrkandil/github_repos/thesis/Distributed-Tsetlin-Machines/experiments/results_minority/I_x_II/rule0_vs_rule46/lag_hamming.png,/Users/amrkandil/github_repos/thesis/Distributed-Tsetlin-Machines/experiments/results_minority/I_x_II/rule0_vs_rule46/metrics.json
0,50,I_x_II,cycle,2,0,0.0,0.0,0.44591044776119404,0.020089658197094278,0.44776119402985076,coexist,,0.2935323383084577,0.7064676616915423,early,50,cycle,2,/Users/amrkandil/github_repos/thesis/Distributed-Tsetlin-Machines/experiments/results_minority/I_x_II/rule0_vs_rule50/hamming_distance.png,/Users/amrkandil/github_repos/thesis/Distributed-Tsetlin-Machines/experiments/results_minority/I_x_II/rule0_vs_rule50/lag_hamming.png,/Users/amrkandil/github_repos/thesis/Distributed-Tsetlin-Machines/experiments/results_minority/I_x_II/rule0_vs_rule50/metrics.json
0,51,I_x_II,cycle,2,0,0.0,0.0,0.8223283582089556,0.027478299693317835,0.8258706467661695,coexist,,0.4054726368159204,0.5945273631840796,early,50,cycle,2,/Users/amrkandil/github_repos/thesis/Distributed-Tsetlin-Machines/experiments/results_minority/I_x_II/rule0_vs_rule51/hamming_distance.png,/Users/amrkandil/github_repos/thesis/Distributed-Tsetlin-Machines/experiments/results_minority/I_x_II/rule0_vs_rule51/lag_hamming.png,/Users/amrkandil/github_repos/thesis/Distributed-Tsetlin-Machines/experiments/results_minority/I_x_II/rule0_vs_rule51/metrics.json
0,56,I_x_II,fixed,1,0,0.0,0.0,0.0019303482587064678,0.02748208270276187,0.0,coexist,,0.5,0.5,early,50,fixed,1,/Users/amrkandil/github_repos/thesis/Distributed-Tsetlin-Machines/experiments/results_minority/I_x_II/rule0_vs_rule56/hamming_distance.png,/Users/amrkandil/github_repos/thesis/Distributed-Tsetlin-Machines/experiments/results_minority/I_x_II/rule0_vs_rule56/lag_hamming.png,/Users/amrkandil/github_repos/thesis/Distributed-Tsetlin-Machines/experiments/results_minority/I_x_II/rule0_vs_rule56/metrics.json
0,57,I_x_II,cycle,6,0,2.1210230918211945e-16,0.0,0.6502885572139303,0.022487747104421772,0.6533830845771144,coexist,,0.4916417910447761,0.5083582089552239,early,50,cycle,6,/Users/amrkandil/github_repos/thesis/Distributed-Tsetlin-Machines/experiments/results_minority/I_x_II/rule0_vs_rule57/hamming_distance.png,/Users/amrkandil/github_repos/thesis/Distributed-Tsetlin-Machines/experiments/results_minority/I_x_II/rule0_vs_rule57/lag_hamming.png,/Users/amrkandil/github_repos/thesis/Distributed-Tsetlin-Machines/experiments/results_minority/I_x_II/rule0_vs_rule57/metrics.json
0,58,I_x_II,cycle,2,0,2.828030789094926e-16,0.0,0.41616915422885575,0.0179211548979527,0.41791044776119407,coexist,,0.30597014925373134,0.6940298507462687,early,50,cycle,2,/Users/amrkandil/github_repos/thesis/Distributed-Tsetlin-Machines/experiments/results_minority/I_x_II/rule0_vs_rule58/hamming_distance.png,/Users/amrkandil/github_repos/thesis/Distributed-Tsetlin-Machines/experiments/results_minority/I_x_II/rule0_vs_rule58/lag_hamming.png,/Users/amrkandil/github_repos/thesis/Distributed-Tsetlin-Machines/experiments/results_minority/I_x_II/rule0_vs_rule58/metrics.json
0,62,I_x_II,near_cycle,4,0,0.06759652618519511,0.06759652618519493,0.1561194029850746,0.030615251613301482,0.15054726368159205,coexist,,0.47562189054726367,0.5243781094527363,late,150,cycle,12,/Users/amrkandil/github_repos/thesis/Distributed-Tsetlin-Machines/experiments/results_minority/I_x_II/rule0_vs_rule62/hamming_distance.png,/Users/amrkandil/github_repos/thesis/Distributed-Tsetlin-Machines/experiments/results_minority/I_x_II/rule0_vs_rule62/lag_hamming.png,/Users/amrkandil/github_repos/thesis/Distributed-Tsetlin-Machines/experiments/results_minority/I_x_II/rule0_vs_rule62/metrics.json
0,72,I_x_II,fixed,1,0,0.0,0.0,0.0009950248756218905,0.01832035088509649,0.0,coexist,,0.5,0.5,early,50,fixed,1,/Users/amrkandil/github_repos/thesis/Distributed-Tsetlin-Machines/experiments/results_minority/I_x_II/rule0_vs_rule72/hamming_distance.png,/Users/amrkandil/github_repos/thesis/Distributed-Tsetlin-Machines/experiments/results_minority/I_x_II/rule0_vs_rule72/lag_hamming.png,/Users/amrkandil/github_repos/thesis/Distributed-Tsetlin-Machines/experiments/results_minority/I_x_II/rule0_vs_rule72/metrics.json
0,73,I_x_II,cycle,2,0,0.0,0.0,0.5051144278606966,0.01727537419279684,0.5074626865671642,coexist,,0.4079601990049751,0.5920398009950248,early,50,cycle,2,/Users/amrkandil/github_repos/thesis/Distributed-Tsetlin-Machines/experiments/results_minority/I_x_II/rule0_vs_rule73/hamming_distance.png,/Users/amrkandil/github_repos/thesis/Distributed-Tsetlin-Machines/experiments/results_minority/I_x_II/rule0_vs_rule73/lag_hamming.png,/Users/amrkandil/github_repos/thesis/Distributed-Tsetlin-Machines/experiments/results_minority/I_x_II/rule0_vs_rule73/metrics.json
0,74,I_x_II,fixed,1,0,0.0,0.0,0.0015721393034825871,0.020836296069127767,0.0,coexist,,0.5,0.5,early,50,fixed,1,/Users/amrkandil/github_repos/thesis/Distributed-Tsetlin-Machines/experiments/results_minority/I_x_II/rule0_vs_rule74/hamming_distance.png,/Users/amrkandil/github_repos/thesis/Distributed-Tsetlin-Machines/experiments/results_minority/I_x_II/rule0_vs_rule74/lag_hamming.png,/Users/amrkandil/github_repos/thesis/Distributed-Tsetlin-Machines/experiments/results_minority/I_x_II/rule0_vs_rule74/metrics.json
0,76,I_x_II,fixed,1,0,0.0,0.0,0.0006965174129353234,0.015559020430429926,0.0,coexist,,0.43034825870646765,0.5696517412935324,early,50,fixed,1,/Users/amrkandil/github_repos/thesis/Distributed-Tsetlin-Machines/experiments/results_minority/I_x_II/rule0_vs_rule76/hamming_distance.png,/Users/amrkandil/github_repos/thesis/Distributed-Tsetlin-Machines/experiments/results_minority/I_x_II/rule0_vs_rule76/lag_hamming.png,/Users/amrkandil/github_repos/thesis/Distributed-Tsetlin-Machines/experiments/results_minority/I_x_II/rule0_vs_rule76/metrics.json
0,77,I_x_II,cycle,2,0,0.0,0.0,0.016288557213930348,0.01913381609205539,0.014925373134328354,coexist,,0.3208955223880597,0.6791044776119403,early,50,cycle,2,/Users/amrkandil/github_repos/thesis/Distributed-Tsetlin-Machines/experiments/results_minority/I_x_II/rule0_vs_rule77/hamming_distance.png,/Users/amrkandil/github_repos/thesis/Distributed-Tsetlin-Machines/experiments/results_minority/I_x_II/rule0_vs_rule77/lag_hamming.png,/Users/amrkandil/github_repos/thesis/Distributed-Tsetlin-Machines/experiments/results_minority/I_x_II/rule0_vs_rule77/metrics.json
0,78,I_x_II,cycle,2,0,0.0,0.0,0.1290547263681592,0.013238318918762173,0.1293532338308458,coexist,,0.4154228855721393,0.5845771144278606,early,50,cycle,2,/Users/amrkandil/github_repos/thesis/Distributed-Tsetlin-Machines/experiments/results_minority/I_x_II/rule0_vs_rule78/hamming_distance.png,/Users/amrkandil/github_repos/thesis/Distributed-Tsetlin-Machines/experiments/results_minority/I_x_II/rule0_vs_rule78/lag_hamming.png,/Users/amrkandil/github_repos/thesis/Distributed-Tsetlin-Machines/experiments/results_minority/I_x_II/rule0_vs_rule78/metrics.json
0,94,I_x_II,cycle,8,0,2.1210230918211945e-16,0.0,0.23295522388059703,0.016423204332694993,0.23383084577114424,coexist,,0.43721393034825873,0.5627860696517413,early,50,cycle,8,/Users/amrkandil/github_repos/thesis/Distributed-Tsetlin-Machines/experiments/results_minority/I_x_II/rule0_vs_rule94/hamming_distance.png,/Users/amrkandil/github_repos/thesis/Distributed-Tsetlin-Machines/experiments/results_minority/I_x_II/rule0_vs_rule94/lag_hamming.png,/Users/amrkandil/github_repos/thesis/Distributed-Tsetlin-Machines/experiments/results_minority/I_x_II/rule0_vs_rule94/metrics.json
0,104,I_x_II,fixed,1,0,0.0,0.0,0.0013134328358208956,0.022112345373688842,0.0,coexist,,0.5,0.5,early,50,fixed,1,/Users/amrkandil/github_repos/thesis/Distributed-Tsetlin-Machines/experiments/results_minority/I_x_II/rule0_vs_rule104/hamming_distance.png,/Users/amrkandil/github_repos/thesis/Distributed-Tsetlin-Machines/experiments/results_minority/I_x_II/rule0_vs_rule104/lag_hamming.png,/Users/amrkandil/github_repos/thesis/Distributed-Tsetlin-Machines/experiments/results_minority/I_x_II/rule0_vs_rule104/metrics.json
0,108,I_x_II,cycle,2,0,3.535038486368658e-16,0.0,0.0059203980099502476,0.018917186734859277,0.004975124378109451,coexist,,0.43034825870646765,0.5696517412935324,early,50,cycle,2,/Users/amrkandil/github_repos/thesis/Distributed-Tsetlin-Machines/experiments/results_minority/I_x_II/rule0_vs_rule108/hamming_distance.png,/Users/amrkandil/github_repos/thesis/Distributed-Tsetlin-Machines/experiments/results_minority/I_x_II/rule0_vs_rule108/lag_hamming.png,/Users/amrkandil/github_repos/thesis/Distributed-Tsetlin-Machines/experiments/results_minority/I_x_II/rule0_vs_rule108/metrics.json
0,130,I_x_II,fixed,1,0,0.0,0.0,0.0014328358208955223,0.021597459026012466,0.0,coexist,,0.5,0.5,early,50,fixed,1,/Users/amrkandil/github_repos/thesis/Distributed-Tsetlin-Machines/experiments/results_minority/I_x_II/rule0_vs_rule130/hamming_distance.png,/Users/amrkandil/github_repos/thesis/Distributed-Tsetlin-Machines/experiments/results_minority/I_x_II/rule0_vs_rule130/lag_hamming.png,/Users/amrkandil/github_repos/thesis/Distributed-Tsetlin-Machines/experiments/results_minority/I_x_II/rule0_vs_rule130/metrics.json
0,132,I_x_II,fixed,1,0,2.1210230918211945e-16,0.0,0.0008656716417910448,0.01681836656823174,0.0,coexist,,0.4651741293532338,0.5348258706467661,early,50,fixed,1,/Users/amrkandil/github_repos/thesis/Distributed-Tsetlin-Machines/experiments/results_minority/I_x_II/rule0_vs_rule132/hamming_distance.png,/Users/amrkandil/github_repos/thesis/Distributed-Tsetlin-Machines/experiments/results_minority/I_x_II/rule0_vs_rule132/lag_hamming.png,/Users/amrkandil/github_repos/thesis/Distributed-Tsetlin-Machines/experiments/results_minority/I_x_II/rule0_vs_rule132/metrics.json
0,134,I_x_II,fixed,1,0,0.0,0.0,0.0023283582089552233,0.020131111542567852,0.0,coexist,,0.5,0.5,early,50,fixed,1,/Users/amrkandil/github_repos/thesis/Distributed-Tsetlin-Machines/experiments/results_minority/I_x_II/rule0_vs_rule134/hamming_distance.png,/Users/amrkandil/github_repos/thesis/Distributed-Tsetlin-Machines/experiments/results_minority/I_x_II/rule0_vs_rule134/lag_hamming.png,/Users/amrkandil/github_repos/thesis/Distributed-Tsetlin-Machines/experiments/results_minority/I_x_II/rule0_vs_rule134/metrics.json
0,138,I_x_II,fixed,1,0,0.0,0.0,0.0014328358208955225,0.01975885914069228,0.0,coexist,,0.5,0.5,early,50,fixed,1,/Users/amrkandil/github_repos/thesis/Distributed-Tsetlin-Machines/experiments/results_minority/I_x_II/rule0_vs_rule138/hamming_distance.png,/Users/amrkandil/github_repos/thesis/Distributed-Tsetlin-Machines/experiments/results_minority/I_x_II/rule0_vs_rule138/lag_hamming.png,/Users/amrkandil/github_repos/thesis/Distributed-Tsetlin-Machines/experiments/results_minority/I_x_II/rule0_vs_rule138/metrics.json
0,140,I_x_II,fixed,1,0,0.0,0.0,0.000736318407960199,0.014314268915898865,0.0,coexist,,0.43781094527363185,0.5621890547263682,early,50,fixed,1,/Users/amrkandil/github_repos/thesis/Distributed-Tsetlin-Machines/experiments/results_minority/I_x_II/rule0_vs_rule140/hamming_distance.png,/Users/amrkandil/github_repos/thesis/Distributed-Tsetlin-Machines/experiments/results_minority/I_x_II/rule0_vs_rule140/lag_hamming.png,/Users/amrkandil/github_repos/thesis/Distributed-Tsetlin-Machines/experiments/results_minority/I_x_II/rule0_vs_rule140/metrics.json
0,142,I_x_II,fixed,1,0,0.0,0.0,0.0034427860696517416,0.020153329235888463,0.0,coexist,,0.5,0.5,early,50,fixed,1,/Users/amrkandil/github_repos/thesis/Distributed-Tsetlin-Machines/experiments/results_minority/I_x_II/rule0_vs_rule142/hamming_distance.png,/Users/amrkandil/github_repos/thesis/Distributed-Tsetlin-Machines/experiments/results_minority/I_x_II/rule0_vs_rule142/lag_hamming.png,/Users/amrkandil/github_repos/thesis/Distributed-Tsetlin-Machines/experiments/results_minority/I_x_II/rule0_vs_rule142/metrics.json
0,152,I_x_II,fixed,1,0,0.0,0.0,0.0015323383084577113,0.02029529776593913,0.0,coexist,,0.5,0.5,early,50,fixed,1,/Users/amrkandil/github_repos/thesis/Distributed-Tsetlin-Machines/experiments/results_minority/I_x_II/rule0_vs_rule152/hamming_distance.png,/Users/amrkandil/github_repos/thesis/Distributed-Tsetlin-Machines/experiments/results_minority/I_x_II/rule0_vs_rule152/lag_hamming.png,/Users/amrkandil/github_repos/thesis/Distributed-Tsetlin-Machines/experiments/results_minority/I_x_II/rule0_vs_rule152/metrics.json
0,154,I_x_II,cycle,84,0,3.535038486368658e-16,0.0,0.10617910447761195,0.02354502829089149,0.10208955223880598,coexist,,0.4391044776119403,0.5608955223880597,late,150,near_cycle,4,/Users/amrkandil/github_repos/thesis/Distributed-Tsetlin-Machines/experiments/results_minority/I_x_II/rule0_vs_rule154/hamming_distance.png,/Users/amrkandil/github_repos/thesis/Distributed-Tsetlin-Machines/experiments/results_minority/I_x_II/rule0_vs_rule154/lag_hamming.png,/Users/amrkandil/github_repos/thesis/Distributed-Tsetlin-Machines/experiments/results_minority/I_x_II/rule0_vs_rule154/metrics.json
0,156,I_x_II,cycle,2,0,0.0,0.0,0.11953233830845768,0.01179148979994409,0.11940298507462684,coexist,,0.4054726368159204,0.5945273631840796,early,50,cycle,2,/Users/amrkandil/github_repos/thesis/Distributed-Tsetlin-Machines/experiments/results_minority/I_x_II/rule0_vs_rule156/hamming_distance.png,/Users/amrkandil/github_repos/thesis/Distributed-Tsetlin-Machines/experiments/results_minority/I_x_II/rule0_vs_rule156/lag_hamming.png,/Users/amrkandil/github_repos/thesis/Distributed-Tsetlin-Machines/experiments/results_minority/I_x_II/rule0_vs_rule156/metrics.json
0,162,I_x_II,fixed,1,0,0.0,0.0,0.001970149253731343,0.026607932645199898,0.0,coexist,,0.5,0.5,early,50,fixed,1,/Users/amrkandil/github_repos/thesis/Distributed-Tsetlin-Machines/experiments/results_minority/I_x_II/rule0_vs_rule162/hamming_distance.png,/Users/amrkandil/github_repos/thesis/Distributed-Tsetlin-Machines/experiments/results_minority/I_x_II/rule0_vs_rule162/lag_hamming.png,/Users/amrkandil/github_repos/thesis/Distributed-Tsetlin-Machines/experiments/results_minority/I_x_II/rule0_vs_rule162/metrics.json
0,164,I_x_II,fixed,1,0,0.0,0.0,0.0011044776119402983,0.020614502154232453,0.0,coexist,,0.4601990049751244,0.5398009950248757,early,50,fixed,1,/Users/amrkandil/github_repos/thesis/Distributed-Tsetlin-Machines/experiments/results_minority/I_x_II/rule0_vs_rule164/hamming_distance.png,/Users/amrkandil/github_repos/thesis/Distributed-Tsetlin-Machines/experiments/results_minority/I_x_II/rule0_vs_rule164/lag_hamming.png,/Users/amrkandil/github_repos/thesis/Distributed-Tsetlin-Machines/experiments/results_minority/I_x_II/rule0_vs_rule164/metrics.json
0,170,I_x_II,fixed,1,0,0.0,0.0,0.0019104477611940297,0.024391581210119466,0.0,coexist,,0.5,0.5,early,50,fixed,1,/Users/amrkandil/github_repos/thesis/Distributed-Tsetlin-Machines/experiments/results_minority/I_x_II/rule0_vs_rule170/hamming_distance.png,/Users/amrkandil/github_repos/thesis/Distributed-Tsetlin-Machines/experiments/results_minority/I_x_II/rule0_vs_rule170/lag_hamming.png,/Users/amrkandil/github_repos/thesis/Distributed-Tsetlin-Machines/experiments/results_minority/I_x_II/rule0_vs_rule170/metrics.json
0,172,I_x_II,fixed,1,0,2.1210230918211945e-16,0.0,0.0009950248756218907,0.018138405590962043,0.0,coexist,,0.44029850746268656,0.5597014925373134,early,50,fixed,1,/Users/amrkandil/github_repos/thesis/Distributed-Tsetlin-Machines/experiments/results_minority/I_x_II/rule0_vs_rule172/hamming_distance.png,/Users/amrkandil/github_repos/thesis/Distributed-Tsetlin-Machines/experiments/results_minority/I_x_II/rule0_vs_rule172/lag_hamming.png,/Users/amrkandil/github_repos/thesis/Distributed-Tsetlin-Machines/experiments/results_minority/I_x_II/rule0_vs_rule172/metrics.json
0,178,I_x_II,cycle,2,0,0.0,0.0,0.5101094527363186,0.01946346995544137,0.5124378109452737,coexist,,0.27114427860696516,0.7288557213930348,early,50,cycle,2,/Users/amrkandil/github_repos/thesis/Distributed-Tsetlin-Machines/experiments/results_minority/I_x_II/rule0_vs_rule178/hamming_distance.png,/Users/amrkandil/github_repos/thesis/Distributed-Tsetlin-Machines/experiments/results_minority/I_x_II/rule0_vs_rule178/lag_hamming.png,/Users/amrkandil/github_repos/thesis/Distributed-Tsetlin-Machines/experiments/results_minority/I_x_II/rule0_vs_rule178/metrics.json
0,184,I_x_II,fixed,1,0,0.0,0.0,0.002388059701492537,0.026103809607371877,0.0,coexist,,0.5,0.5,early,50,fixed,1,/Users/amrkandil/github_repos/thesis/Distributed-Tsetlin-Machines/experiments/results_minority/I_x_II/rule0_vs_rule184/hamming_distance.png,/Users/amrkandil/github_repos/thesis/Distributed-Tsetlin-Machines/experiments/results_minority/I_x_II/rule0_vs_rule184/lag_hamming.png,/Users/amrkandil/github_repos/thesis/Distributed-Tsetlin-Machines/experiments/results_minority/I_x_II/rule0_vs_rule184/metrics.json
0,200,I_x_II,fixed,1,0,0.0,0.0,0.0009950248756218905,0.015050881911394259,0.0,coexist,,0.5,0.5,early,50,fixed,1,/Users/amrkandil/github_repos/thesis/Distributed-Tsetlin-Machines/experiments/results_minority/I_x_II/rule0_vs_rule200/hamming_distance.png,/Users/amrkandil/github_repos/thesis/Distributed-Tsetlin-Machines/experiments/results_minority/I_x_II/rule0_vs_rule200/lag_hamming.png,/Users/amrkandil/github_repos/thesis/Distributed-Tsetlin-Machines/experiments/results_minority/I_x_II/rule0_vs_rule200/metrics.json
0,204,I_x_II,fixed,1,0,0.0,0.0,0.0006467661691542288,0.012252449621188391,0.0,coexist,,0.4228855721393035,0.5771144278606966,early,50,fixed,1,/Users/amrkandil/github_repos/thesis/Distributed-Tsetlin-Machines/experiments/results_minority/I_x_II/rule0_vs_rule204/hamming_distance.png,/Users/amrkandil/github_repos/thesis/Distributed-Tsetlin-Machines/experiments/results_minority/I_x_II/rule0_vs_rule204/lag_hamming.png,/Users/amrkandil/github_repos/thesis/Distributed-Tsetlin-Machines/experiments/results_minority/I_x_II/rule0_vs_rule204/metrics.json
0,232,I_x_II,fixed,1,0,0.0,0.0,0.0013134328358208954,0.01890698082489042,0.0,coexist,,0.5,0.5,early,50,fixed,1,/Users/amrkandil/github_repos/thesis/Distributed-Tsetlin-Machines/experiments/results_minority/I_x_II/rule0_vs_rule232/hamming_distance.png,/Users/amrkandil/github_repos/thesis/Distributed-Tsetlin-Machines/experiments/results_minority/I_x_II/rule0_vs_rule232/lag_hamming.png,/Users/amrkandil/github_repos/thesis/Distributed-Tsetlin-Machines/experiments/results_minority/I_x_II/rule0_vs_rule232/metrics.json
8,1,I_x_II,cycle,12,0,0.0,0.0,0.47435820895522385,0.020663413536818873,0.4742661691542288,coexist,,0.42781094527363184,0.5721890547263682,early,50,cycle,12,/Users/amrkandil/github_repos/thesis/Distributed-Tsetlin-Machines/experiments/results_minority/I_x_II/rule8_vs_rule1/hamming_distance.png,/Users/amrkandil/github_repos/thesis/Distributed-Tsetlin-Machines/experiments/results_minority/I_x_II/rule8_vs_rule1/lag_hamming.png,/Users/amrkandil/github_repos/thesis/Distributed-Tsetlin-Machines/experiments/results_minority/I_x_II/rule8_vs_rule1/metrics.json
8,2,I_x_II,fixed,1,0,0.0,0.0,0.00145273631840796,0.022728607290518257,0.0,coexist,,0.5,0.5,early,50,fixed,1,/Users/amrkandil/github_repos/thesis/Distributed-Tsetlin-Machines/experiments/results_minority/I_x_II/rule8_vs_rule2/hamming_distance.png,/Users/amrkandil/github_repos/thesis/Distributed-Tsetlin-Machines/experiments/results_minority/I_x_II/rule8_vs_rule2/lag_hamming.png,/Users/amrkandil/github_repos/thesis/Distributed-Tsetlin-Machines/experiments/results_minority/I_x_II/rule8_vs_rule2/metrics.json
8,3,I_x_II,cycle,4,0,5.656061578189852e-16,0.0,0.5004079601990049,0.010038509056016297,0.5,coexist,,0.513681592039801,0.486318407960199,early,50,cycle,4,/Users/amrkandil/github_repos/thesis/Distributed-Tsetlin-Machines/experiments/results_minority/I_x_II/rule8_vs_rule3/hamming_distance.png,/Users/amrkandil/github_repos/thesis/Distributed-Tsetlin-Machines/experiments/results_minority/I_x_II/rule8_vs_rule3/lag_hamming.png,/Users/amrkandil/github_repos/thesis/Distributed-Tsetlin-Machines/experiments/results_minority/I_x_II/rule8_vs_rule3/metrics.json
8,4,I_x_II,fixed,1,0,0.0,0.0,0.0008955223880597015,0.018110819477155243,0.0,coexist,,0.472636815920398,0.527363184079602,early,50,fixed,1,/Users/amrkandil/github_repos/thesis/Distributed-Tsetlin-Machines/experiments/results_minority/I_x_II/rule8_vs_rule4/hamming_distance.png,/Users/amrkandil/github_repos/thesis/Distributed-Tsetlin-Machines/experiments/results_minority/I_x_II/rule8_vs_rule4/lag_hamming.png,/Users/amrkandil/github_repos/thesis/Distributed-Tsetlin-Machines/experiments/results_minority/I_x_II/rule8_vs_rule4/metrics.json
8,5,I_x_II,cycle,4,0,0.0,0.0,0.009004975124378107,0.031704426569368394,0.004975124378109451,coexist,,0.31592039800995025,0.6840796019900498,early,50,cycle,4,/Users/amrkandil/github_repos/thesis/Distributed-Tsetlin-Machines/experiments/results_minority/I_x_II/rule8_vs_rule5/hamming_distance.png,/Users/amrkandil/github_repos/thesis/Distributed-Tsetlin-Machines/experiments/results_minority/I_x_II/rule8_vs_rule5/lag_hamming.png,/Users/amrkandil/github_repos/thesis/Distributed-Tsetlin-Machines/experiments/results_minority/I_x_II/rule8_vs_rule5/metrics.json
8,6,I_x_II,near_cycle,1,1,0.03294776119402965,0.0665547263681592,0.06730348258706467,0.019279628283009543,0.0665547263681592,coexist,,0.49417910447761193,0.5058208955223881,early,50,near_cycle,1,/Users/amrkandil/github_repos/thesis/Distributed-Tsetlin-Machines/experiments/results_minority/I_x_II/rule8_vs_rule6/hamming_distance.png,/Users/amrkandil/github_repos/thesis/Distributed-Tsetlin-Machines/experiments/results_minority/I_x_II/rule8_vs_rule6/lag_hamming.png,/Users/amrkandil/github_repos/thesis/Distributed-Tsetlin-Machines/experiments/results_minority/I_x_II/rule8_vs_rule6/metrics.json
8,7,I_x_II,cycle,4,0,2.828030789094926e-16,0.0,0.2754925373134329,0.01672272742806479,0.27611940298507465,coexist,,0.47512437810945274,0.5248756218905473,early,100,cycle,4,/Users/amrkandil/github_repos/thesis/Distributed-Tsetlin-Machines/experiments/results_minority/I_x_II/rule8_vs_rule7/hamming_distance.png,/Users/amrkandil/github_repos/thesis/Distributed-Tsetlin-Machines/experiments/results_minority/I_x_II/rule8_vs_rule7/lag_hamming.png,/Users/amrkandil/github_repos/thesis/Distributed-Tsetlin-Machines/experiments/results_minority/I_x_II/rule8_vs_rule7/metrics.json
8,9,I_x_II,cycle,12,0,2.1210230918211945e-16,0.0,0.47334328358208955,0.014314044121505224,0.4751741293532338,coexist,,0.4118407960199005,0.5881592039800995,early,50,cycle,12,/Users/amrkandil/github_repos/thesis/Distributed-Tsetlin-Machines/experiments/results_minority/I_x_II/rule8_vs_rule9/hamming_distance.png,/Users/amrkandil/github_repos/thesis/Distributed-Tsetlin-Machines/experiments/results_minority/I_x_II/rule8_vs_rule9/lag_hamming.png,/Users/amrkandil/github_repos/thesis/Distributed-Tsetlin-Machines/experiments/results_minority/I_x_II/rule8_vs_rule9/metrics.json
8,10,I_x_II,fixed,1,0,0.0,0.0,0.0016915422885572138,0.02132025105671039,0.0,coexist,,0.5,0.5,early,50,fixed,1,/Users/amrkandil/github_repos/thesis/Distributed-Tsetlin-Machines/experiments/results_minority/I_x_II/rule8_vs_rule10/hamming_distance.png,/Users/amrkandil/github_repos/thesis/Distributed-Tsetlin-Machines/experiments/results_minority/I_x_II/rule8_vs_rule10/lag_hamming.png,/Users/amrkandil/github_repos/thesis/Distributed-Tsetlin-Machines/experiments/results_minority/I_x_II/rule8_vs_rule10/metrics.json
8,11,I_x_II,cycle,4,0,2.1210230918211945e-16,0.0,0.49906467661691545,0.013616449167404709,0.5,coexist,,0.513681592039801,0.486318407960199,early,50,cycle,4,/Users/amrkandil/github_repos/thesis/Distributed-Tsetlin-Machines/experiments/results_minority/I_x_II/rule8_vs_rule11/hamming_distance.png,/Users/amrkandil/github_repos/thesis/Distributed-Tsetlin-Machines/experiments/results_minority/I_x_II/rule8_vs_rule11/lag_hamming.png,/Users/amrkandil/github_repos/thesis/Distributed-Tsetlin-Machines/experiments/results_minority/I_x_II/rule8_vs_rule11/metrics.json
8,12,I_x_II,fixed,1,0,0.0,0.0,0.0007860696517412937,0.015683116702404857,0.0,coexist,,0.44776119402985076,0.5522388059701493,early,50,fixed,1,/Users/amrkandil/github_repos/thesis/Distributed-Tsetlin-Machines/experiments/results_minority/I_x_II/rule8_vs_rule12/hamming_distance.png,/Users/amrkandil/github_repos/thesis/Distributed-Tsetlin-Machines/experiments/results_minority/I_x_II/rule8_vs_rule12/lag_hamming.png,/Users/amrkandil/github_repos/thesis/Distributed-Tsetlin-Machines/experiments/results_minority/I_x_II/rule8_vs_rule12/metrics.json
8,13,I_x_II,fixed,1,0,0.0,0.0,0.0017810945273631844,0.02175093198012239,0.0,coexist,,0.31840796019900497,0.681592039800995,early,50,fixed,1,/Users/amrkandil/github_repos/thesis/Distributed-Tsetlin-Machines/experiments/results_minority/I_x_II/rule8_vs_rule13/hamming_distance.png,/Users/amrkandil/github_repos/thesis/Distributed-Tsetlin-Machines/experiments/results_minority/I_x_II/rule8_vs_rule13/lag_hamming.png,/Users/amrkandil/github_repos/thesis/Distributed-Tsetlin-Machines/experiments/results_minority/I_x_II/rule8_vs_rule13/metrics.json
8,14,I_x_II,near_cycle,1,1,0.05033582089552249,0.1088681592039801,0.10925373134328359,0.017856746469344126,0.1088681592039801,coexist,,0.4916417910447761,0.5083582089552239,late,150,near_cycle,1,/Users/amrkandil/github_repos/thesis/Distributed-Tsetlin-Machines/experiments/results_minority/I_x_II/rule8_vs_rule14/hamming_distance.png,/Users/amrkandil/github_repos/thesis/Distributed-Tsetlin-Machines/experiments/results_minority/I_x_II/rule8_vs_rule14/lag_hamming.png,/Users/amrkandil/github_repos/thesis/Distributed-Tsetlin-Machines/experiments/results_minority/I_x_II/rule8_vs_rule14/metrics.json
8,15,I_x_II,cycle,4,0,0.0,0.0,0.2952139303482587,0.03329535075162479,0.2985074626865672,coexist,,0.503731343283582,0.4962686567164179,early,50,cycle,4,/Users/amrkandil/github_repos/thesis/Distributed-Tsetlin-Machines/experiments/results_minority/I_x_II/rule8_vs_rule15/hamming_distance.png,/Users/amrkandil/github_repos/thesis/Distributed-Tsetlin-Machines/experiments/results_minority/I_x_II/rule8_vs_rule15/lag_hamming.png,/Users/amrkandil/github_repos/thesis/Distributed-Tsetlin-Machines/experiments/results_minority/I_x_II/rule8_vs_rule15/metrics.json
8,19,I_x_II,near_cycle,24,0,0.21890547263681603,0.21890547263681592,0.6266268656716418,0.02470072646650439,0.6298507462686567,coexist,,0.531592039800995,0.468407960199005,late,150,near_cycle,24,/Users/amrkandil/github_repos/thesis/Distributed-Tsetlin-Machines/experiments/results_minority/I_x_II/rule8_vs_rule19/hamming_distance.png,/Users/amrkandil/github_repos/thesis/Distributed-Tsetlin-Machines/experiments/results_minority/I_x_II/rule8_vs_rule19/lag_hamming.png,/Users/amrkandil/github_repos/thesis/Distributed-Tsetlin-Machines/experiments/results_minority/I_x_II/rule8_vs_rule19/metrics.json
8,23,I_x_II,cycle,12,0,7.070076972737315e-17,0.0,0.12990049751243782,0.052014657700760976,0.11776119402985072,coexist,,0.5312437810945274,0.46875621890547264,early,50,cycle,12,/Users/amrkandil/github_repos/thesis/Distributed-Tsetlin-Machines/experiments/results_minority/I_x_II/rule8_vs_rule23/hamming_distance.png,/Users/amrkandil/github_repos/thesis/Distributed-Tsetlin-Machines/experiments/results_minority/I_x_II/rule8_vs_rule23/lag_hamming.png,/Users/amrkandil/github_repos/thesis/Distributed-Tsetlin-Machines/experiments/results_minority/I_x_II/rule8_vs_rule23/metrics.json
8,24,I_x_II,fixed,1,0,0.0,0.0,0.00145273631840796,0.021478906678256807,0.0,coexist,,0.5,0.5,early,50,fixed,1,/Users/amrkandil/github_repos/thesis/Distributed-Tsetlin-Machines/experiments/results_minority/I_x_II/rule8_vs_rule24/hamming_distance.png,/Users/amrkandil/github_repos/thesis/Distributed-Tsetlin-Machines/experiments/results_minority/I_x_II/rule8_vs_rule24/lag_hamming.png,/Users/amrkandil/github_repos/thesis/Distributed-Tsetlin-Machines/experiments/results_minority/I_x_II/rule8_vs_rule24/metrics.json
8,25,I_x_II,cycle,16,0,0.0,0.0,0.5378109452736319,0.0201955735633991,0.5385572139303482,coexist,,0.5127860696517413,0.4872139303482587,early,100,cycle,16,/Users/amrkandil/github_repos/thesis/Distributed-Tsetlin-Machines/experiments/results_minority/I_x_II/rule8_vs_rule25/hamming_distance.png,/Users/amrkandil/github_repos/thesis/Distributed-Tsetlin-Machines/experiments/results_minority/I_x_II/rule8_vs_rule25/lag_hamming.png,/Users/amrkandil/github_repos/thesis/Distributed-Tsetlin-Machines/experiments/results_minority/I_x_II/rule8_vs_rule25/metrics.json
8,26,I_x_II,cycle,28,0,0.0,0.0,0.14739303482587066,0.019734459076140035,0.14567164179104478,coexist,,0.4161194029850746,0.5838805970149253,early,50,cycle,28,/Users/amrkandil/github_repos/thesis/Distributed-Tsetlin-Machines/experiments/results_minority/I_x_II/rule8_vs_rule26/hamming_distance.png,/Users/amrkandil/github_repos/thesis/Distributed-Tsetlin-Machines/experiments/results_minority/I_x_II/rule8_vs_rule26/lag_hamming.png,/Users/amrkandil/github_repos/thesis/Distributed-Tsetlin-Machines/experiments/results_minority/I_x_II/rule8_vs_rule26/metrics.json
8,27,I_x_II,near_cycle,24,0,0.20562967655093237,0.20562967655093234,0.6228059701492537,0.029796860152184468,0.625497512437811,coexist,,0.5338308457711443,0.46616915422885574,late,334,near_cycle,24,/Users/amrkandil/github_repos/thesis/Distributed-Tsetlin-Machines/experiments/results_minority/I_x_II/rule8_vs_rule27/hamming_distance.png,/Users/amrkandil/github_repos/thesis/Distributed-Tsetlin-Machines/experiments/results_minority/I_x_II/rule8_vs_rule27/lag_hamming.png,/Users/amrkandil/github_repos/thesis/Distributed-Tsetlin-Machines/experiments/results_minority/I_x_II/rule8_vs_rule27/metrics.json
8,28,I_x_II,cycle,2,0,2.828030789094926e-16,0.0,0.10948258706467658,0.013517298490498231,0.10945273631840792,coexist,,0.42786069651741293,0.572139303482587,early,50,cycle,2,/Users/amrkandil/github_repos/thesis/Distributed-Tsetlin-Machines/experiments/results_minority/I_x_II/rule8_vs_rule28/hamming_distance.png,/Users/amrkandil/github_repos/thesis/Distributed-Tsetlin-Machines/experiments/results_minority/I_x_II/rule8_vs_rule28/lag_hamming.png,/Users/amrkandil/github_repos/thesis/Distributed-Tsetlin-Machines/experiments/results_minority/I_x_II/rule8_vs_rule28/metrics.json
8,29,I_x_II,cycle,2,0,0.0,0.0,0.24343283582089542,0.012369063738972641,0.2437810945273631,coexist,,0.3855721393034826,0.6144278606965174,early,50,cycle,2,/Users/amrkandil/github_repos/thesis/Distributed-Tsetlin-Machines/experiments/results_minority/I_x_II/rule8_vs_rule29/hamming_distance.png,/Users/amrkandil/github_repos/thesis/Distributed-Tsetlin-Machines/experiments/results_minority/I_x_II/rule8_vs_rule29/lag_hamming.png,/Users/amrkandil/github_repos/thesis/Distributed-Tsetlin-Machines/experiments/results_minority/I_x_II/rule8_vs_rule29/metrics.json
8,33,I_x_II,cycle,12,0,7.070076972737315e-17,0.0,0.4729651741293532,0.01590923426994722,0.4726119402985074,coexist,,0.41955223880597015,0.5804477611940299,early,50,cycle,12,/Users/amrkandil/github_repos/thesis/Distributed-Tsetlin-Machines/experiments/results_minority/I_x_II/rule8_vs_rule33/hamming_distance.png,/Users/amrkandil/github_repos/thesis/Distributed-Tsetlin-Machines/experiments/results_minority/I_x_II/rule8_vs_rule33/lag_hamming.png,/Users/amrkandil/github_repos/thesis/Distributed-Tsetlin-Machines/experiments/results_minority/I_x_II/rule8_vs_rule33/metrics.json
8,34,I_x_II,fixed,1,0,0.0,0.0,0.0019502487562189051,0.027348859208338547,0.0,coexist,,0.5,0.5,early,50,fixed,1,/Users/amrkandil/github_repos/thesis/Distributed-Tsetlin-Machines/experiments/results_minority/I_x_II/rule8_vs_rule34/hamming_distance.png,/Users/amrkandil/github_repos/thesis/Distributed-Tsetlin-Machines/experiments/results_minority/I_x_II/rule8_vs_rule34/lag_hamming.png,/Users/amrkandil/github_repos/thesis/Distributed-Tsetlin-Machines/experiments/results_minority/I_x_II/rule8_vs_rule34/metrics.json
8,35,I_x_II,cycle,4,0,2.1210230918211945e-16,0.0,0.5009054726368158,0.017610026036452335,0.5,coexist,,0.503731343283582,0.4962686567164179,early,50,cycle,4,/Users/amrkandil/github_repos/thesis/Distributed-Tsetlin-Machines/experiments/results_minority/I_x_II/rule8_vs_rule35/hamming_distance.png,/Users/amrkandil/github_repos/thesis/Distributed-Tsetlin-Machines/experiments/results_minority/I_x_II/rule8_vs_rule35/lag_hamming.png,/Users/amrkandil/github_repos/thesis/Distributed-Tsetlin-Machines/experiments/results_minority/I_x_II/rule8_vs_rule35/metrics.json
8,36,I_x_II,fixed,1,0,0.0,0.0,0.0012039800995024877,0.02202100205646874,0.0,coexist,,0.47512437810945274,0.5248756218905473,early,50,fixed,1,/Users/amrkandil/github_repos/thesis/Distributed-Tsetlin-Machines/experiments/results_minority/I_x_II/rule8_vs_rule36/hamming_distance.png,/Users/amrkandil/github_repos/thesis/Distributed-Tsetlin-Machines/experiments/results_minority/I_x_II/rule8_vs_rule36/lag_hamming.png,/Users/amrkandil/github_repos/thesis/Distributed-Tsetlin-Machines/experiments/results_minority/I_x_II/rule8_vs_rule36/metrics.json
8,37,I_x_II,cycle,8,0,2.1210230918211945e-16,0.0,0.15330348258706467,0.023688804871723437,0.1517412935323383,coexist,,0.40238805970149255,0.5976119402985075,early,50,cycle,8,/Users/amrkandil/github_repos/thesis/Distributed-Tsetlin-Machines/experiments/results_minority/I_x_II/rule8_vs_rule37/hamming_distance.png,/Users/amrkandil/github_repos/thesis/Distributed-Tsetlin-Machines/experiments/results_minority/I_x_II/rule8_vs_rule37/lag_hamming.png,/Users/amrkandil/github_repos/thesis/Distributed-Tsetlin-Machines/experiments/results_minority/I_x_II/rule8_vs_rule37/metrics.json
8,38,I_x_II,near_cycle,1,1,0.03286069651741309,0.06664179104477612,0.06753233830845772,0.02307112963957268,0.06664179104477612,coexist,,0.4945771144278607,0.5054228855721393,late,334,near_cycle,1,/Users/amrkandil/github_repos/thesis/Distributed-Tsetlin-Machines/experiments/results_minority/I_x_II/rule8_vs_rule38/hamming_distance.png,/Users/amrkandil/github_repos/thesis/Distributed-Tsetlin-Machines/experiments/results_minority/I_x_II/rule8_vs_rule38/lag_hamming.png,/Users/amrkandil/github_repos/thesis/Distributed-Tsetlin-Machines/experiments/results_minority/I_x_II/rule8_vs_rule38/metrics.json
8,42,I_x_II,fixed,1,0,0.0,0.0,0.002129353233830846,0.02558240497047074,0.0,coexist,,0.5,0.5,early,50,fixed,1,/Users/amrkandil/github_repos/thesis/Distributed-Tsetlin-Machines/experiments/results_minority/I_x_II/rule8_vs_rule42/hamming_distance.png,/Users/amrkandil/github_repos/thesis/Distributed-Tsetlin-Machines/experiments/results_minority/I_x_II/rule8_vs_rule42/lag_hamming.png,/Users/amrkandil/github_repos/thesis/Distributed-Tsetlin-Machines/experiments/results_minority/I_x_II/rule8_vs_rule42/metrics.json
8,43,I_x_II,cycle,4,0,2.828030789094926e-16,0.0,0.4991044776119403,0.01496975160225089,0.5,coexist,,0.5099502487562189,0.4900497512437811,early,50,cycle,4,/Users/amrkandil/github_repos/thesis/Distributed-Tsetlin-Machines/experiments/results_minority/I_x_II/rule8_vs_rule43/hamming_distance.png,/Users/amrkandil/github_repos/thesis/Distributed-Tsetlin-Machines/experiments/results_minority/I_x_II/rule8_vs_rule43/lag_hamming.png,/Users/amrkandil/github_repos/thesis/Distributed-Tsetlin-Machines/experiments/results_minority/I_x_II/rule8_vs_rule43/metrics.json
8,44,I_x_II,fixed,1,0,2.828030789094926e-16,0.0,0.001064676616915423,0.019531532336886568,0.0,coexist,,0.4502487562189055,0.5497512437810945,early,50,fixed,1,/Users/amrkandil/github_repos/thesis/Distributed-Tsetlin-Machines/experiments/results_minority/I_x_II/rule8_vs_rule44/hamming_distance.png,/Users/amrkandil/github_repos/thesis/Distributed-Tsetlin-Machines/experiments/results_minority/I_x_II/rule8_vs_rule44/lag_hamming.png,/Users/amrkandil/github_repos/thesis/Distributed-Tsetlin-Machines/experiments/results_minority/I_x_II/rule8_vs_rule44/metrics.json
8,46,I_x_II,near_cycle,1,1,0.06019900497512442,0.12885572139303483,0.12828855721393034,0.021756830405992415,0.12885572139303483,coexist,,0.49029850746268655,0.5097014925373134,late,300,near_cycle,1,/Users/amrkandil/github_repos/thesis/Distributed-Tsetlin-Machines/experiments/results_minority/I_x_II/rule8_vs_rule46/hamming_distance.png,/Users/amrkandil/github_repos/thesis/Distributed-Tsetlin-Machines/experiments/results_minority/I_x_II/rule8_vs_rule46/lag_hamming.png,/Users/amrkandil/github_repos/thesis/Distributed-Tsetlin-Machines/experiments/results_minority/I_x_II/rule8_vs_rule46/metrics.json
8,50,I_x_II,cycle,4,0,0.0,0.0,0.423502487562189,0.018458062782457606,0.4253731343283582,coexist,,0.2972636815920398,0.7027363184079602,early,50,cycle,4,/Users/amrkandil/github_repos/thesis/Distributed-Tsetlin-Machines/experiments/results_minority/I_x_II/rule8_vs_rule50/hamming_distance.png,/Users/amrkandil/github_repos/thesis/Distributed-Tsetlin-Machines/experiments/results_minority/I_x_II/rule8_vs_rule50/lag_hamming.png,/Users/amrkandil/github_repos/thesis/Distributed-Tsetlin-Machines/experiments/results_minority/I_x_II/rule8_vs_rule50/metrics.json
8,51,I_x_II,cycle,120,0,0.0,0.0,0.6986268656716418,0.025066049231749956,0.7026990049751244,coexist,,0.40562189054726366,0.5943781094527363,early,0,near_cycle,4,/Users/amrkandil/github_repos/thesis/Distributed-Tsetlin-Machines/experiments/results_minority/I_x_II/rule8_vs_rule51/hamming_distance.png,/Users/amrkandil/github_repos/thesis/Distributed-Tsetlin-Machines/experiments/results_minority/I_x_II/rule8_vs_rule51/lag_hamming.png,/Users/amrkandil/github_repos/thesis/Distributed-Tsetlin-Machines/experiments/results_minority/I_x_II/rule8_vs_rule51/metrics.json
8,56,I_x_II,fixed,1,0,0.0,0.0,0.0019701492537313433,0.026436213689235374,0.0,coexist,,0.5,0.5,early,50,fixed,1,/Users/amrkandil/github_repos/thesis/Distributed-Tsetlin-Machines/experiments/results_minority/I_x_II/rule8_vs_rule56/hamming_distance.png,/Users/amrkandil/github_repos/thesis/Distributed-Tsetlin-Machines/experiments/results_minority/I_x_II/rule8_vs_rule56/lag_hamming.png,/Users/amrkandil/github_repos/thesis/Distributed-Tsetlin-Machines/experiments/results_minority/I_x_II/rule8_vs_rule56/metrics.json
8,57,I_x_II,near_cycle,24,0,0.1953627090014121,0.19536270900141203,0.5611641791044776,0.02254097254295163,0.5598383084577114,coexist,,0.4355721393034826,0.5644278606965174,late,334,near_cycle,24,/Users/amrkandil/github_repos/thesis/Distributed-Tsetlin-Machines/experiments/results_minority/I_x_II/rule8_vs_rule57/hamming_distance.png,/Users/amrkandil/github_repos/thesis/Distributed-Tsetlin-Machines/experiments/results_minority/I_x_II/rule8_vs_rule57/lag_hamming.png,/Users/amrkandil/github_repos/thesis/Distributed-Tsetlin-Machines/experiments/results_minority/I_x_II/rule8_vs_rule57/metrics.json
8,58,I_x_II,cycle,2,0,0.0,0.0,0.3863880597014925,0.015239727712786805,0.38805970149253727,coexist,,0.30845771144278605,0.6915422885572139,early,50,cycle,2,/Users/amrkandil/github_repos/thesis/Distributed-Tsetlin-Machines/experiments/results_minority/I_x_II/rule8_vs_rule58/hamming_distance.png,/Users/amrkandil/github_repos/thesis/Distributed-Tsetlin-Machines/experiments/results_minority/I_x_II/rule8_vs_rule58/lag_hamming.png,/Users/amrkandil/github_repos/thesis/Distributed-Tsetlin-Machines/experiments/results_minority/I_x_II/rule8_vs_rule58/metrics.json
8,62,I_x_II,cycle,120,0,0.0,0.0,0.19939303482587065,0.022193692485455344,0.19619402985074624,coexist,,0.4945273631840796,0.5054726368159204,late,334,near_cycle,4,/Users/amrkandil/github_repos/thesis/Distributed-Tsetlin-Machines/experiments/results_minority/I_x_II/rule8_vs_rule62/hamming_distance.png,/Users/amrkandil/github_repos/thesis/Distributed-Tsetlin-Machines/experiments/results_minority/I_x_II/rule8_vs_rule62/lag_hamming.png,/Users/amrkandil/github_repos/thesis/Distributed-Tsetlin-Machines/experiments/results_minority/I_x_II/rule8_vs_rule62/metrics.json
8,72,I_x_II,fixed,1,0,0.0,0.0,0.0009950248756218905,0.016724115735295135,0.0,coexist,,0.5,0.5,early,50,fixed,1,/Users/amrkandil/github_repos/thesis/Distributed-Tsetlin-Machines/experiments/results_minority/I_x_II/rule8_vs_rule72/hamming_distance.png,/Users/amrkandil/github_repos/thesis/Distributed-Tsetlin-Machines/experiments/results_minority/I_x_II/rule8_vs_rule72/lag_hamming.png,/Users/amrkandil/github_repos/thesis/Distributed-Tsetlin-Machines/experiments/results_minority/I_x_II/rule8_vs_rule72/metrics.json
8,73,I_x_II,cycle,12,0,0.0,0.0,0.4541094527363184,0.022140043589842916,0.4577114427860697,coexist,,0.4179601990049751,0.5820398009950248,early,100,cycle,12,/Users/amrkandil/github_repos/thesis/Distributed-Tsetlin-Machines/experiments/results_minority/I_x_II/rule8_vs_rule73/hamming_distance.png,/Users/amrkandil/github_repos/thesis/Distributed-Tsetlin-Machines/experiments/results_minority/I_x_II/rule8_vs_rule73/lag_hamming.png,/Users/amrkandil/github_repos/thesis/Distributed-Tsetlin-Machines/experiments/results_minority/I_x_II/rule8_vs_rule73/metrics.json
8,74,I_x_II,fixed,1,0,0.0,0.0,0.0020298507462686573,0.02015848692079267,0.0,coexist,,0.5,0.5,early,50,fixed,1,/Users/amrkandil/github_repos/thesis/Distributed-Tsetlin-Machines/experiments/results_minority/I_x_II/rule8_vs_rule74/hamming_distance.png,/Users/amrkandil/github_repos/thesis/Distributed-Tsetlin-Machines/experiments/results_minority/I_x_II/rule8_vs_rule74/lag_hamming.png,/Users/amrkandil/github_repos/thesis/Distributed-Tsetlin-Machines/experiments/results_minority/I_x_II/rule8_vs_rule74/metrics.json
8,76,I_x_II,fixed,1,0,2.1210230918211945e-16,0.0,0.0007164179104477611,0.01364968146565185,0.0,coexist,,0.43283582089552236,0.5671641791044776,early,50,fixed,1,/Users/amrkandil/github_repos/thesis/Distributed-Tsetlin-Machines/experiments/results_minority/I_x_II/rule8_vs_rule76/hamming_distance.png,/Users/amrkandil/github_repos/thesis/Distributed-Tsetlin-Machines/experiments/results_minority/I_x_II/rule8_vs_rule76/lag_hamming.png,/Users/amrkandil/github_repos/thesis/Distributed-Tsetlin-Machines/experiments/results_minority/I_x_II/rule8_vs_rule76/metrics.json
8,77,I_x_II,cycle,4,0,0.0,0.0,0.011323383084577114,0.018384968834150826,0.009950248756218902,coexist,,0.31343283582089554,0.6865671641791045,early,50,cycle,4,/Users/amrkandil/github_repos/thesis/Distributed-Tsetlin-Machines/experiments/results_minority/I_x_II/rule8_vs_rule77/hamming_distance.png,/Users/amrkandil/github_repos/thesis/Distributed-Tsetlin-Machines/experiments/results_minority/I_x_II/rule8_vs_rule77/lag_hamming.png,/Users/amrkandil/github_repos/thesis/Distributed-Tsetlin-Machines/experiments/results_minority/I_x_II/rule8_vs_rule77/metrics.json
8,78,I_x_II,near_cycle,1,0,0.04939054726368164,0.04939054726368159,0.05986069651741293,0.029655654354643717,0.04939054726368159,coexist,,0.27064676616915423,0.7293532338308458,late,334,near_cycle,1,/Users/amrkandil/github_repos/thesis/Distributed-Tsetlin-Machines/experiments/results_minority/I_x_II/rule8_vs_rule78/hamming_distance.png,/Users/amrkandil/github_repos/thesis/Distributed-Tsetlin-Machines/experiments/results_minority/I_x_II/rule8_vs_rule78/lag_hamming.png,/Users/amrkandil/github_repos/thesis/Distributed-Tsetlin-Machines/experiments/results_minority/I_x_II/rule8_vs_rule78/metrics.json
8,94,I_x_II,cycle,24,0,2.1210230918211945e-16,0.0,0.26369154228855723,0.021115869706609253,0.2682338308457712,coexist,,0.41437810945273634,0.5856218905472637,early,100,cycle,24,/Users/amrkandil/github_repos/thesis/Distributed-Tsetlin-Machines/experiments/results_minority/I_x_II/rule8_vs_rule94/hamming_distance.png,/Users/amrkandil/github_repos/thesis/Distributed-Tsetlin-Machines/experiments/results_minority/I_x_II/rule8_vs_rule94/lag_hamming.png,/Users/amrkandil/github_repos/thesis/Distributed-Tsetlin-Machines/experiments/results_minority/I_x_II/rule8_vs_rule94/metrics.json
8,104,I_x_II,fixed,1,0,0.0,0.0,0.0013333333333333335,0.020486506246663892,0.0,coexist,,0.5,0.5,early,50,fixed,1,/Users/amrkandil/github_repos/thesis/Distributed-Tsetlin-Machines/experiments/results_minority/I_x_II/rule8_vs_rule104/hamming_distance.png,/Users/amrkandil/github_repos/thesis/Distributed-Tsetlin-Machines/experiments/results_minority/I_x_II/rule8_vs_rule104/lag_hamming.png,/Users/amrkandil/github_repos/thesis/Distributed-Tsetlin-Machines/experiments/results_minority/I_x_II/rule8_vs_rule104/metrics.json
8,108,I_x_II,cycle,2,0,2.1210230918211945e-16,0.0,0.005960199004975124,0.01706315065048177,0.004975124378109451,coexist,,0.43532338308457713,0.5646766169154229,early,50,cycle,2,/Users/amrkandil/github_repos/thesis/Distributed-Tsetlin-Machines/experiments/results_minority/I_x_II/rule8_vs_rule108/hamming_distance.png,/Users/amrkandil/github_repos/thesis/Distributed-Tsetlin-Machines/experiments/results_minority/I_x_II/rule8_vs_rule108/lag_hamming.png,/Users/amrkandil/github_repos/thesis/Distributed-Tsetlin-Machines/experiments/results_minority/I_x_II/rule8_vs_rule108/metrics.json
8,130,I_x_II,fixed,1,0,0.0,0.0,0.0015323383084577113,0.020976587598948365,0.0,coexist,,0.5,0.5,early,50,fixed,1,/Users/amrkandil/github_repos/thesis/Distributed-Tsetlin-Machines/experiments/results_minority/I_x_II/rule8_vs_rule130/hamming_distance.png,/Users/amrkandil/github_repos/thesis/Distributed-Tsetlin-Machines/experiments/results_minority/I_x_II/rule8_vs_rule130/lag_hamming.png,/Users/amrkandil/github_repos/thesis/Distributed-Tsetlin-Machines/experiments/results_minority/I_x_II/rule8_vs_rule130/metrics.json
8,132,I_x_II,fixed,1,0,2.1210230918211945e-16,0.0,0.0008656716417910448,0.015262951846443561,0.0,coexist,,0.4651741293532338,0.5348258706467661,early,50,fixed,1,/Users/amrkandil/github_repos/thesis/Distributed-Tsetlin-Machines/experiments/results_minority/I_x_II/rule8_vs_rule132/hamming_distance.png,/Users/amrkandil/github_repos/thesis/Distributed-Tsetlin-Machines/experiments/results_minority/I_x_II/rule8_vs_rule132/lag_hamming.png,/Users/amrkandil/github_repos/thesis/Distributed-Tsetlin-Machines/experiments/results_minority/I_x_II/rule8_vs_rule132/metrics.json
8,134,I_x_II,near_cycle,1,1,0.03620646766169156,0.07324626865671642,0.07386069651741294,0.017143822379390616,0.0732462686567164,coexist,,0.4934825870646766,0.5065174129353234,early,50,near_cycle,1,/Users/amrkandil/github_repos/thesis/Distributed-Tsetlin-Machines/experiments/results_minority/I_x_II/rule8_vs_rule134/hamming_distance.png,/Users/amrkandil/github_repos/thesis/Distributed-Tsetlin-Machines/experiments/results_minority/I_x_II/rule8_vs_rule134/lag_hamming.png,/Users/amrkandil/github_repos/thesis/Distributed-Tsetlin-Machines/experiments/results_minority/I_x_II/rule8_vs_rule134/metrics.json
8,138,I_x_II,fixed,1,0,0.0,0.0,0.0016915422885572138,0.0193073289495097,0.0,coexist,,0.5,0.5,early,50,fixed,1,/Users/amrkandil/github_repos/thesis/Distributed-Tsetlin-Machines/experiments/results_minority/I_x_II/rule8_vs_rule138/hamming_distance.png,/Users/amrkandil/github_repos/thesis/Distributed-Tsetlin-Machines/experiments/results_minority/I_x_II/rule8_vs_rule138/lag_hamming.png,/Users/amrkandil/github_repos/thesis/Distributed-Tsetlin-Machines/experiments/results_minority/I_x_II/rule8_vs_rule138/metrics.json
8,140,I_x_II,fixed,1,0,0.0,0.0,0.0007363184079601988,0.012732913101976067,0.0,coexist,,0.43781094527363185,0.5621890547263682,early,50,fixed,1,/Users/amrkandil/github_repos/thesis/Distributed-Tsetlin-Machines/experiments/results_minority/I_x_II/rule8_vs_rule140/hamming_distance.png,/Users/amrkandil/github_repos/thesis/Distributed-Tsetlin-Machines/experiments/results_minority/I_x_II/rule8_vs_rule140/lag_hamming.png,/Users/amrkandil/github_repos/thesis/Distributed-Tsetlin-Machines/experiments/results_minority/I_x_II/rule8_vs_rule140/metrics.json
8,142,I_x_II,near_cycle,1,1,0.06180348258706481,0.13720149253731342,0.13672636815920397,0.017033300136257895,0.13720149253731342,coexist,,0.4898507462686567,0.5101492537313432,early,100,near_cycle,1,/Users/amrkandil/github_repos/thesis/Distributed-Tsetlin-Machines/experiments/results_minority/I_x_II/rule8_vs_rule142/hamming_distance.png,/Users/amrkandil/github_repos/thesis/Distributed-Tsetlin-Machines/experiments/results_minority/I_x_II/rule8_vs_rule142/lag_hamming.png,/Users/amrkandil/github_repos/thesis/Distributed-Tsetlin-Machines/experiments/results_minority/I_x_II/rule8_vs_rule142/metrics.json
8,152,I_x_II,fixed,1,0,0.0,0.0,0.0016318407960199002,0.019768477512214035,0.0,coexist,,0.5,0.5,early,50,fixed,1,/Users/amrkandil/github_repos/thesis/Distributed-Tsetlin-Machines/experiments/results_minority/I_x_II/rule8_vs_rule152/hamming_distance.png,/Users/amrkandil/github_repos/thesis/Distributed-Tsetlin-Machines/experiments/results_minority/I_x_II/rule8_vs_rule152/lag_hamming.png,/Users/amrkandil/github_repos/thesis/Distributed-Tsetlin-Machines/experiments/results_minority/I_x_II/rule8_vs_rule152/metrics.json
8,154,I_x_II,cycle,42,0,2.1210230918211945e-16,0.0,0.12770149253731344,0.021397532791056034,0.12412935323383083,coexist,,0.42776119402985074,0.5722388059701492,early,50,cycle,42,/Users/amrkandil/github_repos/thesis/Distributed-Tsetlin-Machines/experiments/results_minority/I_x_II/rule8_vs_rule154/hamming_distance.png,/Users/amrkandil/github_repos/thesis/Distributed-Tsetlin-Machines/experiments/results_minority/I_x_II/rule8_vs_rule154/lag_hamming.png,/Users/amrkandil/github_repos/thesis/Distributed-Tsetlin-Machines/experiments/results_minority/I_x_II/rule8_vs_rule154/metrics.json
8,156,I_x_II,cycle,2,0,0.0,0.0,0.11462686567164182,0.00967069995209378,0.11442786069651742,coexist,,0.40298507462686567,0.5970149253731343,early,50,cycle,2,/Users/amrkandil/github_repos/thesis/Distributed-Tsetlin-Machines/experiments/results_minority/I_x_II/rule8_vs_rule156/hamming_distance.png,/Users/amrkandil/github_repos/thesis/Distributed-Tsetlin-Machines/experiments/results_minority/I_x_II/rule8_vs_rule156/lag_hamming.png,/Users/amrkandil/github_repos/thesis/Distributed-Tsetlin-Machines/experiments/results_minority/I_x_II/rule8_vs_rule156/metrics.json
8,162,I_x_II,fixed,1,0,0.0,0.0,0.001970149253731343,0.025705165353549473,0.0,coexist,,0.5,0.5,early,50,fixed,1,/Users/amrkandil/github_repos/thesis/Distributed-Tsetlin-Machines/experiments/results_minority/I_x_II/rule8_vs_rule162/hamming_distance.png,/Users/amrkandil/github_repos/thesis/Distributed-Tsetlin-Machines/experiments/results_minority/I_x_II/rule8_vs_rule162/lag_hamming.png,/Users/amrkandil/github_repos/thesis/Distributed-Tsetlin-Machines/experiments/results_minority/I_x_II/rule8_vs_rule162/metrics.json
8,164,I_x_II,fixed,1,0,0.0,0.0,0.0011641791044776117,0.01930658794327562,0.0,coexist,,0.46766169154228854,0.5323383084577115,early,50,fixed,1,/Users/amrkandil/github_repos/thesis/Distributed-Tsetlin-Machines/experiments/results_minority/I_x_II/rule8_vs_rule164/hamming_distance.png,/Users/amrkandil/github_repos/thesis/Distributed-Tsetlin-Machines/experiments/results_minority/I_x_II/rule8_vs_rule164/lag_hamming.png,/Users/amrkandil/github_repos/thesis/Distributed-Tsetlin-Machines/experiments/results_minority/I_x_II/rule8_vs_rule164/metrics.json
8,170,I_x_II,fixed,1,0,0.0,0.0,0.0020696517412935322,0.02332423206645959,0.0,coexist,,0.5,0.5,early,50,fixed,1,/Users/amrkandil/github_repos/thesis/Distributed-Tsetlin-Machines/experiments/results_minority/I_x_II/rule8_vs_rule170/hamming_distance.png,/Users/amrkandil/github_repos/thesis/Distributed-Tsetlin-Machines/experiments/results_minority/I_x_II/rule8_vs_rule170/lag_hamming.png,/Users/amrkandil/github_repos/thesis/Distributed-Tsetlin-Machines/experiments/results_minority/I_x_II/rule8_vs_rule170/metrics.json
8,172,I_x_II,fixed,1,0,0.0,0.0,0.0010049751243781093,0.01663001539221323,0.0,coexist,,0.43532338308457713,0.5646766169154229,early,50,fixed,1,/Users/amrkandil/github_repos/thesis/Distributed-Tsetlin-Machines/experiments/results_minority/I_x_II/rule8_vs_rule172/hamming_distance.png,/Users/amrkandil/github_repos/thesis/Distributed-Tsetlin-Machines/experiments/results_minority/I_x_II/rule8_vs_rule172/lag_hamming.png,/Users/amrkandil/github_repos/thesis/Distributed-Tsetlin-Machines/experiments/results_minority/I_x_II/rule8_vs_rule172/metrics.json
8,178,I_x_II,cycle,4,0,0.0,0.0,0.4899203980099502,0.019104298817571315,0.49253731343283574,coexist,,0.26741293532338306,0.7325870646766169,early,50,cycle,4,/Users/amrkandil/github_repos/thesis/Distributed-Tsetlin-Machines/experiments/results_minority/I_x_II/rule8_vs_rule178/hamming_distance.png,/Users/amrkandil/github_repos/thesis/Distributed-Tsetlin-Machines/experiments/results_minority/I_x_II/rule8_vs_rule178/lag_hamming.png,/Users/amrkandil/github_repos/thesis/Distributed-Tsetlin-Machines/experiments/results_minority/I_x_II/rule8_vs_rule178/metrics.json
8,184,I_x_II,fixed,1,0,0.0,0.0,0.002427860696517413,0.025489857363181472,0.0,coexist,,0.5,0.5,early,50,fixed,1,/Users/amrkandil/github_repos/thesis/Distributed-Tsetlin-Machines/experiments/results_minority/I_x_II/rule8_vs_rule184/hamming_distance.png,/Users/amrkandil/github_repos/thesis/Distributed-Tsetlin-Machines/experiments/results_minority/I_x_II/rule8_vs_rule184/lag_hamming.png,/Users/amrkandil/github_repos/thesis/Distributed-Tsetlin-Machines/experiments/results_minority/I_x_II/rule8_vs_rule184/metrics.json
8,200,I_x_II,fixed,1,0,0.0,0.0,0.0009950248756218905,0.013548424737803244,0.0,coexist,,0.5,0.5,early,50,fixed,1,/Users/amrkandil/github_repos/thesis/Distributed-Tsetlin-Machines/experiments/results_minority/I_x_II/rule8_vs_rule200/hamming_distance.png,/Users/amrkandil/github_repos/thesis/Distributed-Tsetlin-Machines/experiments/results_minority/I_x_II/rule8_vs_rule200/lag_hamming.png,/Users/amrkandil/github_repos/thesis/Distributed-Tsetlin-Machines/experiments/results_minority/I_x_II/rule8_vs_rule200/metrics.json
8,204,I_x_II,fixed,1,0,7.070076972737315e-17,0.0,0.0006766169154228855,0.01044243408374345,0.0,coexist,,0.42786069651741293,0.572139303482587,early,50,fixed,1,/Users/amrkandil/github_repos/thesis/Distributed-Tsetlin-Machines/experiments/results_minority/I_x_II/rule8_vs_rule204/hamming_distance.png,/Users/amrkandil/github_repos/thesis/Distributed-Tsetlin-Machines/experiments/results_minority/I_x_II/rule8_vs_rule204/lag_hamming.png,/Users/amrkandil/github_repos/thesis/Distributed-Tsetlin-Machines/experiments/results_minority/I_x_II/rule8_vs_rule204/metrics.json
8,232,I_x_II,fixed,1,0,0.0,0.0,0.0013134328358208956,0.017227372314788873,0.0,coexist,,0.5,0.5,early,50,fixed,1,/Users/amrkandil/github_repos/thesis/Distributed-Tsetlin-Machines/experiments/results_minority/I_x_II/rule8_vs_rule232/hamming_distance.png,/Users/amrkandil/github_repos/thesis/Distributed-Tsetlin-Machines/experiments/results_minority/I_x_II/rule8_vs_rule232/lag_hamming.png,/Users/amrkandil/github_repos/thesis/Distributed-Tsetlin-Machines/experiments/results_minority/I_x_II/rule8_vs_rule232/metrics.json
32,1,I_x_II,cycle,12,0,7.070076972737315e-17,0.0,0.5793432835820896,0.019872677071242108,0.5812686567164179,coexist,,0.45940298507462685,0.5405970149253732,early,50,cycle,12,/Users/amrkandil/github_repos/thesis/Distributed-Tsetlin-Machines/experiments/results_minority/I_x_II/rule32_vs_rule1/hamming_distance.png,/Users/amrkandil/github_repos/thesis/Distributed-Tsetlin-Machines/experiments/results_minority/I_x_II/rule32_vs_rule1/lag_hamming.png,/Users/amrkandil/github_repos/thesis/Distributed-Tsetlin-Machines/experiments/results_minority/I_x_II/rule32_vs_rule1/metrics.json
32,2,I_x_II,fixed,1,0,0.0,0.0,0.0017512437810945274,0.02714252777359265,0.0,coexist,,0.5,0.5,early,50,fixed,1,/Users/amrkandil/github_repos/thesis/Distributed-Tsetlin-Machines/experiments/results_minority/I_x_II/rule32_vs_rule2/hamming_distance.png,/Users/amrkandil/github_repos/thesis/Distributed-Tsetlin-Machines/experiments/results_minority/I_x_II/rule32_vs_rule2/lag_hamming.png,/Users/amrkandil/github_repos/thesis/Distributed-Tsetlin-Machines/experiments/results_minority/I_x_II/rule32_vs_rule2/metrics.json
32,3,I_x_II,cycle,4,0,0.0,0.0,0.6722686567164178,0.015598521672560754,0.6741293532338308,coexist,,0.47388059701492535,0.5261194029850746,early,50,cycle,4,/Users/amrkandil/github_repos/thesis/Distributed-Tsetlin-Machines/experiments/results_minority/I_x_II/rule32_vs_rule3/hamming_distance.png,/Users/amrkandil/github_repos/thesis/Distributed-Tsetlin-Machines/experiments/results_minority/I_x_II/rule32_vs_rule3/lag_hamming.png,/Users/amrkandil/github_repos/thesis/Distributed-Tsetlin-Machines/experiments/results_minority/I_x_II/rule32_vs_rule3/metrics.json
32,4,I_x_II,fixed,1,0,0.0,0.0,0.0011542288557213928,0.022469820853467028,0.0,coexist,,0.48507462686567165,0.5149253731343284,early,50,fixed,1,/Users/amrkandil/github_repos/thesis/Distributed-Tsetlin-Machines/experiments/results_minority/I_x_II/rule32_vs_rule4/hamming_distance.png,/Users/amrkandil/github_repos/thesis/Distributed-Tsetlin-Machines/experiments/results_minority/I_x_II/rule32_vs_rule4/lag_hamming.png,/Users/amrkandil/github_repos/thesis/Distributed-Tsetlin-Machines/experiments/results_minority/I_x_II/rule32_vs_rule4/metrics.json
32,5,I_x_II,cycle,24,0,7.070076972737315e-17,0.0,0.33396019900497514,0.019560607376981214,0.33246268656716416,coexist,,0.36,0.64,early,50,cycle,24,/Users/amrkandil/github_repos/thesis/Distributed-Tsetlin-Machines/experiments/results_minority/I_x_II/rule32_vs_rule5/hamming_distance.png,/Users/amrkandil/github_repos/thesis/Distributed-Tsetlin-Machines/experiments/results_minority/I_x_II/rule32_vs_rule5/lag_hamming.png,/Users/amrkandil/github_repos/thesis/Distributed-Tsetlin-Machines/experiments/results_minority/I_x_II/rule32_vs_rule5/metrics.json
32,6,I_x_II,fixed,1,0,0.0,0.0,0.0023482587064676615,0.025518661778352464,0.0,coexist,,0.5,0.5,early,50,fixed,1,/Users/amrkandil/github_repos/thesis/Distributed-Tsetlin-Machines/experiments/results_minority/I_x_II/rule32_vs_rule6/hamming_distance.png,/Users/amrkandil/github_repos/thesis/Distributed-Tsetlin-Machines/experiments/results_minority/I_x_II/rule32_vs_rule6/lag_hamming.png,/Users/amrkandil/github_repos/thesis/Distributed-Tsetlin-Machines/experiments/results_minority/I_x_II/rule32_vs_rule6/metrics.json
32,7,I_x_II,cycle,12,0,2.1210230918211945e-16,0.0,0.67281592039801,0.03642943025261288,0.6766915422885573,coexist,,0.4790547263681592,0.5209452736318408,early,50,cycle,12,/Users/amrkandil/github_repos/thesis/Distributed-Tsetlin-Machines/experiments/results_minority/I_x_II/rule32_vs_rule7/hamming_distance.png,/Users/amrkandil/github_repos/thesis/Distributed-Tsetlin-Machines/experiments/results_minority/I_x_II/rule32_vs_rule7/lag_hamming.png,/Users/amrkandil/github_repos/thesis/Distributed-Tsetlin-Machines/experiments/results_minority/I_x_II/rule32_vs_rule7/metrics.json
32,9,I_x_II,cycle,12,0,2.828030789094926e-16,0.0,0.5994527363184079,0.02993268191124614,0.6028109452736318,coexist,,0.45402985074626867,0.5459701492537313,early,50,cycle,12,/Users/amrkandil/github_repos/thesis/Distributed-Tsetlin-Machines/experiments/results_minority/I_x_II/rule32_vs_rule9/hamming_distance.png,/Users/amrkandil/github_repos/thesis/Distributed-Tsetlin-Machines/experiments/results_minority/I_x_II/rule32_vs_rule9/lag_hamming.png,/Users/amrkandil/github_repos/thesis/Distributed-Tsetlin-Machines/experiments/results_minority/I_x_II/rule32_vs_rule9/metrics.json
32,10,I_x_II,fixed,1,0,0.0,0.0,0.0018507462686567163,0.025921121827920585,0.0,coexist,,0.5,0.5,early,50,fixed,1,/Users/amrkandil/github_repos/thesis/Distributed-Tsetlin-Machines/experiments/results_minority/I_x_II/rule32_vs_rule10/hamming_distance.png,/Users/amrkandil/github_repos/thesis/Distributed-Tsetlin-Machines/experiments/results_minority/I_x_II/rule32_vs_rule10/lag_hamming.png,/Users/amrkandil/github_repos/thesis/Distributed-Tsetlin-Machines/experiments/results_minority/I_x_II/rule32_vs_rule10/metrics.json
32,11,I_x_II,cycle,8,0,2.1210230918211945e-16,0.0,0.6737114427860696,0.021188974708367832,0.6766169154228855,coexist,,0.48323383084577115,0.5167661691542289,early,50,cycle,8,/Users/amrkandil/github_repos/thesis/Distributed-Tsetlin-Machines/experiments/results_minority/I_x_II/rule32_vs_rule11/hamming_distance.png,/Users/amrkandil/github_repos/thesis/Distributed-Tsetlin-Machines/experiments/results_minority/I_x_II/rule32_vs_rule11/lag_hamming.png,/Users/amrkandil/github_repos/thesis/Distributed-Tsetlin-Machines/experiments/results_minority/I_x_II/rule32_vs_rule11/metrics.json
32,12,I_x_II,fixed,1,0,2.828030789094926e-16,0.0,0.0011044776119402983,0.02010634581299972,0.0,coexist,,0.4577114427860697,0.5422885572139303,early,50,fixed,1,/Users/amrkandil/github_repos/thesis/Distributed-Tsetlin-Machines/experiments/results_minority/I_x_II/rule32_vs_rule12/hamming_distance.png,/Users/amrkandil/github_repos/thesis/Distributed-Tsetlin-Machines/experiments/results_minority/I_x_II/rule32_vs_rule12/lag_hamming.png,/Users/amrkandil/github_repos/thesis/Distributed-Tsetlin-Machines/experiments/results_minority/I_x_II/rule32_vs_rule12/metrics.json
32,13,I_x_II,cycle,12,0,7.070076972737315e-17,0.0,0.07723383084577114,0.03421114316672767,0.07134328358208956,coexist,,0.2055721393034826,0.7944278606965174,early,50,cycle,12,/Users/amrkandil/github_repos/thesis/Distributed-Tsetlin-Machines/experiments/results_minority/I_x_II/rule32_vs_rule13/hamming_distance.png,/Users/amrkandil/github_repos/thesis/Distributed-Tsetlin-Machines/experiments/results_minority/I_x_II/rule32_vs_rule13/lag_hamming.png,/Users/amrkandil/github_repos/thesis/Distributed-Tsetlin-Machines/experiments/results_minority/I_x_II/rule32_vs_rule13/metrics.json
32,14,I_x_II,fixed,1,0,0.0,0.0,0.0033034825870646768,0.025404869432968272,0.0,coexist,,0.5,0.5,early,50,fixed,1,/Users/amrkandil/github_repos/thesis/Distributed-Tsetlin-Machines/experiments/results_minority/I_x_II/rule32_vs_rule14/hamming_distance.png,/Users/amrkandil/github_repos/thesis/Distributed-Tsetlin-Machines/experiments/results_minority/I_x_II/rule32_vs_rule14/lag_hamming.png,/Users/amrkandil/github_repos/thesis/Distributed-Tsetlin-Machines/experiments/results_minority/I_x_II/rule32_vs_rule14/metrics.json
32,15,I_x_II,cycle,8,0,0.0,0.0,0.6373233830845771,0.03577373761522267,0.6417910447761193,coexist,,0.468407960199005,0.531592039800995,early,50,cycle,8,/Users/amrkandil/github_repos/thesis/Distributed-Tsetlin-Machines/experiments/results_minority/I_x_II/rule32_vs_rule15/hamming_distance.png,/Users/amrkandil/github_repos/thesis/Distributed-Tsetlin-Machines/experiments/results_minority/I_x_II/rule32_vs_rule15/lag_hamming.png,/Users/amrkandil/github_repos/thesis/Distributed-Tsetlin-Machines/experiments/results_minority/I_x_II/rule32_vs_rule15/metrics.json
32,19,I_x_II,cycle,60,0,0.0,0.0,0.9423383084577115,0.03832909568784676,0.949278606965174,coexist,,0.5354726368159204,0.4645273631840796,early,50,near_cycle,2,/Users/amrkandil/github_repos/thesis/Distributed-Tsetlin-Machines/experiments/results_minority/I_x_II/rule32_vs_rule19/hamming_distance.png,/Users/amrkandil/github_repos/thesis/Distributed-Tsetlin-Machines/experiments/results_minority/I_x_II/rule32_vs_rule19/lag_hamming.png,/Users/amrkandil/github_repos/thesis/Distributed-Tsetlin-Machines/experiments/results_minority/I_x_II/rule32_vs_rule19/metrics.json
32,23,I_x_II,cycle,12,0,0.0,0.0,0.9151144278606966,0.04185914730573283,0.9220646766169155,coexist,,0.5514427860696517,0.44855721393034825,early,50,cycle,12,/Users/amrkandil/github_repos/thesis/Distributed-Tsetlin-Machines/experiments/results_minority/I_x_II/rule32_vs_rule23/hamming_distance.png,/Users/amrkandil/github_repos/thesis/Distributed-Tsetlin-Machines/experiments/results_minority/I_x_II/rule32_vs_rule23/lag_hamming.png,/Users/amrkandil/github_repos/thesis/Distributed-Tsetlin-Machines/experiments/results_minority/I_x_II/rule32_vs_rule23/metrics.json
32,24,I_x_II,fixed,1,0,0.0,0.0,0.0017512437810945274,0.02603853674663846,0.0,coexist,,0.5,0.5,early,50,fixed,1,/Users/amrkandil/github_repos/thesis/Distributed-Tsetlin-Machines/experiments/results_minority/I_x_II/rule32_vs_rule24/hamming_distance.png,/Users/amrkandil/github_repos/thesis/Distributed-Tsetlin-Machines/experiments/results_minority/I_x_II/rule32_vs_rule24/lag_hamming.png,/Users/amrkandil/github_repos/thesis/Distributed-Tsetlin-Machines/experiments/results_minority/I_x_II/rule32_vs_rule24/metrics.json
32,25,I_x_II,near_cycle,2,0,0.1840546640232418,0.1840546640232422,0.6759203980099502,0.0273026920675198,0.679141791044776,coexist,,0.4664179104477612,0.5335820895522388,late,150,cycle,4,/Users/amrkandil/github_repos/thesis/Distributed-Tsetlin-Machines/experiments/results_minority/I_x_II/rule32_vs_rule25/hamming_distance.png,/Users/amrkandil/github_repos/thesis/Distributed-Tsetlin-Machines/experiments/results_minority/I_x_II/rule32_vs_rule25/lag_hamming.png,/Users/amrkandil/github_repos/thesis/Distributed-Tsetlin-Machines/experiments/results_minority/I_x_II/rule32_vs_rule25/metrics.json
32,26,I_x_II,cycle,84,0,7.070076972737315e-17,0.0,0.15665671641791046,0.021671139247402067,0.15468905472636815,coexist,,0.42064676616915425,0.5793532338308458,late,150,near_cycle,4,/Users/amrkandil/github_repos/thesis/Distributed-Tsetlin-Machines/experiments/results_minority/I_x_II/rule32_vs_rule26/hamming_distance.png,/Users/amrkandil/github_repos/thesis/Distributed-Tsetlin-Machines/experiments/results_minority/I_x_II/rule32_vs_rule26/lag_hamming.png,/Users/amrkandil/github_repos/thesis/Distributed-Tsetlin-Machines/experiments/results_minority/I_x_II/rule32_vs_rule26/metrics.json
32,27,I_x_II,near_cycle,2,0,0.11441539171311367,0.11441539171311363,0.9159303482587066,0.0444442081872882,0.9251865671641792,coexist,,0.5277114427860696,0.47228855721393037,late,150,cycle,12,/Users/amrkandil/github_repos/thesis/Distributed-Tsetlin-Machines/experiments/results_minority/I_x_II/rule32_vs_rule27/hamming_distance.png,/Users/amrkandil/github_repos/thesis/Distributed-Tsetlin-Machines/experiments/results_minority/I_x_II/rule32_vs_rule27/lag_hamming.png,/Users/amrkandil/github_repos/thesis/Distributed-Tsetlin-Machines/experiments/results_minority/I_x_II/rule32_vs_rule27/metrics.json
32,28,I_x_II,cycle,48,0,7.070076972737315e-17,0.0,0.16193034825870642,0.027107669978058163,0.1623009950248756,coexist,,0.3972139303482587,0.6027860696517413,early,100,cycle,48,/Users/amrkandil/github_repos/thesis/Distributed-Tsetlin-Machines/experiments/results_minority/I_x_II/rule32_vs_rule28/hamming_distance.png,/Users/amrkandil/github_repos/thesis/Distributed-Tsetlin-Machines/experiments/results_minority/I_x_II/rule32_vs_rule28/lag_hamming.png,/Users/amrkandil/github_repos/thesis/Distributed-Tsetlin-Machines/experiments/results_minority/I_x_II/rule32_vs_rule28/metrics.json
32,29,I_x_II,cycle,60,0,7.070076972737315e-17,0.0,0.41572139303482597,0.014690018335491009,0.41657960199004984,coexist,,0.2600995024875622,0.7399004975124378,late,334,near_cycle,2,/Users/amrkandil/github_repos/thesis/Distributed-Tsetlin-Machines/experiments/results_minority/I_x_II/rule32_vs_rule29/hamming_distance.png,/Users/amrkandil/github_repos/thesis/Distributed-Tsetlin-Machines/experiments/results_minority/I_x_II/rule32_vs_rule29/lag_hamming.png,/Users/amrkandil/github_repos/thesis/Distributed-Tsetlin-Machines/experiments/results_minority/I_x_II/rule32_vs_rule29/metrics.json
32,33,I_x_II,near_cycle,2,0,0.1259117944114016,0.12591179441140163,0.5777512437810944,0.01595737000522723,0.5791542288557213,coexist,,0.46766169154228854,0.5323383084577115,late,150,near_cycle,2,/Users/amrkandil/github_repos/thesis/Distributed-Tsetlin-Machines/experiments/results_minority/I_x_II/rule32_vs_rule33/hamming_distance.png,/Users/amrkandil/github_repos/thesis/Distributed-Tsetlin-Machines/experiments/results_minority/I_x_II/rule32_vs_rule33/lag_hamming.png,/Users/amrkandil/github_repos/thesis/Distributed-Tsetlin-Machines/experiments/results_minority/I_x_II/rule32_vs_rule33/metrics.json
32,34,I_x_II,fixed,1,0,0.0,0.0,0.003104477611940299,0.03433723441377385,0.0,coexist,,0.5,0.5,early,50,fixed,1,/Users/amrkandil/github_repos/thesis/Distributed-Tsetlin-Machines/experiments/results_minority/I_x_II/rule32_vs_rule34/hamming_distance.png,/Users/amrkandil/github_repos/thesis/Distributed-Tsetlin-Machines/experiments/results_minority/I_x_II/rule32_vs_rule34/lag_hamming.png,/Users/amrkandil/github_repos/thesis/Distributed-Tsetlin-Machines/experiments/results_minority/I_x_II/rule32_vs_rule34/metrics.json
32,35,I_x_II,cycle,84,0,2.828030789094926e-16,0.0,0.6869054726368159,0.021919573700126274,0.6889800995024876,coexist,,0.47691542288557215,0.5230845771144279,early,50,near_cycle,4,/Users/amrkandil/github_repos/thesis/Distributed-Tsetlin-Machines/experiments/results_minority/I_x_II/rule32_vs_rule35/hamming_distance.png,/Users/amrkandil/github_repos/thesis/Distributed-Tsetlin-Machines/experiments/results_minority/I_x_II/rule32_vs_rule35/lag_hamming.png,/Users/amrkandil/github_repos/thesis/Distributed-Tsetlin-Machines/experiments/results_minority/I_x_II/rule32_vs_rule35/metrics.json
32,36,I_x_II,fixed,1,0,2.1210230918211945e-16,0.0,0.001611940298507463,0.02682280715341918,0.0,coexist,,0.48507462686567165,0.5149253731343284,early,50,fixed,1,/Users/amrkandil/github_repos/thesis/Distributed-Tsetlin-Machines/experiments/results_minority/I_x_II/rule32_vs_rule36/hamming_distance.png,/Users/amrkandil/github_repos/thesis/Distributed-Tsetlin-Machines/experiments/results_minority/I_x_II/rule32_vs_rule36/lag_hamming.png,/Users/amrkandil/github_repos/thesis/Distributed-Tsetlin-Machines/experiments/results_minority/I_x_II/rule32_vs_rule36/metrics.json
32,37,I_x_II,near_cycle,6,0,0.09278921846463899,0.09278921846463883,0.4394726368159204,0.029650424024965913,0.4348880597014925,coexist,,0.4097512437810945,0.5902487562189055,early,100,near_cycle,6,/Users/amrkandil/github_repos/thesis/Distributed-Tsetlin-Machines/experiments/results_minority/I_x_II/rule32_vs_rule37/hamming_distance.png,/Users/amrkandil/github_repos/thesis/Distributed-Tsetlin-Machines/experiments/results_minority/I_x_II/rule32_vs_rule37/lag_hamming.png,/Users/amrkandil/github_repos/thesis/Distributed-Tsetlin-Machines/experiments/results_minority/I_x_II/rule32_vs_rule37/metrics.json
32,38,I_x_II,fixed,1,0,0.0,0.0,0.002965174129353234,0.030699695844864722,0.0,coexist,,0.5,0.5,early,50,fixed,1,/Users/amrkandil/github_repos/thesis/Distributed-Tsetlin-Machines/experiments/results_minority/I_x_II/rule32_vs_rule38/hamming_distance.png,/Users/amrkandil/github_repos/thesis/Distributed-Tsetlin-Machines/experiments/results_minority/I_x_II/rule32_vs_rule38/lag_hamming.png,/Users/amrkandil/github_repos/thesis/Distributed-Tsetlin-Machines/experiments/results_minority/I_x_II/rule32_vs_rule38/metrics.json
32,42,I_x_II,fixed,1,0,0.0,0.0,0.003383084577114428,0.03448217037485532,0.0,coexist,,0.5,0.5,early,50,fixed,1,/Users/amrkandil/github_repos/thesis/Distributed-Tsetlin-Machines/experiments/results_minority/I_x_II/rule32_vs_rule42/hamming_distance.png,/Users/amrkandil/github_repos/thesis/Distributed-Tsetlin-Machines/experiments/results_minority/I_x_II/rule32_vs_rule42/lag_hamming.png,/Users/amrkandil/github_repos/thesis/Distributed-Tsetlin-Machines/experiments/results_minority/I_x_II/rule32_vs_rule42/metrics.json
32,43,I_x_II,cycle,4,0,2.1210230918211945e-16,0.0,0.6858905472636816,0.027216024003795695,0.6890547263681593,coexist,,0.47885572139303484,0.5211442786069652,early,50,cycle,4,/Users/amrkandil/github_repos/thesis/Distributed-Tsetlin-Machines/experiments/results_minority/I_x_II/rule32_vs_rule43/hamming_distance.png,/Users/amrkandil/github_repos/thesis/Distributed-Tsetlin-Machines/experiments/results_minority/I_x_II/rule32_vs_rule43/lag_hamming.png,/Users/amrkandil/github_repos/thesis/Distributed-Tsetlin-Machines/experiments/results_minority/I_x_II/rule32_vs_rule43/metrics.json
32,44,I_x_II,fixed,1,0,0.0,0.0,0.0016318407960199005,0.025016722211120338,0.0,coexist,,0.4601990049751244,0.5398009950248757,early,50,fixed,1,/Users/amrkandil/github_repos/thesis/Distributed-Tsetlin-Machines/experiments/results_minority/I_x_II/rule32_vs_rule44/hamming_distance.png,/Users/amrkandil/github_repos/thesis/Distributed-Tsetlin-Machines/experiments/results_minority/I_x_II/rule32_vs_rule44/lag_hamming.png,/Users/amrkandil/github_repos/thesis/Distributed-Tsetlin-Machines/experiments/results_minority/I_x_II/rule32_vs_rule44/metrics.json
32,46,I_x_II,fixed,1,0,0.0,0.0,0.0034626865671641793,0.030641105634766637,0.0,coexist,,0.5,0.5,early,50,fixed,1,/Users/amrkandil/github_repos/thesis/Distributed-Tsetlin-Machines/experiments/results_minority/I_x_II/rule32_vs_rule46/hamming_distance.png,/Users/amrkandil/github_repos/thesis/Distributed-Tsetlin-Machines/experiments/results_minority/I_x_II/rule32_vs_rule46/lag_hamming.png,/Users/amrkandil/github_repos/thesis/Distributed-Tsetlin-Machines/experiments/results_minority/I_x_II/rule32_vs_rule46/metrics.json
32,50,I_x_II,cycle,2,0,2.828030789094926e-16,0.0,0.5704179104477609,0.017114922473472908,0.5721393034825869,coexist,,0.30845771144278605,0.6915422885572139,early,50,cycle,2,/Users/amrkandil/github_repos/thesis/Distributed-Tsetlin-Machines/experiments/results_minority/I_x_II/rule32_vs_rule50/hamming_distance.png,/Users/amrkandil/github_repos/thesis/Distributed-Tsetlin-Machines/experiments/results_minority/I_x_II/rule32_vs_rule50/lag_hamming.png,/Users/amrkandil/github_repos/thesis/Distributed-Tsetlin-Machines/experiments/results_minority/I_x_II/rule32_vs_rule50/metrics.json
32,51,I_x_II,cycle,2,0,2.1210230918211945e-16,0.0,0.9954825870646766,0.03317760310344033,1.0,coexist,,0.42039800995024873,0.5796019900497512,early,50,cycle,2,/Users/amrkandil/github_repos/thesis/Distributed-Tsetlin-Machines/experiments/results_minority/I_x_II/rule32_vs_rule51/hamming_distance.png,/Users/amrkandil/github_repos/thesis/Distributed-Tsetlin-Machines/experiments/results_minority/I_x_II/rule32_vs_rule51/lag_hamming.png,/Users/amrkandil/github_repos/thesis/Distributed-Tsetlin-Machines/experiments/results_minority/I_x_II/rule32_vs_rule51/metrics.json
32,56,I_x_II,fixed,1,0,0.0,0.0,0.0032039800995024878,0.0338415493749536,0.0,coexist,,0.5,0.5,early,50,fixed,1,/Users/amrkandil/github_repos/thesis/Distributed-Tsetlin-Machines/experiments/results_minority/I_x_II/rule32_vs_rule56/hamming_distance.png,/Users/amrkandil/github_repos/thesis/Distributed-Tsetlin-Machines/experiments/results_minority/I_x_II/rule32_vs_rule56/lag_hamming.png,/Users/amrkandil/github_repos/thesis/Distributed-Tsetlin-Machines/experiments/results_minority/I_x_II/rule32_vs_rule56/metrics.json
32,57,I_x_II,cycle,60,0,0.0,0.0,0.7144079601990051,0.0393383509290298,0.7172263681592042,coexist,,0.4692537313432836,0.5307462686567164,early,100,near_cycle,4,/Users/amrkandil/github_repos/thesis/Distributed-Tsetlin-Machines/experiments/results_minority/I_x_II/rule32_vs_rule57/hamming_distance.png,/Users/amrkandil/github_repos/thesis/Distributed-Tsetlin-Machines/experiments/results_minority/I_x_II/rule32_vs_rule57/lag_hamming.png,/Users/amrkandil/github_repos/thesis/Distributed-Tsetlin-Machines/experiments/results_minority/I_x_II/rule32_vs_rule57/metrics.json
32,58,I_x_II,cycle,2,0,0.0,0.0,0.5305771144278606,0.015211750117917375,0.5323383084577114,coexist,,0.31343283582089554,0.6865671641791045,early,50,cycle,2,/Users/amrkandil/github_repos/thesis/Distributed-Tsetlin-Machines/experiments/results_minority/I_x_II/rule32_vs_rule58/hamming_distance.png,/Users/amrkandil/github_repos/thesis/Distributed-Tsetlin-Machines/experiments/results_minority/I_x_II/rule32_vs_rule58/lag_hamming.png,/Users/amrkandil/github_repos/thesis/Distributed-Tsetlin-Machines/experiments/results_minority/I_x_II/rule32_vs_rule58/metrics.json
32,62,I_x_II,near_cycle,24,0,0.13339139844543865,0.1333913984454386,0.3354427860696518,0.04556198805013144,0.33745024875621893,coexist,,0.46253731343283583,0.5374626865671642,late,334,near_cycle,24,/Users/amrkandil/github_repos/thesis/Distributed-Tsetlin-Machines/experiments/results_minority/I_x_II/rule32_vs_rule62/hamming_distance.png,/Users/amrkandil/github_repos/thesis/Distributed-Tsetlin-Machines/experiments/results_minority/I_x_II/rule32_vs_rule62/lag_hamming.png,/Users/amrkandil/github_repos/thesis/Distributed-Tsetlin-Machines/experiments/results_minority/I_x_II/rule32_vs_rule62/metrics.json
32,72,I_x_II,fixed,1,0,0.0,0.0,0.0013333333333333335,0.021149941296165962,0.0,coexist,,0.5,0.5,early,50,fixed,1,/Users/amrkandil/github_repos/thesis/Distributed-Tsetlin-Machines/experiments/results_minority/I_x_II/rule32_vs_rule72/hamming_distance.png,/Users/amrkandil/github_repos/thesis/Distributed-Tsetlin-Machines/experiments/results_minority/I_x_II/rule32_vs_rule72/lag_hamming.png,/Users/amrkandil/github_repos/thesis/Distributed-Tsetlin-Machines/experiments/results_minority/I_x_II/rule32_vs_rule72/metrics.json
32,73,I_x_II,cycle,12,0,0.0,0.0,0.6042487562189055,0.031471696199784696,0.6102238805970149,coexist,,0.4538308457711443,0.5461691542288557,early,50,cycle,12,/Users/amrkandil/github_repos/thesis/Distributed-Tsetlin-Machines/experiments/results_minority/I_x_II/rule32_vs_rule73/hamming_distance.png,/Users/amrkandil/github_repos/thesis/Distributed-Tsetlin-Machines/experiments/results_minority/I_x_II/rule32_vs_rule73/lag_hamming.png,/Users/amrkandil/github_repos/thesis/Distributed-Tsetlin-Machines/experiments/results_minority/I_x_II/rule32_vs_rule73/metrics.json
32,74,I_x_II,fixed,1,0,0.0,0.0,0.002109452736318408,0.02486976249399579,0.0,coexist,,0.5,0.5,early,50,fixed,1,/Users/amrkandil/github_repos/thesis/Distributed-Tsetlin-Machines/experiments/results_minority/I_x_II/rule32_vs_rule74/hamming_distance.png,/Users/amrkandil/github_repos/thesis/Distributed-Tsetlin-Machines/experiments/results_minority/I_x_II/rule32_vs_rule74/lag_hamming.png,/Users/amrkandil/github_repos/thesis/Distributed-Tsetlin-Machines/experiments/results_minority/I_x_II/rule32_vs_rule74/metrics.json
32,76,I_x_II,cycle,2,0,2.1210230918211945e-16,0.0,0.040587064676616914,0.01607591640437303,0.03980099502487561,coexist,,0.44527363184079605,0.554726368159204,early,50,cycle,2,/Users/amrkandil/github_repos/thesis/Distributed-Tsetlin-Machines/experiments/results_minority/I_x_II/rule32_vs_rule76/hamming_distance.png,/Users/amrkandil/github_repos/thesis/Distributed-Tsetlin-Machines/experiments/results_minority/I_x_II/rule32_vs_rule76/lag_hamming.png,/Users/amrkandil/github_repos/thesis/Distributed-Tsetlin-Machines/experiments/results_minority/I_x_II/rule32_vs_rule76/metrics.json
32,77,I_x_II,cycle,4,0,7.070076972737315e-17,0.0,0.1383681592039801,0.01707609962452414,0.13681592039800994,coexist,,0.30223880597014924,0.6977611940298507,early,50,cycle,4,/Users/amrkandil/github_repos/thesis/Distributed-Tsetlin-Machines/experiments/results_minority/I_x_II/rule32_vs_rule77/hamming_distance.png,/Users/amrkandil/github_repos/thesis/Distributed-Tsetlin-Machines/experiments/results_minority/I_x_II/rule32_vs_rule77/lag_hamming.png,/Users/amrkandil/github_repos/thesis/Distributed-Tsetlin-Machines/experiments/results_minority/I_x_II/rule32_vs_rule77/metrics.json
32,78,I_x_II,cycle,8,0,0.0,0.0,0.22043781094527362,0.02090093272766586,0.2213930348258706,coexist,,0.38925373134328356,0.6107462686567164,early,50,cycle,8,/Users/amrkandil/github_repos/thesis/Distributed-Tsetlin-Machines/experiments/results_minority/I_x_II/rule32_vs_rule78/hamming_distance.png,/Users/amrkandil/github_repos/thesis/Distributed-Tsetlin-Machines/experiments/results_minority/I_x_II/rule32_vs_rule78/lag_hamming.png,/Users/amrkandil/github_repos/thesis/Distributed-Tsetlin-Machines/experiments/results_minority/I_x_II/rule32_vs_rule78/metrics.json
32,94,I_x_II,near_cycle,4,0,0.07729613895259234,0.0772961389525922,0.4131144278606965,0.030253789840413842,0.4159701492537313,coexist,,0.4462686567164179,0.5537313432835821,late,150,near_cycle,4,/Users/amrkandil/github_repos/thesis/Distributed-Tsetlin-Machines/experiments/results_minority/I_x_II/rule32_vs_rule94/hamming_distance.png,/Users/amrkandil/github_repos/thesis/Distributed-Tsetlin-Machines/experiments/results_minority/I_x_II/rule32_vs_rule94/lag_hamming.png,/Users/amrkandil/github_repos/thesis/Distributed-Tsetlin-Machines/experiments/results_minority/I_x_II/rule32_vs_rule94/metrics.json
32,104,I_x_II,fixed,1,0,0.0,0.0,0.002009950248756219,0.02691757654086813,0.0,coexist,,0.5,0.5,early,50,fixed,1,/Users/amrkandil/github_repos/thesis/Distributed-Tsetlin-Machines/experiments/results_minority/I_x_II/rule32_vs_rule104/hamming_distance.png,/Users/amrkandil/github_repos/thesis/Distributed-Tsetlin-Machines/experiments/results_minority/I_x_II/rule32_vs_rule104/lag_hamming.png,/Users/amrkandil/github_repos/thesis/Distributed-Tsetlin-Machines/experiments/results_minority/I_x_II/rule32_vs_rule104/metrics.json
32,108,I_x_II,cycle,2,0,0.0,0.0,0.036208955223880596,0.021004640461521812,0.03482587064676618,coexist,,0.4427860696517413,0.5572139303482587,early,50,cycle,2,/Users/amrkandil/github_repos/thesis/Distributed-Tsetlin-Machines/experiments/results_minority/I_x_II/rule32_vs_rule108/hamming_distance.png,/Users/amrkandil/github_repos/thesis/Distributed-Tsetlin-Machines/experiments/results_minority/I_x_II/rule32_vs_rule108/lag_hamming.png,/Users/amrkandil/github_repos/thesis/Distributed-Tsetlin-Machines/experiments/results_minority/I_x_II/rule32_vs_rule108/metrics.json
32,130,I_x_II,fixed,1,0,0.0,0.0,0.0017910447761194032,0.025179438214725687,0.0,coexist,,0.5,0.5,early,50,fixed,1,/Users/amrkandil/github_repos/thesis/Distributed-Tsetlin-Machines/experiments/results_minority/I_x_II/rule32_vs_rule130/hamming_distance.png,/Users/amrkandil/github_repos/thesis/Distributed-Tsetlin-Machines/experiments/results_minority/I_x_II/rule32_vs_rule130/lag_hamming.png,/Users/amrkandil/github_repos/thesis/Distributed-Tsetlin-Machines/experiments/results_minority/I_x_II/rule32_vs_rule130/metrics.json
32,132,I_x_II,fixed,1,0,7.070076972737315e-17,0.0,0.0011741293532338307,0.019853367075961314,0.0,coexist,,0.48009950248756217,0.5199004975124378,early,50,fixed,1,/Users/amrkandil/github_repos/thesis/Distributed-Tsetlin-Machines/experiments/results_minority/I_x_II/rule32_vs_rule132/hamming_distance.png,/Users/amrkandil/github_repos/thesis/Distributed-Tsetlin-Machines/experiments/results_minority/I_x_II/rule32_vs_rule132/lag_hamming.png,/Users/amrkandil/github_repos/thesis/Distributed-Tsetlin-Machines/experiments/results_minority/I_x_II/rule32_vs_rule132/metrics.json
32,134,I_x_II,fixed,1,0,0.0,0.0,0.0024079601990049755,0.023727611125324257,0.0,coexist,,0.5,0.5,early,50,fixed,1,/Users/amrkandil/github_repos/thesis/Distributed-Tsetlin-Machines/experiments/results_minority/I_x_II/rule32_vs_rule134/hamming_distance.png,/Users/amrkandil/github_repos/thesis/Distributed-Tsetlin-Machines/experiments/results_minority/I_x_II/rule32_vs_rule134/lag_hamming.png,/Users/amrkandil/github_repos/thesis/Distributed-Tsetlin-Machines/experiments/results_minority/I_x_II/rule32_vs_rule134/metrics.json
32,138,I_x_II,fixed,1,0,0.0,0.0,0.0019701492537313433,0.02434619903578202,0.0,coexist,,0.5,0.5,early,50,fixed,1,/Users/amrkandil/github_repos/thesis/Distributed-Tsetlin-Machines/experiments/results_minority/I_x_II/rule32_vs_rule138/hamming_distance.png,/Users/amrkandil/github_repos/thesis/Distributed-Tsetlin-Machines/experiments/results_minority/I_x_II/rule32_vs_rule138/lag_hamming.png,/Users/amrkandil/github_repos/thesis/Distributed-Tsetlin-Machines/experiments/results_minority/I_x_II/rule32_vs_rule138/metrics.json
32,140,I_x_II,fixed,1,0,0.0,0.0,0.0011840796019900496,0.017539946169837613,0.0,coexist,,0.44776119402985076,0.5522388059701493,early,50,fixed,1,/Users/amrkandil/github_repos/thesis/Distributed-Tsetlin-Machines/experiments/results_minority/I_x_II/rule32_vs_rule140/hamming_distance.png,/Users/amrkandil/github_repos/thesis/Distributed-Tsetlin-Machines/experiments/results_minority/I_x_II/rule32_vs_rule140/lag_hamming.png,/Users/amrkandil/github_repos/thesis/Distributed-Tsetlin-Machines/experiments/results_minority/I_x_II/rule32_vs_rule140/metrics.json
32,142,I_x_II,fixed,1,0,0.0,0.0,0.003442786069651741,0.024110181643646558,0.0,coexist,,0.5,0.5,early,50,fixed,1,/Users/amrkandil/github_repos/thesis/Distributed-Tsetlin-Machines/experiments/results_minority/I_x_II/rule32_vs_rule142/hamming_distance.png,/Users/amrkandil/github_repos/thesis/Distributed-Tsetlin-Machines/experiments/results_minority/I_x_II/rule32_vs_rule142/lag_hamming.png,/Users/amrkandil/github_repos/thesis/Distributed-Tsetlin-Machines/experiments/results_minority/I_x_II/rule32_vs_rule142/metrics.json
32,152,I_x_II,fixed,1,0,0.0,0.0,0.0019701492537313433,0.02466737910863869,0.0,coexist,,0.5,0.5,early,50,fixed,1,/Users/amrkandil/github_repos/thesis/Distributed-Tsetlin-Machines/experiments/results_minority/I_x_II/rule32_vs_rule152/hamming_distance.png,/Users/amrkandil/github_repos/thesis/Distributed-Tsetlin-Machines/experiments/results_minority/I_x_II/rule32_vs_rule152/lag_hamming.png,/Users/amrkandil/github_repos/thesis/Distributed-Tsetlin-Machines/experiments/results_minority/I_x_II/rule32_vs_rule152/metrics.json
32,154,I_x_II,cycle,28,0,2.828030789094926e-16,0.0,0.1485771144278607,0.021052186926581354,0.14639303482587063,coexist,,0.4364179104477612,0.5635820895522388,early,50,cycle,28,/Users/amrkandil/github_repos/thesis/Distributed-Tsetlin-Machines/experiments/results_minority/I_x_II/rule32_vs_rule154/hamming_distance.png,/Users/amrkandil/github_repos/thesis/Distributed-Tsetlin-Machines/experiments/results_minority/I_x_II/rule32_vs_rule154/lag_hamming.png,/Users/amrkandil/github_repos/thesis/Distributed-Tsetlin-Machines/experiments/results_minority/I_x_II/rule32_vs_rule154/metrics.json
32,156,I_x_II,cycle,12,0,0.0,0.0,0.1884477611940298,0.015161577060938548,0.18904228855721392,coexist,,0.3855721393034826,0.6144278606965174,early,50,cycle,12,/Users/amrkandil/github_repos/thesis/Distributed-Tsetlin-Machines/experiments/results_minority/I_x_II/rule32_vs_rule156/hamming_distance.png,/Users/amrkandil/github_repos/thesis/Distributed-Tsetlin-Machines/experiments/results_minority/I_x_II/rule32_vs_rule156/lag_hamming.png,/Users/amrkandil/github_repos/thesis/Distributed-Tsetlin-Machines/experiments/results_minority/I_x_II/rule32_vs_rule156/metrics.json
32,162,I_x_II,fixed,1,0,0.0,0.0,0.0035024875621890547,0.03495370426075722,0.0,coexist,,0.5,0.5,early,50,fixed,1,/Users/amrkandil/github_repos/thesis/Distributed-Tsetlin-Machines/experiments/results_minority/I_x_II/rule32_vs_rule162/hamming_distance.png,/Users/amrkandil/github_repos/thesis/Distributed-Tsetlin-Machines/experiments/results_minority/I_x_II/rule32_vs_rule162/lag_hamming.png,/Users/amrkandil/github_repos/thesis/Distributed-Tsetlin-Machines/experiments/results_minority/I_x_II/rule32_vs_rule162/metrics.json
32,164,I_x_II,fixed,1,0,0.0,0.0,0.0018109452736318407,0.025264377198514747,0.0,coexist,,0.48009950248756217,0.5199004975124378,early,50,fixed,1,/Users/amrkandil/github_repos/thesis/Distributed-Tsetlin-Machines/experiments/results_minority/I_x_II/rule32_vs_rule164/hamming_distance.png,/Users/amrkandil/github_repos/thesis/Distributed-Tsetlin-Machines/experiments/results_minority/I_x_II/rule32_vs_rule164/lag_hamming.png,/Users/amrkandil/github_repos/thesis/Distributed-Tsetlin-Machines/experiments/results_minority/I_x_II/rule32_vs_rule164/metrics.json
32,170,I_x_II,fixed,1,0,0.0,0.0,0.0038606965174129357,0.03584777322204385,0.0,coexist,,0.5,0.5,early,50,fixed,1,/Users/amrkandil/github_repos/thesis/Distributed-Tsetlin-Machines/experiments/results_minority/I_x_II/rule32_vs_rule170/hamming_distance.png,/Users/amrkandil/github_repos/thesis/Distributed-Tsetlin-Machines/experiments/results_minority/I_x_II/rule32_vs_rule170/lag_hamming.png,/Users/amrkandil/github_repos/thesis/Distributed-Tsetlin-Machines/experiments/results_minority/I_x_II/rule32_vs_rule170/metrics.json
32,172,I_x_II,fixed,1,0,0.0,0.0,0.002039800995024876,0.024149553015916116,0.0,coexist,,0.4527363184079602,0.5472636815920398,early,50,fixed,1,/Users/amrkandil/github_repos/thesis/Distributed-Tsetlin-Machines/experiments/results_minority/I_x_II/rule32_vs_rule172/hamming_distance.png,/Users/amrkandil/github_repos/thesis/Distributed-Tsetlin-Machines/experiments/results_minority/I_x_II/rule32_vs_rule172/lag_hamming.png,/Users/amrkandil/github_repos/thesis/Distributed-Tsetlin-Machines/experiments/results_minority/I_x_II/rule32_vs_rule172/metrics.json
32,178,I_x_II,cycle,2,0,0.0,0.0,0.669363184079602,0.017935468979060024,0.6716417910447763,coexist,,0.2935323383084577,0.7064676616915423,early,50,cycle,2,/Users/amrkandil/github_repos/thesis/Distributed-Tsetlin-Machines/experiments/results_minority/I_x_II/rule32_vs_rule178/hamming_distance.png,/Users/amrkandil/github_repos/thesis/Distributed-Tsetlin-Machines/experiments/results_minority/I_x_II/rule32_vs_rule178/lag_hamming.png,/Users/amrkandil/github_repos/thesis/Distributed-Tsetlin-Machines/experiments/results_minority/I_x_II/rule32_vs_rule178/metrics.json
32,184,I_x_II,fixed,1,0,0.0,0.0,0.003980099502487562,0.03599735420368562,0.0,coexist,,0.5,0.5,early,50,fixed,1,/Users/amrkandil/github_repos/thesis/Distributed-Tsetlin-Machines/experiments/results_minority/I_x_II/rule32_vs_rule184/hamming_distance.png,/Users/amrkandil/github_repos/thesis/Distributed-Tsetlin-Machines/experiments/results_minority/I_x_II/rule32_vs_rule184/lag_hamming.png,/Users/amrkandil/github_repos/thesis/Distributed-Tsetlin-Machines/experiments/results_minority/I_x_II/rule32_vs_rule184/metrics.json
32,200,I_x_II,fixed,1,0,0.0,0.0,0.0015124378109452735,0.018630883607984268,0.0,coexist,,0.5,0.5,early,50,fixed,1,/Users/amrkandil/github_repos/thesis/Distributed-Tsetlin-Machines/experiments/results_minority/I_x_II/rule32_vs_rule200/hamming_distance.png,/Users/amrkandil/github_repos/thesis/Distributed-Tsetlin-Machines/experiments/results_minority/I_x_II/rule32_vs_rule200/lag_hamming.png,/Users/amrkandil/github_repos/thesis/Distributed-Tsetlin-Machines/experiments/results_minority/I_x_II/rule32_vs_rule200/metrics.json
32,204,I_x_II,cycle,2,0,0.0,0.0,0.05559203980099501,0.012311522038785952,0.05472636815920396,coexist,,0.4427860696517413,0.5572139303482587,early,50,cycle,2,/Users/amrkandil/github_repos/thesis/Distributed-Tsetlin-Machines/experiments/results_minority/I_x_II/rule32_vs_rule204/hamming_distance.png,/Users/amrkandil/github_repos/thesis/Distributed-Tsetlin-Machines/experiments/results_minority/I_x_II/rule32_vs_rule204/lag_hamming.png,/Users/amrkandil/github_repos/thesis/Distributed-Tsetlin-Machines/experiments/results_minority/I_x_II/rule32_vs_rule204/metrics.json
32,232,I_x_II,fixed,1,0,0.0,0.0,0.0031442786069651742,0.02725377312049168,0.0,coexist,,0.5,0.5,early,50,fixed,1,/Users/amrkandil/github_repos/thesis/Distributed-Tsetlin-Machines/experiments/results_minority/I_x_II/rule32_vs_rule232/hamming_distance.png,/Users/amrkandil/github_repos/thesis/Distributed-Tsetlin-Machines/experiments/results_minority/I_x_II/rule32_vs_rule232/lag_hamming.png,/Users/amrkandil/github_repos/thesis/Distributed-Tsetlin-Machines/experiments/results_minority/I_x_II/rule32_vs_rule232/metrics.json
40,1,I_x_II,near_cycle,12,0,0.11978667075931389,0.11978667075931397,0.4604477611940299,0.023188296330385612,0.45945273631840794,coexist,,0.5086567164179104,0.49134328358208956,late,250,near_cycle,12,/Users/amrkandil/github_repos/thesis/Distributed-Tsetlin-Machines/experiments/results_minority/I_x_II/rule40_vs_rule1/hamming_distance.png,/Users/amrkandil/github_repos/thesis/Distributed-Tsetlin-Machines/experiments/results_minority/I_x_II/rule40_vs_rule1/lag_hamming.png,/Users/amrkandil/github_repos/thesis/Distributed-Tsetlin-Machines/experiments/results_minority/I_x_II/rule40_vs_rule1/metrics.json
40,2,I_x_II,fixed,1,0,0.0,0.0,0.0018308457711442786,0.02611470035846679,0.0,coexist,,0.5,0.5,early,50,fixed,1,/Users/amrkandil/github_repos/thesis/Distributed-Tsetlin-Machines/experiments/results_minority/I_x_II/rule40_vs_rule2/hamming_distance.png,/Users/amrkandil/github_repos/thesis/Distributed-Tsetlin-Machines/experiments/results_minority/I_x_II/rule40_vs_rule2/lag_hamming.png,/Users/amrkandil/github_repos/thesis/Distributed-Tsetlin-Machines/experiments/results_minority/I_x_II/rule40_vs_rule2/metrics.json
40,3,I_x_II,cycle,8,0,4.949053880916121e-16,0.0,0.5304278606965174,0.017651909560747605,0.5286069651741293,coexist,,0.5242786069651741,0.47572139303482586,early,100,cycle,8,/Users/amrkandil/github_repos/thesis/Distributed-Tsetlin-Machines/experiments/results_minority/I_x_II/rule40_vs_rule3/hamming_distance.png,/Users/amrkandil/github_repos/thesis/Distributed-Tsetlin-Machines/experiments/results_minority/I_x_II/rule40_vs_rule3/lag_hamming.png,/Users/amrkandil/github_repos/thesis/Distributed-Tsetlin-Machines/experiments/results_minority/I_x_II/rule40_vs_rule3/metrics.json
40,4,I_x_II,fixed,1,0,0.0,0.0,0.001154228855721393,0.020758956712822938,0.0,coexist,,0.48507462686567165,0.5149253731343284,early,50,fixed,1,/Users/amrkandil/github_repos/thesis/Distributed-Tsetlin-Machines/experiments/results_minority/I_x_II/rule40_vs_rule4/hamming_distance.png,/Users/amrkandil/github_repos/thesis/Distributed-Tsetlin-Machines/experiments/results_minority/I_x_II/rule40_vs_rule4/lag_hamming.png,/Users/amrkandil/github_repos/thesis/Distributed-Tsetlin-Machines/experiments/results_minority/I_x_II/rule40_vs_rule4/metrics.json
40,5,I_x_II,near_cycle,8,0,0.02017900320281561,0.02017900320281544,0.098,0.05240834747704908,0.08636815920398008,coexist,,0.1944278606965174,0.8055721393034826,late,250,cycle,24,/Users/amrkandil/github_repos/thesis/Distributed-Tsetlin-Machines/experiments/results_minority/I_x_II/rule40_vs_rule5/hamming_distance.png,/Users/amrkandil/github_repos/thesis/Distributed-Tsetlin-Machines/experiments/results_minority/I_x_II/rule40_vs_rule5/lag_hamming.png,/Users/amrkandil/github_repos/thesis/Distributed-Tsetlin-Machines/experiments/results_minority/I_x_II/rule40_vs_rule5/metrics.json
40,6,I_x_II,near_cycle,1,1,0.022985074626865908,0.04666666666666667,0.04808955223880597,0.022397147961868296,0.04666666666666666,coexist,,0.49656716417910446,0.5034328358208955,early,50,near_cycle,1,/Users/amrkandil/github_repos/thesis/Distributed-Tsetlin-Machines/experiments/results_minority/I_x_II/rule40_vs_rule6/hamming_distance.png,/Users/amrkandil/github_repos/thesis/Distributed-Tsetlin-Machines/experiments/results_minority/I_x_II/rule40_vs_rule6/lag_hamming.png,/Users/amrkandil/github_repos/thesis/Distributed-Tsetlin-Machines/experiments/results_minority/I_x_II/rule40_vs_rule6/metrics.json
40,7,I_x_II,cycle,48,0,7.070076972737315e-17,0.0,0.5036716417910448,0.01450259935271763,0.5037189054726369,coexist,,0.5473631840796019,0.452636815920398,early,50,cycle,48,/Users/amrkandil/github_repos/thesis/Distributed-Tsetlin-Machines/experiments/results_minority/I_x_II/rule40_vs_rule7/hamming_distance.png,/Users/amrkandil/github_repos/thesis/Distributed-Tsetlin-Machines/experiments/results_minority/I_x_II/rule40_vs_rule7/lag_hamming.png,/Users/amrkandil/github_repos/thesis/Distributed-Tsetlin-Machines/experiments/results_minority/I_x_II/rule40_vs_rule7/metrics.json
40,9,I_x_II,cycle,72,0,0.0,0.0,0.46569154228855725,0.021912688937844226,0.46623134328358207,coexist,,0.5349751243781095,0.46502487562189054,early,100,near_cycle,8,/Users/amrkandil/github_repos/thesis/Distributed-Tsetlin-Machines/experiments/results_minority/I_x_II/rule40_vs_rule9/hamming_distance.png,/Users/amrkandil/github_repos/thesis/Distributed-Tsetlin-Machines/experiments/results_minority/I_x_II/rule40_vs_rule9/lag_hamming.png,/Users/amrkandil/github_repos/thesis/Distributed-Tsetlin-Machines/experiments/results_minority/I_x_II/rule40_vs_rule9/metrics.json
40,10,I_x_II,fixed,1,0,0.0,0.0,0.0021492537313432835,0.025198588004192116,0.0,coexist,,0.5,0.5,early,50,fixed,1,/Users/amrkandil/github_repos/thesis/Distributed-Tsetlin-Machines/experiments/results_minority/I_x_II/rule40_vs_rule10/hamming_distance.png,/Users/amrkandil/github_repos/thesis/Distributed-Tsetlin-Machines/experiments/results_minority/I_x_II/rule40_vs_rule10/lag_hamming.png,/Users/amrkandil/github_repos/thesis/Distributed-Tsetlin-Machines/experiments/results_minority/I_x_II/rule40_vs_rule10/metrics.json
40,11,I_x_II,cycle,8,0,0.0,0.0,0.5299402985074628,0.029773397299482005,0.5298507462686568,coexist,,0.5008457711442786,0.4991542288557214,early,100,cycle,8,/Users/amrkandil/github_repos/thesis/Distributed-Tsetlin-Machines/experiments/results_minority/I_x_II/rule40_vs_rule11/hamming_distance.png,/Users/amrkandil/github_repos/thesis/Distributed-Tsetlin-Machines/experiments/results_minority/I_x_II/rule40_vs_rule11/lag_hamming.png,/Users/amrkandil/github_repos/thesis/Distributed-Tsetlin-Machines/experiments/results_minority/I_x_II/rule40_vs_rule11/metrics.json
40,12,I_x_II,fixed,1,0,2.828030789094926e-16,0.0,0.0011044776119402985,0.01842859942858074,0.0,coexist,,0.4577114427860697,0.5422885572139303,early,50,fixed,1,/Users/amrkandil/github_repos/thesis/Distributed-Tsetlin-Machines/experiments/results_minority/I_x_II/rule40_vs_rule12/hamming_distance.png,/Users/amrkandil/github_repos/thesis/Distributed-Tsetlin-Machines/experiments/results_minority/I_x_II/rule40_vs_rule12/lag_hamming.png,/Users/amrkandil/github_repos/thesis/Distributed-Tsetlin-Machines/experiments/results_minority/I_x_II/rule40_vs_rule12/metrics.json
40,13,I_x_II,cycle,60,0,7.070076972737315e-17,0.0,0.04786069651741293,0.03379116783550892,0.041131840796019906,coexist,,0.18422885572139303,0.815771144278607,early,50,near_cycle,12,/Users/amrkandil/github_repos/thesis/Distributed-Tsetlin-Machines/experiments/results_minority/I_x_II/rule40_vs_rule13/hamming_distance.png,/Users/amrkandil/github_repos/thesis/Distributed-Tsetlin-Machines/experiments/results_minority/I_x_II/rule40_vs_rule13/lag_hamming.png,/Users/amrkandil/github_repos/thesis/Distributed-Tsetlin-Machines/experiments/results_minority/I_x_II/rule40_vs_rule13/metrics.json
40,14,I_x_II,near_cycle,1,1,0.05190298507462675,0.10730099502487563,0.10844776119402984,0.019565081296242067,0.10730099502487561,coexist,,0.4918407960199005,0.5081592039800995,early,50,near_cycle,1,/Users/amrkandil/github_repos/thesis/Distributed-Tsetlin-Machines/experiments/results_minority/I_x_II/rule40_vs_rule14/hamming_distance.png,/Users/amrkandil/github_repos/thesis/Distributed-Tsetlin-Machines/experiments/results_minority/I_x_II/rule40_vs_rule14/lag_hamming.png,/Users/amrkandil/github_repos/thesis/Distributed-Tsetlin-Machines/experiments/results_minority/I_x_II/rule40_vs_rule14/metrics.json
40,15,I_x_II,cycle,48,0,2.1210230918211945e-16,0.0,0.5004477611940299,0.019909139914430583,0.5025621890547264,coexist,,0.5387064676616915,0.46129353233830844,early,50,cycle,48,/Users/amrkandil/github_repos/thesis/Distributed-Tsetlin-Machines/experiments/results_minority/I_x_II/rule40_vs_rule15/hamming_distance.png,/Users/amrkandil/github_repos/thesis/Distributed-Tsetlin-Machines/experiments/results_minority/I_x_II/rule40_vs_rule15/lag_hamming.png,/Users/amrkandil/github_repos/thesis/Distributed-Tsetlin-Machines/experiments/results_minority/I_x_II/rule40_vs_rule15/metrics.json
40,19,I_x_II,aperiodic,,,0.3042537313432836,0.6666169154228856,0.6668358208955224,0.023329484454860574,0.6666169154228855,coexist,,0.5050746268656716,0.4949253731343284,never,,aperiodic,,/Users/amrkandil/github_repos/thesis/Distributed-Tsetlin-Machines/experiments/results_minority/I_x_II/rule40_vs_rule19/hamming_distance.png,/Users/amrkandil/github_repos/thesis/Distributed-Tsetlin-Machines/experiments/results_minority/I_x_II/rule40_vs_rule19/lag_hamming.png,/Users/amrkandil/github_repos/thesis/Distributed-Tsetlin-Machines/experiments/results_minority/I_x_II/rule40_vs_rule19/metrics.json
40,23,I_x_II,aperiodic,,,0.30187484967022393,0.30187484967022393,0.620995024875622,0.02385135024982617,0.6223258706467661,coexist,,0.5538805970149254,0.44611940298507463,never,,aperiodic,,/Users/amrkandil/github_repos/thesis/Distributed-Tsetlin-Machines/experiments/results_minority/I_x_II/rule40_vs_rule23/hamming_distance.png,/Users/amrkandil/github_repos/thesis/Distributed-Tsetlin-Machines/experiments/results_minority/I_x_II/rule40_vs_rule23/lag_hamming.png,/Users/amrkandil/github_repos/thesis/Distributed-Tsetlin-Machines/experiments/results_minority/I_x_II/rule40_vs_rule23/metrics.json
40,24,I_x_II,fixed,1,0,0.0,0.0,0.0019303482587064678,0.025300577166740175,0.0,coexist,,0.5,0.5,early,50,fixed,1,/Users/amrkandil/github_repos/thesis/Distributed-Tsetlin-Machines/experiments/results_minority/I_x_II/rule40_vs_rule24/hamming_distance.png,/Users/amrkandil/github_repos/thesis/Distributed-Tsetlin-Machines/experiments/results_minority/I_x_II/rule40_vs_rule24/lag_hamming.png,/Users/amrkandil/github_repos/thesis/Distributed-Tsetlin-Machines/experiments/results_minority/I_x_II/rule40_vs_rule24/metrics.json
40,25,I_x_II,near_cycle,8,0,0.17012899877204327,0.1701289987720431,0.5880995024875622,0.024925688918665766,0.5890547263681591,coexist,,0.5214925373134328,0.4785074626865672,late,150,near_cycle,8,/Users/amrkandil/github_repos/thesis/Distributed-Tsetlin-Machines/experiments/results_minority/I_x_II/rule40_vs_rule25/hamming_distance.png,/Users/amrkandil/github_repos/thesis/Distributed-Tsetlin-Machines/experiments/results_minority/I_x_II/rule40_vs_rule25/lag_hamming.png,/Users/amrkandil/github_repos/thesis/Distributed-Tsetlin-Machines/experiments/results_minority/I_x_II/rule40_vs_rule25/metrics.json
40,26,I_x_II,cycle,28,0,0.0,0.0,0.11429850746268658,0.024608176234046725,0.11156716417910446,coexist,,0.44139303482587067,0.5586069651741293,early,50,cycle,28,/Users/amrkandil/github_repos/thesis/Distributed-Tsetlin-Machines/experiments/results_minority/I_x_II/rule40_vs_rule26/hamming_distance.png,/Users/amrkandil/github_repos/thesis/Distributed-Tsetlin-Machines/experiments/results_minority/I_x_II/rule40_vs_rule26/lag_hamming.png,/Users/amrkandil/github_repos/thesis/Distributed-Tsetlin-Machines/experiments/results_minority/I_x_II/rule40_vs_rule26/metrics.json
40,27,I_x_II,aperiodic,,,0.29353233830845776,0.6647014925373135,0.6640298507462686,0.026893803218734805,0.6647014925373135,coexist,,0.5166666666666667,0.48333333333333334,never,,aperiodic,,/Users/amrkandil/github_repos/thesis/Distributed-Tsetlin-Machines/experiments/results_minority/I_x_II/rule40_vs_rule27/hamming_distance.png,/Users/amrkandil/github_repos/thesis/Distributed-Tsetlin-Machines/experiments/results_minority/I_x_II/rule40_vs_rule27/lag_hamming.png,/Users/amrkandil/github_repos/thesis/Distributed-Tsetlin-Machines/experiments/results_minority/I_x_II/rule40_vs_rule27/metrics.json
40,28,I_x_II,cycle,24,0,0.0,0.0,0.16817910447761195,0.021666414767400895,0.1686691542288557,coexist,,0.4228855721393035,0.5771144278606966,early,50,cycle,24,/Users/amrkandil/github_repos/thesis/Distributed-Tsetlin-Machines/experiments/results_minority/I_x_II/rule40_vs_rule28/hamming_distance.png,/Users/amrkandil/github_repos/thesis/Distributed-Tsetlin-Machines/experiments/results_minority/I_x_II/rule40_vs_rule28/lag_hamming.png,/Users/amrkandil/github_repos/thesis/Distributed-Tsetlin-Machines/experiments/results_minority/I_x_II/rule40_vs_rule28/metrics.json
40,29,I_x_II,cycle,8,0,7.070076972737315e-17,0.0,0.3454427860696517,0.012208476759186002,0.34452736318407956,coexist,,0.2238308457711443,0.7761691542288557,early,50,cycle,8,/Users/amrkandil/github_repos/thesis/Distributed-Tsetlin-Machines/experiments/results_minority/I_x_II/rule40_vs_rule29/hamming_distance.png,/Users/amrkandil/github_repos/thesis/Distributed-Tsetlin-Machines/experiments/results_minority/I_x_II/rule40_vs_rule29/lag_hamming.png,/Users/amrkandil/github_repos/thesis/Distributed-Tsetlin-Machines/experiments/results_minority/I_x_II/rule40_vs_rule29/metrics.json
40,33,I_x_II,near_cycle,12,0,0.15669723362621343,0.1566972336262134,0.49154228855721394,0.030101763822788518,0.49024875621890546,coexist,,0.4843781094527363,0.5156218905472637,late,334,near_cycle,12,/Users/amrkandil/github_repos/thesis/Distributed-Tsetlin-Machines/experiments/results_minority/I_x_II/rule40_vs_rule33/hamming_distance.png,/Users/amrkandil/github_repos/thesis/Distributed-Tsetlin-Machines/experiments/results_minority/I_x_II/rule40_vs_rule33/lag_hamming.png,/Users/amrkandil/github_repos/thesis/Distributed-Tsetlin-Machines/experiments/results_minority/I_x_II/rule40_vs_rule33/metrics.json
40,34,I_x_II,fixed,1,0,0.0,0.0,0.0031641791044776124,0.03359425023969279,0.0,coexist,,0.5,0.5,early,50,fixed,1,/Users/amrkandil/github_repos/thesis/Distributed-Tsetlin-Machines/experiments/results_minority/I_x_II/rule40_vs_rule34/hamming_distance.png,/Users/amrkandil/github_repos/thesis/Distributed-Tsetlin-Machines/experiments/results_minority/I_x_II/rule40_vs_rule34/lag_hamming.png,/Users/amrkandil/github_repos/thesis/Distributed-Tsetlin-Machines/experiments/results_minority/I_x_II/rule40_vs_rule34/metrics.json
40,35,I_x_II,near_cycle,4,0,0.012757371831021198,0.012757371831021217,0.5356318407960199,0.028426972578537806,0.5299626865671643,coexist,,0.5287562189054726,0.47124378109452736,late,150,cycle,8,/Users/amrkandil/github_repos/thesis/Distributed-Tsetlin-Machines/experiments/results_minority/I_x_II/rule40_vs_rule35/hamming_distance.png,/Users/amrkandil/github_repos/thesis/Distributed-Tsetlin-Machines/experiments/results_minority/I_x_II/rule40_vs_rule35/lag_hamming.png,/Users/amrkandil/github_repos/thesis/Distributed-Tsetlin-Machines/experiments/results_minority/I_x_II/rule40_vs_rule35/metrics.json
40,36,I_x_II,fixed,1,0,7.070076972737315e-17,0.0,0.0017313432835820897,0.02571080355935673,0.0,coexist,,0.4900497512437811,0.5099502487562189,early,50,fixed,1,/Users/amrkandil/github_repos/thesis/Distributed-Tsetlin-Machines/experiments/results_minority/I_x_II/rule40_vs_rule36/hamming_distance.png,/Users/amrkandil/github_repos/thesis/Distributed-Tsetlin-Machines/experiments/results_minority/I_x_II/rule40_vs_rule36/lag_hamming.png,/Users/amrkandil/github_repos/thesis/Distributed-Tsetlin-Machines/experiments/results_minority/I_x_II/rule40_vs_rule36/metrics.json
40,37,I_x_II,near_cycle,40,0,0.20979589586692576,0.20979589586692576,0.40597014925373137,0.03447154505716638,0.40356965174129356,coexist,,0.40577114427860694,0.5942288557213931,late,334,near_cycle,40,/Users/amrkandil/github_repos/thesis/Distributed-Tsetlin-Machines/experiments/results_minority/I_x_II/rule40_vs_rule37/hamming_distance.png,/Users/amrkandil/github_repos/thesis/Distributed-Tsetlin-Machines/experiments/results_minority/I_x_II/rule40_vs_rule37/lag_hamming.png,/Users/amrkandil/github_repos/thesis/Distributed-Tsetlin-Machines/experiments/results_minority/I_x_II/rule40_vs_rule37/metrics.json
40,38,I_x_II,near_cycle,1,1,0.019950248756219143,0.03975124378109453,0.04170149253731343,0.027414730282269654,0.039751243781094535,coexist,,0.49676616915422883,0.5032338308457711,late,150,near_cycle,1,/Users/amrkandil/github_repos/thesis/Distributed-Tsetlin-Machines/experiments/results_minority/I_x_II/rule40_vs_rule38/hamming_distance.png,/Users/amrkandil/github_repos/thesis/Distributed-Tsetlin-Machines/experiments/results_minority/I_x_II/rule40_vs_rule38/lag_hamming.png,/Users/amrkandil/github_repos/thesis/Distributed-Tsetlin-Machines/experiments/results_minority/I_x_II/rule40_vs_rule38/metrics.json
40,42,I_x_II,fixed,1,0,0.0,0.0,0.004915422885572139,0.03582637326829039,0.0,coexist,,0.5,0.5,early,50,fixed,1,/Users/amrkandil/github_repos/thesis/Distributed-Tsetlin-Machines/experiments/results_minority/I_x_II/rule40_vs_rule42/hamming_distance.png,/Users/amrkandil/github_repos/thesis/Distributed-Tsetlin-Machines/experiments/results_minority/I_x_II/rule40_vs_rule42/lag_hamming.png,/Users/amrkandil/github_repos/thesis/Distributed-Tsetlin-Machines/experiments/results_minority/I_x_II/rule40_vs_rule42/metrics.json
40,43,I_x_II,near_cycle,4,0,0.0003884857826740776,0.0003884857826735341,0.5247860696517412,0.020851455547171802,0.519950248756219,coexist,,0.5211442786069652,0.47885572139303484,late,150,cycle,4,/Users/amrkandil/github_repos/thesis/Distributed-Tsetlin-Machines/experiments/results_minority/I_x_II/rule40_vs_rule43/hamming_distance.png,/Users/amrkandil/github_repos/thesis/Distributed-Tsetlin-Machines/experiments/results_minority/I_x_II/rule40_vs_rule43/lag_hamming.png,/Users/amrkandil/github_repos/thesis/Distributed-Tsetlin-Machines/experiments/results_minority/I_x_II/rule40_vs_rule43/metrics.json
40,44,I_x_II,fixed,1,0,7.070076972737315e-17,0.0,0.0017910447761194028,0.02400795228103384,0.0,coexist,,0.4601990049751244,0.5398009950248757,early,50,fixed,1,/Users/amrkandil/github_repos/thesis/Distributed-Tsetlin-Machines/experiments/results_minority/I_x_II/rule40_vs_rule44/hamming_distance.png,/Users/amrkandil/github_repos/thesis/Distributed-Tsetlin-Machines/experiments/results_minority/I_x_II/rule40_vs_rule44/lag_hamming.png,/Users/amrkandil/github_repos/thesis/Distributed-Tsetlin-Machines/experiments/results_minority/I_x_II/rule40_vs_rule44/metrics.json
40,46,I_x_II,near_cycle,1,1,0.04671641791044769,0.09258706467661691,0.09476616915422885,0.024221088378713482,0.09258706467661693,coexist,,0.49228855721393033,0.5077114427860696,early,50,near_cycle,1,/Users/amrkandil/github_repos/thesis/Distributed-Tsetlin-Machines/experiments/results_minority/I_x_II/rule40_vs_rule46/hamming_distance.png,/Users/amrkandil/github_repos/thesis/Distributed-Tsetlin-Machines/experiments/results_minority/I_x_II/rule40_vs_rule46/lag_hamming.png,/Users/amrkandil/github_repos/thesis/Distributed-Tsetlin-Machines/experiments/results_minority/I_x_II/rule40_vs_rule46/metrics.json
40,50,I_x_II,cycle,12,0,0.0,0.0,0.5366965174129351,0.013838202703495069,0.538146766169154,coexist,,0.3200497512437811,0.6799502487562189,early,50,cycle,12,/Users/amrkandil/github_repos/thesis/Distributed-Tsetlin-Machines/experiments/results_minority/I_x_II/rule40_vs_rule50/hamming_distance.png,/Users/amrkandil/github_repos/thesis/Distributed-Tsetlin-Machines/experiments/results_minority/I_x_II/rule40_vs_rule50/lag_hamming.png,/Users/amrkandil/github_repos/thesis/Distributed-Tsetlin-Machines/experiments/results_minority/I_x_II/rule40_vs_rule50/metrics.json
40,51,I_x_II,cycle,12,0,0.0,0.0,0.9315721393034828,0.028038471556604407,0.9361442786069654,coexist,,0.43776119402985075,0.5622388059701493,early,50,cycle,12,/Users/amrkandil/github_repos/thesis/Distributed-Tsetlin-Machines/experiments/results_minority/I_x_II/rule40_vs_rule51/hamming_distance.png,/Users/amrkandil/github_repos/thesis/Distributed-Tsetlin-Machines/experiments/results_minority/I_x_II/rule40_vs_rule51/lag_hamming.png,/Users/amrkandil/github_repos/thesis/Distributed-Tsetlin-Machines/experiments/results_minority/I_x_II/rule40_vs_rule51/metrics.json
40,56,I_x_II,fixed,1,0,0.0,0.0,0.004875621890547264,0.03567535385946708,0.0,coexist,,0.5,0.5,early,50,fixed,1,/Users/amrkandil/github_repos/thesis/Distributed-Tsetlin-Machines/experiments/results_minority/I_x_II/rule40_vs_rule56/hamming_distance.png,/Users/amrkandil/github_repos/thesis/Distributed-Tsetlin-Machines/experiments/results_minority/I_x_II/rule40_vs_rule56/lag_hamming.png,/Users/amrkandil/github_repos/thesis/Distributed-Tsetlin-Machines/experiments/results_minority/I_x_II/rule40_vs_rule56/metrics.json
40,57,I_x_II,drift,1,1,2.333125401003314e-15,0.9552238805970149,0.9345771144278605,0.06188212817270819,0.9552238805970147,coexist,,0.3034825870646766,0.6965174129353234,early,100,drift,1,/Users/amrkandil/github_repos/thesis/Distributed-Tsetlin-Machines/experiments/results_minority/I_x_II/rule40_vs_rule57/hamming_distance.png,/Users/amrkandil/github_repos/thesis/Distributed-Tsetlin-Machines/experiments/results_minority/I_x_II/rule40_vs_rule57/lag_hamming.png,/Users/amrkandil/github_repos/thesis/Distributed-Tsetlin-Machines/experiments/results_minority/I_x_II/rule40_vs_rule57/metrics.json
40,58,I_x_II,cycle,2,0,0.0,0.0,0.6510845771144278,0.027895578731929684,0.6567164179104478,coexist,,0.3308457711442786,0.6691542288557214,early,50,cycle,2,/Users/amrkandil/github_repos/thesis/Distributed-Tsetlin-Machines/experiments/results_minority/I_x_II/rule40_vs_rule58/hamming_distance.png,/Users/amrkandil/github_repos/thesis/Distributed-Tsetlin-Machines/experiments/results_minority/I_x_II/rule40_vs_rule58/lag_hamming.png,/Users/amrkandil/github_repos/thesis/Distributed-Tsetlin-Machines/experiments/results_minority/I_x_II/rule40_vs_rule58/metrics.json
40,62,I_x_II,cycle,72,0,2.1210230918211945e-16,0.0,0.5624676616915423,0.045843784020880456,0.5715796019900498,coexist,,0.4811940298507463,0.5188059701492538,early,100,near_cycle,6,/Users/amrkandil/github_repos/thesis/Distributed-Tsetlin-Machines/experiments/results_minority/I_x_II/rule40_vs_rule62/hamming_distance.png,/Users/amrkandil/github_repos/thesis/Distributed-Tsetlin-Machines/experiments/results_minority/I_x_II/rule40_vs_rule62/lag_hamming.png,/Users/amrkandil/github_repos/thesis/Distributed-Tsetlin-Machines/experiments/results_minority/I_x_II/rule40_vs_rule62/metrics.json
40,72,I_x_II,fixed,1,0,0.0,0.0,0.0014129353233830846,0.019787830319585663,0.0,coexist,,0.5,0.5,early,50,fixed,1,/Users/amrkandil/github_repos/thesis/Distributed-Tsetlin-Machines/experiments/results_minority/I_x_II/rule40_vs_rule72/hamming_distance.png,/Users/amrkandil/github_repos/thesis/Distributed-Tsetlin-Machines/experiments/results_minority/I_x_II/rule40_vs_rule72/lag_hamming.png,/Users/amrkandil/github_repos/thesis/Distributed-Tsetlin-Machines/experiments/results_minority/I_x_II/rule40_vs_rule72/metrics.json
40,73,I_x_II,near_cycle,12,0,0.13787105603089958,0.1378710560308995,0.4578407960199005,0.025208383279371843,0.4602114427860697,coexist,,0.478407960199005,0.521592039800995,late,334,near_cycle,12,/Users/amrkandil/github_repos/thesis/Distributed-Tsetlin-Machines/experiments/results_minority/I_x_II/rule40_vs_rule73/hamming_distance.png,/Users/amrkandil/github_repos/thesis/Distributed-Tsetlin-Machines/experiments/results_minority/I_x_II/rule40_vs_rule73/lag_hamming.png,/Users/amrkandil/github_repos/thesis/Distributed-Tsetlin-Machines/experiments/results_minority/I_x_II/rule40_vs_rule73/metrics.json
40,74,I_x_II,fixed,1,0,0.0,0.0,0.003243781094527363,0.02540087060748368,0.0,coexist,,0.5,0.5,early,50,fixed,1,/Users/amrkandil/github_repos/thesis/Distributed-Tsetlin-Machines/experiments/results_minority/I_x_II/rule40_vs_rule74/hamming_distance.png,/Users/amrkandil/github_repos/thesis/Distributed-Tsetlin-Machines/experiments/results_minority/I_x_II/rule40_vs_rule74/lag_hamming.png,/Users/amrkandil/github_repos/thesis/Distributed-Tsetlin-Machines/experiments/results_minority/I_x_II/rule40_vs_rule74/metrics.json
40,76,I_x_II,cycle,2,0,7.070076972737315e-17,0.0,0.011164179104477612,0.016201241793076603,0.009950248756218902,coexist,,0.44527363184079605,0.554726368159204,early,50,cycle,2,/Users/amrkandil/github_repos/thesis/Distributed-Tsetlin-Machines/experiments/results_minority/I_x_II/rule40_vs_rule76/hamming_distance.png,/Users/amrkandil/github_repos/thesis/Distributed-Tsetlin-Machines/experiments/results_minority/I_x_II/rule40_vs_rule76/lag_hamming.png,/Users/amrkandil/github_repos/thesis/Distributed-Tsetlin-Machines/experiments/results_minority/I_x_II/rule40_vs_rule76/metrics.json
40,77,I_x_II,cycle,4,0,0.0,0.0,0.1355223880597015,0.01801682065705408,0.13432835820895522,coexist,,0.2922885572139303,0.7077114427860697,early,50,cycle,4,/Users/amrkandil/github_repos/thesis/Distributed-Tsetlin-Machines/experiments/results_minority/I_x_II/rule40_vs_rule77/hamming_distance.png,/Users/amrkandil/github_repos/thesis/Distributed-Tsetlin-Machines/experiments/results_minority/I_x_II/rule40_vs_rule77/lag_hamming.png,/Users/amrkandil/github_repos/thesis/Distributed-Tsetlin-Machines/experiments/results_minority/I_x_II/rule40_vs_rule77/metrics.json
40,78,I_x_II,cycle,24,0,7.070076972737315e-17,0.0,0.21070646766169154,0.03000131842024277,0.21222636815920395,coexist,,0.3206965174129353,0.6793034825870646,early,100,cycle,24,/Users/amrkandil/github_repos/thesis/Distributed-Tsetlin-Machines/experiments/results_minority/I_x_II/rule40_vs_rule78/hamming_distance.png,/Users/amrkandil/github_repos/thesis/Distributed-Tsetlin-Machines/experiments/results_minority/I_x_II/rule40_vs_rule78/lag_hamming.png,/Users/amrkandil/github_repos/thesis/Distributed-Tsetlin-Machines/experiments/results_minority/I_x_II/rule40_vs_rule78/metrics.json
40,94,I_x_II,near_cycle,12,0,0.15706812978807766,0.1570681297880776,0.4583781094527363,0.04412350384987912,0.4645398009950249,coexist,,0.48308457711442787,0.5169154228855721,late,300,near_cycle,12,/Users/amrkandil/github_repos/thesis/Distributed-Tsetlin-Machines/experiments/results_minority/I_x_II/rule40_vs_rule94/hamming_distance.png,/Users/amrkandil/github_repos/thesis/Distributed-Tsetlin-Machines/experiments/results_minority/I_x_II/rule40_vs_rule94/lag_hamming.png,/Users/amrkandil/github_repos/thesis/Distributed-Tsetlin-Machines/experiments/results_minority/I_x_II/rule40_vs_rule94/metrics.json
40,104,I_x_II,fixed,1,0,0.0,0.0,0.0019900497512437814,0.0251369359286783,0.0,coexist,,0.5,0.5,early,50,fixed,1,/Users/amrkandil/github_repos/thesis/Distributed-Tsetlin-Machines/experiments/results_minority/I_x_II/rule40_vs_rule104/hamming_distance.png,/Users/amrkandil/github_repos/thesis/Distributed-Tsetlin-Machines/experiments/results_minority/I_x_II/rule40_vs_rule104/lag_hamming.png,/Users/amrkandil/github_repos/thesis/Distributed-Tsetlin-Machines/experiments/results_minority/I_x_II/rule40_vs_rule104/metrics.json
40,108,I_x_II,cycle,2,0,7.070076972737315e-17,0.0,0.01649751243781094,0.021096019847699213,0.014925373134328354,coexist,,0.44776119402985076,0.5522388059701493,early,50,cycle,2,/Users/amrkandil/github_repos/thesis/Distributed-Tsetlin-Machines/experiments/results_minority/I_x_II/rule40_vs_rule108/hamming_distance.png,/Users/amrkandil/github_repos/thesis/Distributed-Tsetlin-Machines/experiments/results_minority/I_x_II/rule40_vs_rule108/lag_hamming.png,/Users/amrkandil/github_repos/thesis/Distributed-Tsetlin-Machines/experiments/results_minority/I_x_II/rule40_vs_rule108/metrics.json
40,130,I_x_II,fixed,1,0,0.0,0.0,0.001890547263681592,0.024839575873811772,0.0,coexist,,0.5,0.5,early,50,fixed,1,/Users/amrkandil/github_repos/thesis/Distributed-Tsetlin-Machines/experiments/results_minority/I_x_II/rule40_vs_rule130/hamming_distance.png,/Users/amrkandil/github_repos/thesis/Distributed-Tsetlin-Machines/experiments/results_minority/I_x_II/rule40_vs_rule130/lag_hamming.png,/Users/amrkandil/github_repos/thesis/Distributed-Tsetlin-Machines/experiments/results_minority/I_x_II/rule40_vs_rule130/metrics.json
40,132,I_x_II,fixed,1,0,7.070076972737315e-17,0.0,0.0011940298507462685,0.01859552152952229,0.0,coexist,,0.48009950248756217,0.5199004975124378,early,50,fixed,1,/Users/amrkandil/github_repos/thesis/Distributed-Tsetlin-Machines/experiments/results_minority/I_x_II/rule40_vs_rule132/hamming_distance.png,/Users/amrkandil/github_repos/thesis/Distributed-Tsetlin-Machines/experiments/results_minority/I_x_II/rule40_vs_rule132/lag_hamming.png,/Users/amrkandil/github_repos/thesis/Distributed-Tsetlin-Machines/experiments/results_minority/I_x_II/rule40_vs_rule132/metrics.json
40,134,I_x_II,near_cycle,1,1,0.022985074626865908,0.04666666666666667,0.04822885572139303,0.020907580032118386,0.04666666666666666,coexist,,0.49656716417910446,0.5034328358208955,early,50,near_cycle,1,/Users/amrkandil/github_repos/thesis/Distributed-Tsetlin-Machines/experiments/results_minority/I_x_II/rule40_vs_rule134/hamming_distance.png,/Users/amrkandil/github_repos/thesis/Distributed-Tsetlin-Machines/experiments/results_minority/I_x_II/rule40_vs_rule134/lag_hamming.png,/Users/amrkandil/github_repos/thesis/Distributed-Tsetlin-Machines/experiments/results_minority/I_x_II/rule40_vs_rule134/metrics.json
40,138,I_x_II,fixed,1,0,0.0,0.0,0.002348258706467662,0.024255563650649153,0.0,coexist,,0.5,0.5,early,50,fixed,1,/Users/amrkandil/github_repos/thesis/Distributed-Tsetlin-Machines/experiments/results_minority/I_x_II/rule40_vs_rule138/hamming_distance.png,/Users/amrkandil/github_repos/thesis/Distributed-Tsetlin-Machines/experiments/results_minority/I_x_II/rule40_vs_rule138/lag_hamming.png,/Users/amrkandil/github_repos/thesis/Distributed-Tsetlin-Machines/experiments/results_minority/I_x_II/rule40_vs_rule138/metrics.json
40,140,I_x_II,fixed,1,0,0.0,0.0,0.0011940298507462687,0.016312339607023413,0.0,coexist,,0.4552238805970149,0.5447761194029851,early,50,fixed,1,/Users/amrkandil/github_repos/thesis/Distributed-Tsetlin-Machines/experiments/results_minority/I_x_II/rule40_vs_rule140/hamming_distance.png,/Users/amrkandil/github_repos/thesis/Distributed-Tsetlin-Machines/experiments/results_minority/I_x_II/rule40_vs_rule140/lag_hamming.png,/Users/amrkandil/github_repos/thesis/Distributed-Tsetlin-Machines/experiments/results_minority/I_x_II/rule40_vs_rule140/metrics.json
40,142,I_x_II,near_cycle,1,1,0.048706467661691503,0.10054726368159204,0.10213930348258707,0.018076277633238925,0.10054726368159204,coexist,,0.4924875621890547,0.5075124378109452,early,50,near_cycle,1,/Users/amrkandil/github_repos/thesis/Distributed-Tsetlin-Machines/experiments/results_minority/I_x_II/rule40_vs_rule142/hamming_distance.png,/Users/amrkandil/github_repos/thesis/Distributed-Tsetlin-Machines/experiments/results_minority/I_x_II/rule40_vs_rule142/lag_hamming.png,/Users/amrkandil/github_repos/thesis/Distributed-Tsetlin-Machines/experiments/results_minority/I_x_II/rule40_vs_rule142/metrics.json
40,152,I_x_II,fixed,1,0,0.0,0.0,0.002248756218905472,0.024657599797859305,0.0,coexist,,0.5,0.5,early,50,fixed,1,/Users/amrkandil/github_repos/thesis/Distributed-Tsetlin-Machines/experiments/results_minority/I_x_II/rule40_vs_rule152/hamming_distance.png,/Users/amrkandil/github_repos/thesis/Distributed-Tsetlin-Machines/experiments/results_minority/I_x_II/rule40_vs_rule152/lag_hamming.png,/Users/amrkandil/github_repos/thesis/Distributed-Tsetlin-Machines/experiments/results_minority/I_x_II/rule40_vs_rule152/metrics.json
40,154,I_x_II,cycle,84,0,0.0,0.0,0.10965174129353233,0.027116207892641776,0.10493781094527364,coexist,,0.44303482587064674,0.5569651741293532,late,150,near_cycle,4,/Users/amrkandil/github_repos/thesis/Distributed-Tsetlin-Machines/experiments/results_minority/I_x_II/rule40_vs_rule154/hamming_distance.png,/Users/amrkandil/github_repos/thesis/Distributed-Tsetlin-Machines/experiments/results_minority/I_x_II/rule40_vs_rule154/lag_hamming.png,/Users/amrkandil/github_repos/thesis/Distributed-Tsetlin-Machines/experiments/results_minority/I_x_II/rule40_vs_rule154/metrics.json
40,156,I_x_II,cycle,12,0,2.828030789094926e-16,0.0,0.1942786069651741,0.01745659062144863,0.19485074626865673,coexist,,0.37656716417910446,0.6234328358208955,early,50,cycle,12,/Users/amrkandil/github_repos/thesis/Distributed-Tsetlin-Machines/experiments/results_minority/I_x_II/rule40_vs_rule156/hamming_distance.png,/Users/amrkandil/github_repos/thesis/Distributed-Tsetlin-Machines/experiments/results_minority/I_x_II/rule40_vs_rule156/lag_hamming.png,/Users/amrkandil/github_repos/thesis/Distributed-Tsetlin-Machines/experiments/results_minority/I_x_II/rule40_vs_rule156/metrics.json
40,162,I_x_II,fixed,1,0,0.0,0.0,0.003562189054726368,0.03482279446257605,0.0,coexist,,0.5,0.5,early,50,fixed,1,/Users/amrkandil/github_repos/thesis/Distributed-Tsetlin-Machines/experiments/results_minority/I_x_II/rule40_vs_rule162/hamming_distance.png,/Users/amrkandil/github_repos/thesis/Distributed-Tsetlin-Machines/experiments/results_minority/I_x_II/rule40_vs_rule162/lag_hamming.png,/Users/amrkandil/github_repos/thesis/Distributed-Tsetlin-Machines/experiments/results_minority/I_x_II/rule40_vs_rule162/metrics.json
40,164,I_x_II,fixed,1,0,2.1210230918211945e-16,0.0,0.0019701492537313433,0.0247815055385465,0.0,coexist,,0.48009950248756217,0.5199004975124378,early,50,fixed,1,/Users/amrkandil/github_repos/thesis/Distributed-Tsetlin-Machines/experiments/results_minority/I_x_II/rule40_vs_rule164/hamming_distance.png,/Users/amrkandil/github_repos/thesis/Distributed-Tsetlin-Machines/experiments/results_minority/I_x_II/rule40_vs_rule164/lag_hamming.png,/Users/amrkandil/github_repos/thesis/Distributed-Tsetlin-Machines/experiments/results_minority/I_x_II/rule40_vs_rule164/metrics.json
40,170,I_x_II,fixed,1,0,0.0,0.0,0.006885572139303482,0.04011830725819498,0.0,coexist,,0.5,0.5,early,50,fixed,1,/Users/amrkandil/github_repos/thesis/Distributed-Tsetlin-Machines/experiments/results_minority/I_x_II/rule40_vs_rule170/hamming_distance.png,/Users/amrkandil/github_repos/thesis/Distributed-Tsetlin-Machines/experiments/results_minority/I_x_II/rule40_vs_rule170/lag_hamming.png,/Users/amrkandil/github_repos/thesis/Distributed-Tsetlin-Machines/experiments/results_minority/I_x_II/rule40_vs_rule170/metrics.json
40,172,I_x_II,fixed,1,0,0.0,0.0,0.002398009950248757,0.02390011432951187,0.0,coexist,,0.4527363184079602,0.5472636815920398,early,50,fixed,1,/Users/amrkandil/github_repos/thesis/Distributed-Tsetlin-Machines/experiments/results_minority/I_x_II/rule40_vs_rule172/hamming_distance.png,/Users/amrkandil/github_repos/thesis/Distributed-Tsetlin-Machines/experiments/results_minority/I_x_II/rule40_vs_rule172/lag_hamming.png,/Users/amrkandil/github_repos/thesis/Distributed-Tsetlin-Machines/experiments/results_minority/I_x_II/rule40_vs_rule172/metrics.json
40,178,I_x_II,cycle,12,0,3.535038486368658e-16,0.0,0.6305771144278608,0.016039267055295788,0.6326741293532337,coexist,,0.29517412935323384,0.7048258706467662,early,50,cycle,12,/Users/amrkandil/github_repos/thesis/Distributed-Tsetlin-Machines/experiments/results_minority/I_x_II/rule40_vs_rule178/hamming_distance.png,/Users/amrkandil/github_repos/thesis/Distributed-Tsetlin-Machines/experiments/results_minority/I_x_II/rule40_vs_rule178/lag_hamming.png,/Users/amrkandil/github_repos/thesis/Distributed-Tsetlin-Machines/experiments/results_minority/I_x_II/rule40_vs_rule178/metrics.json
40,184,I_x_II,fixed,1,0,0.0,0.0,0.008597014925373134,0.04407578793736923,0.0,coexist,,0.5,0.5,early,50,fixed,1,/Users/amrkandil/github_repos/thesis/Distributed-Tsetlin-Machines/experiments/results_minority/I_x_II/rule40_vs_rule184/hamming_distance.png,/Users/amrkandil/github_repos/thesis/Distributed-Tsetlin-Machines/experiments/results_minority/I_x_II/rule40_vs_rule184/lag_hamming.png,/Users/amrkandil/github_repos/thesis/Distributed-Tsetlin-Machines/experiments/results_minority/I_x_II/rule40_vs_rule184/metrics.json
40,200,I_x_II,fixed,1,0,0.0,0.0,0.001671641791044776,0.017676123316821966,0.0,coexist,,0.5,0.5,early,50,fixed,1,/Users/amrkandil/github_repos/thesis/Distributed-Tsetlin-Machines/experiments/results_minority/I_x_II/rule40_vs_rule200/hamming_distance.png,/Users/amrkandil/github_repos/thesis/Distributed-Tsetlin-Machines/experiments/results_minority/I_x_II/rule40_vs_rule200/lag_hamming.png,/Users/amrkandil/github_repos/thesis/Distributed-Tsetlin-Machines/experiments/results_minority/I_x_II/rule40_vs_rule200/metrics.json
40,204,I_x_II,cycle,2,0,7.070076972737315e-17,0.0,0.026228855721393038,0.013078064323187312,0.024875621890547265,coexist,,0.44029850746268656,0.5597014925373134,early,50,cycle,2,/Users/amrkandil/github_repos/thesis/Distributed-Tsetlin-Machines/experiments/results_minority/I_x_II/rule40_vs_rule204/hamming_distance.png,/Users/amrkandil/github_repos/thesis/Distributed-Tsetlin-Machines/experiments/results_minority/I_x_II/rule40_vs_rule204/lag_hamming.png,/Users/amrkandil/github_repos/thesis/Distributed-Tsetlin-Machines/experiments/results_minority/I_x_II/rule40_vs_rule204/metrics.json
40,232,I_x_II,fixed,1,0,0.0,0.0,0.003064676616915423,0.025372424143802197,0.0,coexist,,0.5,0.5,early,50,fixed,1,/Users/amrkandil/github_repos/thesis/Distributed-Tsetlin-Machines/experiments/results_minority/I_x_II/rule40_vs_rule232/hamming_distance.png,/Users/amrkandil/github_repos/thesis/Distributed-Tsetlin-Machines/experiments/results_minority/I_x_II/rule40_vs_rule232/lag_hamming.png,/Users/amrkandil/github_repos/thesis/Distributed-Tsetlin-Machines/experiments/results_minority/I_x_II/rule40_vs_rule232/metrics.json
128,1,I_x_II,cycle,4,0,0.0,0.0,0.5314029850746269,0.013383598725073574,0.5323383084577115,coexist,,0.43283582089552236,0.5671641791044776,early,50,cycle,4,/Users/amrkandil/github_repos/thesis/Distributed-Tsetlin-Machines/experiments/results_minority/I_x_II/rule128_vs_rule1/hamming_distance.png,/Users/amrkandil/github_repos/thesis/Distributed-Tsetlin-Machines/experiments/results_minority/I_x_II/rule128_vs_rule1/lag_hamming.png,/Users/amrkandil/github_repos/thesis/Distributed-Tsetlin-Machines/experiments/results_minority/I_x_II/rule128_vs_rule1/metrics.json
128,2,I_x_II,fixed,1,0,0.0,0.0,0.001611940298507463,0.021946459576509543,0.0,coexist,,0.5,0.5,early,50,fixed,1,/Users/amrkandil/github_repos/thesis/Distributed-Tsetlin-Machines/experiments/results_minority/I_x_II/rule128_vs_rule2/hamming_distance.png,/Users/amrkandil/github_repos/thesis/Distributed-Tsetlin-Machines/experiments/results_minority/I_x_II/rule128_vs_rule2/lag_hamming.png,/Users/amrkandil/github_repos/thesis/Distributed-Tsetlin-Machines/experiments/results_minority/I_x_II/rule128_vs_rule2/metrics.json
128,3,I_x_II,cycle,4,0,0.0,0.0,0.5597313432835821,0.025294955160376,0.5597014925373134,coexist,,0.47885572139303484,0.5211442786069652,early,100,cycle,4,/Users/amrkandil/github_repos/thesis/Distributed-Tsetlin-Machines/experiments/results_minority/I_x_II/rule128_vs_rule3/hamming_distance.png,/Users/amrkandil/github_repos/thesis/Distributed-Tsetlin-Machines/experiments/results_minority/I_x_II/rule128_vs_rule3/lag_hamming.png,/Users/amrkandil/github_repos/thesis/Distributed-Tsetlin-Machines/experiments/results_minority/I_x_II/rule128_vs_rule3/metrics.json
128,4,I_x_II,fixed,1,0,0.0,0.0,0.0008955223880597015,0.016328415812365615,0.0,coexist,,0.472636815920398,0.527363184079602,early,50,fixed,1,/Users/amrkandil/github_repos/thesis/Distributed-Tsetlin-Machines/experiments/results_minority/I_x_II/rule128_vs_rule4/hamming_distance.png,/Users/amrkandil/github_repos/thesis/Distributed-Tsetlin-Machines/experiments/results_minority/I_x_II/rule128_vs_rule4/lag_hamming.png,/Users/amrkandil/github_repos/thesis/Distributed-Tsetlin-Machines/experiments/results_minority/I_x_II/rule128_vs_rule4/metrics.json
128,5,I_x_II,cycle,4,0,2.1210230918211945e-16,0.0,0.035004975124378106,0.024853076350306348,0.03233830845771144,coexist,,0.3420398009950249,0.6579601990049752,early,50,cycle,4,/Users/amrkandil/github_repos/thesis/Distributed-Tsetlin-Machines/experiments/results_minority/I_x_II/rule128_vs_rule5/hamming_distance.png,/Users/amrkandil/github_repos/thesis/Distributed-Tsetlin-Machines/experiments/results_minority/I_x_II/rule128_vs_rule5/lag_hamming.png,/Users/amrkandil/github_repos/thesis/Distributed-Tsetlin-Machines/experiments/results_minority/I_x_II/rule128_vs_rule5/metrics.json
128,6,I_x_II,fixed,1,0,0.0,0.0,0.0026268656716417907,0.020808404034747718,0.0,coexist,,0.5,0.5,early,50,fixed,1,/Users/amrkandil/github_repos/thesis/Distributed-Tsetlin-Machines/experiments/results_minority/I_x_II/rule128_vs_rule6/hamming_distance.png,/Users/amrkandil/github_repos/thesis/Distributed-Tsetlin-Machines/experiments/results_minority/I_x_II/rule128_vs_rule6/lag_hamming.png,/Users/amrkandil/github_repos/thesis/Distributed-Tsetlin-Machines/experiments/results_minority/I_x_II/rule128_vs_rule6/metrics.json
128,7,I_x_II,near_cycle,2,0,0.0019202234441835695,0.0019202234441825959,0.1448557213930348,0.0505347616458278,0.12496268656716417,coexist,,0.3009950248756219,0.6990049751243781,late,334,cycle,2,/Users/amrkandil/github_repos/thesis/Distributed-Tsetlin-Machines/experiments/results_minority/I_x_II/rule128_vs_rule7/hamming_distance.png,/Users/amrkandil/github_repos/thesis/Distributed-Tsetlin-Machines/experiments/results_minority/I_x_II/rule128_vs_rule7/lag_hamming.png,/Users/amrkandil/github_repos/thesis/Distributed-Tsetlin-Machines/experiments/results_minority/I_x_II/rule128_vs_rule7/metrics.json
128,9,I_x_II,cycle,4,0,0.0,0.0,0.5257711442786069,0.016339023502571954,0.527363184079602,coexist,,0.4465174129353234,0.5534825870646766,early,50,cycle,4,/Users/amrkandil/github_repos/thesis/Distributed-Tsetlin-Machines/experiments/results_minority/I_x_II/rule128_vs_rule9/hamming_distance.png,/Users/amrkandil/github_repos/thesis/Distributed-Tsetlin-Machines/experiments/results_minority/I_x_II/rule128_vs_rule9/lag_hamming.png,/Users/amrkandil/github_repos/thesis/Distributed-Tsetlin-Machines/experiments/results_minority/I_x_II/rule128_vs_rule9/metrics.json
128,10,I_x_II,fixed,1,0,0.0,0.0,0.0015721393034825873,0.020172361910419025,0.0,coexist,,0.5,0.5,early,50,fixed,1,/Users/amrkandil/github_repos/thesis/Distributed-Tsetlin-Machines/experiments/results_minority/I_x_II/rule128_vs_rule10/hamming_distance.png,/Users/amrkandil/github_repos/thesis/Distributed-Tsetlin-Machines/experiments/results_minority/I_x_II/rule128_vs_rule10/lag_hamming.png,/Users/amrkandil/github_repos/thesis/Distributed-Tsetlin-Machines/experiments/results_minority/I_x_II/rule128_vs_rule10/metrics.json
128,11,I_x_II,cycle,4,0,0.0,0.0,0.5461393034825869,0.02101772133895404,0.5472636815920398,coexist,,0.4639303482587065,0.5360696517412935,early,50,cycle,4,/Users/amrkandil/github_repos/thesis/Distributed-Tsetlin-Machines/experiments/results_minority/I_x_II/rule128_vs_rule11/hamming_distance.png,/Users/amrkandil/github_repos/thesis/Distributed-Tsetlin-Machines/experiments/results_minority/I_x_II/rule128_vs_rule11/lag_hamming.png,/Users/amrkandil/github_repos/thesis/Distributed-Tsetlin-Machines/experiments/results_minority/I_x_II/rule128_vs_rule11/metrics.json
128,12,I_x_II,fixed,1,0,7.070076972737315e-17,0.0,0.0007960199004975124,0.013921816861606134,0.0,coexist,,0.4502487562189055,0.5497512437810945,early,50,fixed,1,/Users/amrkandil/github_repos/thesis/Distributed-Tsetlin-Machines/experiments/results_minority/I_x_II/rule128_vs_rule12/hamming_distance.png,/Users/amrkandil/github_repos/thesis/Distributed-Tsetlin-Machines/experiments/results_minority/I_x_II/rule128_vs_rule12/lag_hamming.png,/Users/amrkandil/github_repos/thesis/Distributed-Tsetlin-Machines/experiments/results_minority/I_x_II/rule128_vs_rule12/metrics.json
128,13,I_x_II,cycle,4,0,3.535038486368658e-16,0.0,0.02646766169154229,0.01980674433396018,0.02487562189054726,coexist,,0.3308457711442786,0.6691542288557214,early,50,cycle,4,/Users/amrkandil/github_repos/thesis/Distributed-Tsetlin-Machines/experiments/results_minority/I_x_II/rule128_vs_rule13/hamming_distance.png,/Users/amrkandil/github_repos/thesis/Distributed-Tsetlin-Machines/experiments/results_minority/I_x_II/rule128_vs_rule13/lag_hamming.png,/Users/amrkandil/github_repos/thesis/Distributed-Tsetlin-Machines/experiments/results_minority/I_x_II/rule128_vs_rule13/metrics.json
128,14,I_x_II,fixed,1,0,0.0,0.0,0.0036815920398009946,0.02089339008310103,0.0,coexist,,0.5,0.5,early,50,fixed,1,/Users/amrkandil/github_repos/thesis/Distributed-Tsetlin-Machines/experiments/results_minority/I_x_II/rule128_vs_rule14/hamming_distance.png,/Users/amrkandil/github_repos/thesis/Distributed-Tsetlin-Machines/experiments/results_minority/I_x_II/rule128_vs_rule14/lag_hamming.png,/Users/amrkandil/github_repos/thesis/Distributed-Tsetlin-Machines/experiments/results_minority/I_x_II/rule128_vs_rule14/metrics.json
128,15,I_x_II,near_cycle,2,0,0.05753188942505557,0.057531889425055174,0.1599502487562189,0.040360341971167724,0.14601990049751243,coexist,,0.3283582089552239,0.6716417910447762,late,334,near_cycle,4,/Users/amrkandil/github_repos/thesis/Distributed-Tsetlin-Machines/experiments/results_minority/I_x_II/rule128_vs_rule15/hamming_distance.png,/Users/amrkandil/github_repos/thesis/Distributed-Tsetlin-Machines/experiments/results_minority/I_x_II/rule128_vs_rule15/lag_hamming.png,/Users/amrkandil/github_repos/thesis/Distributed-Tsetlin-Machines/experiments/results_minority/I_x_II/rule128_vs_rule15/metrics.json
128,19,I_x_II,cycle,12,0,0.0,0.0,0.6609751243781095,0.02090456094492993,0.6625621890547264,coexist,,0.5113432835820896,0.4886567164179105,early,50,cycle,12,/Users/amrkandil/github_repos/thesis/Distributed-Tsetlin-Machines/experiments/results_minority/I_x_II/rule128_vs_rule19/hamming_distance.png,/Users/amrkandil/github_repos/thesis/Distributed-Tsetlin-Machines/experiments/results_minority/I_x_II/rule128_vs_rule19/lag_hamming.png,/Users/amrkandil/github_repos/thesis/Distributed-Tsetlin-Machines/experiments/results_minority/I_x_II/rule128_vs_rule19/metrics.json
128,23,I_x_II,cycle,12,0,0.0,0.0,0.22538308457711442,0.03591295384612786,0.21972636815920396,coexist,,0.507860696517413,0.49213930348258705,early,50,cycle,12,/Users/amrkandil/github_repos/thesis/Distributed-Tsetlin-Machines/experiments/results_minority/I_x_II/rule128_vs_rule23/hamming_distance.png,/Users/amrkandil/github_repos/thesis/Distributed-Tsetlin-Machines/experiments/results_minority/I_x_II/rule128_vs_rule23/lag_hamming.png,/Users/amrkandil/github_repos/thesis/Distributed-Tsetlin-Machines/experiments/results_minority/I_x_II/rule128_vs_rule23/metrics.json
128,24,I_x_II,fixed,1,0,0.0,0.0,0.0017114427860696517,0.021320984767957102,0.0,coexist,,0.5,0.5,early,50,fixed,1,/Users/amrkandil/github_repos/thesis/Distributed-Tsetlin-Machines/experiments/results_minority/I_x_II/rule128_vs_rule24/hamming_distance.png,/Users/amrkandil/github_repos/thesis/Distributed-Tsetlin-Machines/experiments/results_minority/I_x_II/rule128_vs_rule24/lag_hamming.png,/Users/amrkandil/github_repos/thesis/Distributed-Tsetlin-Machines/experiments/results_minority/I_x_II/rule128_vs_rule24/metrics.json
128,25,I_x_II,cycle,4,0,0.0,0.0,0.5559900497512438,0.018817209518812807,0.5572139303482586,coexist,,0.47388059701492535,0.5261194029850746,early,50,cycle,4,/Users/amrkandil/github_repos/thesis/Distributed-Tsetlin-Machines/experiments/results_minority/I_x_II/rule128_vs_rule25/hamming_distance.png,/Users/amrkandil/github_repos/thesis/Distributed-Tsetlin-Machines/experiments/results_minority/I_x_II/rule128_vs_rule25/lag_hamming.png,/Users/amrkandil/github_repos/thesis/Distributed-Tsetlin-Machines/experiments/results_minority/I_x_II/rule128_vs_rule25/metrics.json
128,26,I_x_II,cycle,42,0,0.0,0.0,0.12719402985074627,0.02043900988117209,0.12365671641791044,coexist,,0.4275124378109453,0.5724875621890547,early,50,cycle,42,/Users/amrkandil/github_repos/thesis/Distributed-Tsetlin-Machines/experiments/results_minority/I_x_II/rule128_vs_rule26/hamming_distance.png,/Users/amrkandil/github_repos/thesis/Distributed-Tsetlin-Machines/experiments/results_minority/I_x_II/rule128_vs_rule26/lag_hamming.png,/Users/amrkandil/github_repos/thesis/Distributed-Tsetlin-Machines/experiments/results_minority/I_x_II/rule128_vs_rule26/metrics.json
128,27,I_x_II,cycle,12,0,0.0,0.0,0.6524875621890547,0.026089535161714427,0.6542412935323383,coexist,,0.49706467661691545,0.5029353233830846,early,50,cycle,12,/Users/amrkandil/github_repos/thesis/Distributed-Tsetlin-Machines/experiments/results_minority/I_x_II/rule128_vs_rule27/hamming_distance.png,/Users/amrkandil/github_repos/thesis/Distributed-Tsetlin-Machines/experiments/results_minority/I_x_II/rule128_vs_rule27/lag_hamming.png,/Users/amrkandil/github_repos/thesis/Distributed-Tsetlin-Machines/experiments/results_minority/I_x_II/rule128_vs_rule27/metrics.json
128,28,I_x_II,cycle,2,0,8.484092367284778e-16,0.0,0.1344975124378109,0.01061095479093227,0.1343283582089552,coexist,,0.417910447761194,0.582089552238806,early,50,cycle,2,/Users/amrkandil/github_repos/thesis/Distributed-Tsetlin-Machines/experiments/results_minority/I_x_II/rule128_vs_rule28/hamming_distance.png,/Users/amrkandil/github_repos/thesis/Distributed-Tsetlin-Machines/experiments/results_minority/I_x_II/rule128_vs_rule28/lag_hamming.png,/Users/amrkandil/github_repos/thesis/Distributed-Tsetlin-Machines/experiments/results_minority/I_x_II/rule128_vs_rule28/metrics.json
128,29,I_x_II,cycle,2,0,7.070076972737315e-17,0.0,0.15580099502487563,0.014657753287673084,0.15422885572139303,coexist,,0.34577114427860695,0.654228855721393,early,50,cycle,2,/Users/amrkandil/github_repos/thesis/Distributed-Tsetlin-Machines/experiments/results_minority/I_x_II/rule128_vs_rule29/hamming_distance.png,/Users/amrkandil/github_repos/thesis/Distributed-Tsetlin-Machines/experiments/results_minority/I_x_II/rule128_vs_rule29/lag_hamming.png,/Users/amrkandil/github_repos/thesis/Distributed-Tsetlin-Machines/experiments/results_minority/I_x_II/rule128_vs_rule29/metrics.json
128,33,I_x_II,cycle,4,0,7.070076972737315e-17,0.0,0.5140298507462687,0.01573398324508811,0.5149253731343283,coexist,,0.4191542288557214,0.5808457711442786,early,50,cycle,4,/Users/amrkandil/github_repos/thesis/Distributed-Tsetlin-Machines/experiments/results_minority/I_x_II/rule128_vs_rule33/hamming_distance.png,/Users/amrkandil/github_repos/thesis/Distributed-Tsetlin-Machines/experiments/results_minority/I_x_II/rule128_vs_rule33/lag_hamming.png,/Users/amrkandil/github_repos/thesis/Distributed-Tsetlin-Machines/experiments/results_minority/I_x_II/rule128_vs_rule33/metrics.json
128,34,I_x_II,fixed,1,0,0.0,0.0,0.0023283582089552238,0.027948057773635744,0.0,coexist,,0.5,0.5,early,50,fixed,1,/Users/amrkandil/github_repos/thesis/Distributed-Tsetlin-Machines/experiments/results_minority/I_x_II/rule128_vs_rule34/hamming_distance.png,/Users/amrkandil/github_repos/thesis/Distributed-Tsetlin-Machines/experiments/results_minority/I_x_II/rule128_vs_rule34/lag_hamming.png,/Users/amrkandil/github_repos/thesis/Distributed-Tsetlin-Machines/experiments/results_minority/I_x_II/rule128_vs_rule34/metrics.json
128,35,I_x_II,cycle,4,0,2.1210230918211945e-16,0.0,0.5617611940298507,0.021689832878009525,0.5621890547263682,coexist,,0.48507462686567165,0.5149253731343284,early,50,cycle,4,/Users/amrkandil/github_repos/thesis/Distributed-Tsetlin-Machines/experiments/results_minority/I_x_II/rule128_vs_rule35/hamming_distance.png,/Users/amrkandil/github_repos/thesis/Distributed-Tsetlin-Machines/experiments/results_minority/I_x_II/rule128_vs_rule35/lag_hamming.png,/Users/amrkandil/github_repos/thesis/Distributed-Tsetlin-Machines/experiments/results_minority/I_x_II/rule128_vs_rule35/metrics.json
128,36,I_x_II,fixed,1,0,0.0,0.0,0.0012338308457711443,0.020555451129188985,0.0,coexist,,0.4701492537313433,0.5298507462686567,early,50,fixed,1,/Users/amrkandil/github_repos/thesis/Distributed-Tsetlin-Machines/experiments/results_minority/I_x_II/rule128_vs_rule36/hamming_distance.png,/Users/amrkandil/github_repos/thesis/Distributed-Tsetlin-Machines/experiments/results_minority/I_x_II/rule128_vs_rule36/lag_hamming.png,/Users/amrkandil/github_repos/thesis/Distributed-Tsetlin-Machines/experiments/results_minority/I_x_II/rule128_vs_rule36/metrics.json
128,37,I_x_II,cycle,12,0,0.0,0.0,0.14688557213930348,0.026792522490508813,0.145136815920398,coexist,,0.4178606965174129,0.582139303482587,early,50,cycle,12,/Users/amrkandil/github_repos/thesis/Distributed-Tsetlin-Machines/experiments/results_minority/I_x_II/rule128_vs_rule37/hamming_distance.png,/Users/amrkandil/github_repos/thesis/Distributed-Tsetlin-Machines/experiments/results_minority/I_x_II/rule128_vs_rule37/lag_hamming.png,/Users/amrkandil/github_repos/thesis/Distributed-Tsetlin-Machines/experiments/results_minority/I_x_II/rule128_vs_rule37/metrics.json
128,38,I_x_II,fixed,1,0,0.0,0.0,0.0028656716417910445,0.02519802220927915,0.0,coexist,,0.5,0.5,early,50,fixed,1,/Users/amrkandil/github_repos/thesis/Distributed-Tsetlin-Machines/experiments/results_minority/I_x_II/rule128_vs_rule38/hamming_distance.png,/Users/amrkandil/github_repos/thesis/Distributed-Tsetlin-Machines/experiments/results_minority/I_x_II/rule128_vs_rule38/lag_hamming.png,/Users/amrkandil/github_repos/thesis/Distributed-Tsetlin-Machines/experiments/results_minority/I_x_II/rule128_vs_rule38/metrics.json
128,42,I_x_II,fixed,1,0,0.0,0.0,0.002129353233830846,0.025532043599467116,0.0,coexist,,0.5,0.5,early,50,fixed,1,/Users/amrkandil/github_repos/thesis/Distributed-Tsetlin-Machines/experiments/results_minority/I_x_II/rule128_vs_rule42/hamming_distance.png,/Users/amrkandil/github_repos/thesis/Distributed-Tsetlin-Machines/experiments/results_minority/I_x_II/rule128_vs_rule42/lag_hamming.png,/Users/amrkandil/github_repos/thesis/Distributed-Tsetlin-Machines/experiments/results_minority/I_x_II/rule128_vs_rule42/metrics.json
128,43,I_x_II,cycle,4,0,7.070076972737315e-17,0.0,0.550995024875622,0.026135034412867887,0.5522388059701493,coexist,,0.4701492537313433,0.5298507462686567,early,50,cycle,4,/Users/amrkandil/github_repos/thesis/Distributed-Tsetlin-Machines/experiments/results_minority/I_x_II/rule128_vs_rule43/hamming_distance.png,/Users/amrkandil/github_repos/thesis/Distributed-Tsetlin-Machines/experiments/results_minority/I_x_II/rule128_vs_rule43/lag_hamming.png,/Users/amrkandil/github_repos/thesis/Distributed-Tsetlin-Machines/experiments/results_minority/I_x_II/rule128_vs_rule43/metrics.json
128,44,I_x_II,fixed,1,0,7.070076972737315e-17,0.0,0.0011044776119402985,0.018168889940479722,0.0,coexist,,0.4502487562189055,0.5497512437810945,early,50,fixed,1,/Users/amrkandil/github_repos/thesis/Distributed-Tsetlin-Machines/experiments/results_minority/I_x_II/rule128_vs_rule44/hamming_distance.png,/Users/amrkandil/github_repos/thesis/Distributed-Tsetlin-Machines/experiments/results_minority/I_x_II/rule128_vs_rule44/lag_hamming.png,/Users/amrkandil/github_repos/thesis/Distributed-Tsetlin-Machines/experiments/results_minority/I_x_II/rule128_vs_rule44/metrics.json
128,46,I_x_II,fixed,1,0,0.0,0.0,0.003243781094527363,0.02360060569967118,0.0,coexist,,0.5,0.5,early,50,fixed,1,/Users/amrkandil/github_repos/thesis/Distributed-Tsetlin-Machines/experiments/results_minority/I_x_II/rule128_vs_rule46/hamming_distance.png,/Users/amrkandil/github_repos/thesis/Distributed-Tsetlin-Machines/experiments/results_minority/I_x_II/rule128_vs_rule46/lag_hamming.png,/Users/amrkandil/github_repos/thesis/Distributed-Tsetlin-Machines/experiments/results_minority/I_x_II/rule128_vs_rule46/metrics.json
128,50,I_x_II,cycle,2,0,0.0,0.0,0.4954925373134329,0.01640219661088228,0.4975124378109453,coexist,,0.27611940298507465,0.7238805970149254,early,50,cycle,2,/Users/amrkandil/github_repos/thesis/Distributed-Tsetlin-Machines/experiments/results_minority/I_x_II/rule128_vs_rule50/hamming_distance.png,/Users/amrkandil/github_repos/thesis/Distributed-Tsetlin-Machines/experiments/results_minority/I_x_II/rule128_vs_rule50/lag_hamming.png,/Users/amrkandil/github_repos/thesis/Distributed-Tsetlin-Machines/experiments/results_minority/I_x_II/rule128_vs_rule50/metrics.json
128,51,I_x_II,cycle,4,0,4.949053880916121e-16,0.0,0.7218805970149256,0.016774652768996676,0.7238805970149255,coexist,,0.43781094527363185,0.5621890547263682,early,50,cycle,4,/Users/amrkandil/github_repos/thesis/Distributed-Tsetlin-Machines/experiments/results_minority/I_x_II/rule128_vs_rule51/hamming_distance.png,/Users/amrkandil/github_repos/thesis/Distributed-Tsetlin-Machines/experiments/results_minority/I_x_II/rule128_vs_rule51/lag_hamming.png,/Users/amrkandil/github_repos/thesis/Distributed-Tsetlin-Machines/experiments/results_minority/I_x_II/rule128_vs_rule51/metrics.json
128,56,I_x_II,fixed,1,0,0.0,0.0,0.0023482587064676615,0.027674044272886146,0.0,coexist,,0.5,0.5,early,50,fixed,1,/Users/amrkandil/github_repos/thesis/Distributed-Tsetlin-Machines/experiments/results_minority/I_x_II/rule128_vs_rule56/hamming_distance.png,/Users/amrkandil/github_repos/thesis/Distributed-Tsetlin-Machines/experiments/results_minority/I_x_II/rule128_vs_rule56/lag_hamming.png,/Users/amrkandil/github_repos/thesis/Distributed-Tsetlin-Machines/experiments/results_minority/I_x_II/rule128_vs_rule56/metrics.json
128,57,I_x_II,near_cycle,4,0,0.010163289346717142,0.010163289346717294,0.5618706467661692,0.022351492524855264,0.5619278606965173,coexist,,0.46601990049751246,0.5339800995024876,late,200,cycle,12,/Users/amrkandil/github_repos/thesis/Distributed-Tsetlin-Machines/experiments/results_minority/I_x_II/rule128_vs_rule57/hamming_distance.png,/Users/amrkandil/github_repos/thesis/Distributed-Tsetlin-Machines/experiments/results_minority/I_x_II/rule128_vs_rule57/lag_hamming.png,/Users/amrkandil/github_repos/thesis/Distributed-Tsetlin-Machines/experiments/results_minority/I_x_II/rule128_vs_rule57/metrics.json
128,58,I_x_II,cycle,2,0,3.535038486368658e-16,0.0,0.5244975124378112,0.020633409334207275,0.5273631840796021,coexist,,0.2736318407960199,0.7263681592039801,early,50,cycle,2,/Users/amrkandil/github_repos/thesis/Distributed-Tsetlin-Machines/experiments/results_minority/I_x_II/rule128_vs_rule58/hamming_distance.png,/Users/amrkandil/github_repos/thesis/Distributed-Tsetlin-Machines/experiments/results_minority/I_x_II/rule128_vs_rule58/lag_hamming.png,/Users/amrkandil/github_repos/thesis/Distributed-Tsetlin-Machines/experiments/results_minority/I_x_II/rule128_vs_rule58/metrics.json
128,62,I_x_II,near_cycle,4,0,0.06641853703773322,0.06641853703773325,0.18262686567164177,0.03047390026825359,0.17226368159203978,coexist,,0.47243781094527365,0.5275621890547264,late,150,cycle,12,/Users/amrkandil/github_repos/thesis/Distributed-Tsetlin-Machines/experiments/results_minority/I_x_II/rule128_vs_rule62/hamming_distance.png,/Users/amrkandil/github_repos/thesis/Distributed-Tsetlin-Machines/experiments/results_minority/I_x_II/rule128_vs_rule62/lag_hamming.png,/Users/amrkandil/github_repos/thesis/Distributed-Tsetlin-Machines/experiments/results_minority/I_x_II/rule128_vs_rule62/metrics.json
128,72,I_x_II,fixed,1,0,0.0,0.0,0.0009950248756218905,0.014865551758792516,0.0,coexist,,0.5,0.5,early,50,fixed,1,/Users/amrkandil/github_repos/thesis/Distributed-Tsetlin-Machines/experiments/results_minority/I_x_II/rule128_vs_rule72/hamming_distance.png,/Users/amrkandil/github_repos/thesis/Distributed-Tsetlin-Machines/experiments/results_minority/I_x_II/rule128_vs_rule72/lag_hamming.png,/Users/amrkandil/github_repos/thesis/Distributed-Tsetlin-Machines/experiments/results_minority/I_x_II/rule128_vs_rule72/metrics.json
128,73,I_x_II,cycle,8,0,0.0,0.0,0.4960497512437811,0.02486943405625585,0.49875621890547267,coexist,,0.4246766169154229,0.5753233830845771,early,50,cycle,8,/Users/amrkandil/github_repos/thesis/Distributed-Tsetlin-Machines/experiments/results_minority/I_x_II/rule128_vs_rule73/hamming_distance.png,/Users/amrkandil/github_repos/thesis/Distributed-Tsetlin-Machines/experiments/results_minority/I_x_II/rule128_vs_rule73/lag_hamming.png,/Users/amrkandil/github_repos/thesis/Distributed-Tsetlin-Machines/experiments/results_minority/I_x_II/rule128_vs_rule73/metrics.json
128,74,I_x_II,fixed,1,0,0.0,0.0,0.001671641791044776,0.019247433631357967,0.0,coexist,,0.5,0.5,early,50,fixed,1,/Users/amrkandil/github_repos/thesis/Distributed-Tsetlin-Machines/experiments/results_minority/I_x_II/rule128_vs_rule74/hamming_distance.png,/Users/amrkandil/github_repos/thesis/Distributed-Tsetlin-Machines/experiments/results_minority/I_x_II/rule128_vs_rule74/lag_hamming.png,/Users/amrkandil/github_repos/thesis/Distributed-Tsetlin-Machines/experiments/results_minority/I_x_II/rule128_vs_rule74/metrics.json
128,76,I_x_II,fixed,1,0,2.1210230918211945e-16,0.0,0.0007263681592039801,0.011965855733008932,0.0,coexist,,0.43532338308457713,0.5646766169154229,early,50,fixed,1,/Users/amrkandil/github_repos/thesis/Distributed-Tsetlin-Machines/experiments/results_minority/I_x_II/rule128_vs_rule76/hamming_distance.png,/Users/amrkandil/github_repos/thesis/Distributed-Tsetlin-Machines/experiments/results_minority/I_x_II/rule128_vs_rule76/lag_hamming.png,/Users/amrkandil/github_repos/thesis/Distributed-Tsetlin-Machines/experiments/results_minority/I_x_II/rule128_vs_rule76/metrics.json
128,77,I_x_II,cycle,4,0,2.828030789094926e-16,0.0,0.01883582089552239,0.016976917777801335,0.01741293532338308,coexist,,0.32960199004975127,0.6703980099502488,early,50,cycle,4,/Users/amrkandil/github_repos/thesis/Distributed-Tsetlin-Machines/experiments/results_minority/I_x_II/rule128_vs_rule77/hamming_distance.png,/Users/amrkandil/github_repos/thesis/Distributed-Tsetlin-Machines/experiments/results_minority/I_x_II/rule128_vs_rule77/lag_hamming.png,/Users/amrkandil/github_repos/thesis/Distributed-Tsetlin-Machines/experiments/results_minority/I_x_II/rule128_vs_rule77/metrics.json
128,78,I_x_II,cycle,2,0,2.828030789094926e-16,0.0,0.13886567164179103,0.009429476488955837,0.1393034825870647,coexist,,0.4129353233830846,0.5870646766169154,early,50,cycle,2,/Users/amrkandil/github_repos/thesis/Distributed-Tsetlin-Machines/experiments/results_minority/I_x_II/rule128_vs_rule78/hamming_distance.png,/Users/amrkandil/github_repos/thesis/Distributed-Tsetlin-Machines/experiments/results_minority/I_x_II/rule128_vs_rule78/lag_hamming.png,/Users/amrkandil/github_repos/thesis/Distributed-Tsetlin-Machines/experiments/results_minority/I_x_II/rule128_vs_rule78/metrics.json
128,94,I_x_II,cycle,24,0,2.1210230918211945e-16,0.0,0.1675820895522388,0.016777417724469668,0.16666666666666663,coexist,,0.4191542288557214,0.5808457711442786,early,50,cycle,24,/Users/amrkandil/github_repos/thesis/Distributed-Tsetlin-Machines/experiments/results_minority/I_x_II/rule128_vs_rule94/hamming_distance.png,/Users/amrkandil/github_repos/thesis/Distributed-Tsetlin-Machines/experiments/results_minority/I_x_II/rule128_vs_rule94/lag_hamming.png,/Users/amrkandil/github_repos/thesis/Distributed-Tsetlin-Machines/experiments/results_minority/I_x_II/rule128_vs_rule94/metrics.json
128,104,I_x_II,fixed,1,0,0.0,0.0,0.0013532338308457712,0.01932886467894547,0.0,coexist,,0.5,0.5,early,50,fixed,1,/Users/amrkandil/github_repos/thesis/Distributed-Tsetlin-Machines/experiments/results_minority/I_x_II/rule128_vs_rule104/hamming_distance.png,/Users/amrkandil/github_repos/thesis/Distributed-Tsetlin-Machines/experiments/results_minority/I_x_II/rule128_vs_rule104/lag_hamming.png,/Users/amrkandil/github_repos/thesis/Distributed-Tsetlin-Machines/experiments/results_minority/I_x_II/rule128_vs_rule104/metrics.json
128,108,I_x_II,cycle,2,0,2.1210230918211945e-16,0.0,0.005990049751243779,0.015566959862173185,0.004975124378109451,coexist,,0.43781094527363185,0.5621890547263682,early,50,cycle,2,/Users/amrkandil/github_repos/thesis/Distributed-Tsetlin-Machines/experiments/results_minority/I_x_II/rule128_vs_rule108/hamming_distance.png,/Users/amrkandil/github_repos/thesis/Distributed-Tsetlin-Machines/experiments/results_minority/I_x_II/rule128_vs_rule108/lag_hamming.png,/Users/amrkandil/github_repos/thesis/Distributed-Tsetlin-Machines/experiments/results_minority/I_x_II/rule128_vs_rule108/metrics.json
128,130,I_x_II,fixed,1,0,0.0,0.0,0.0015721393034825871,0.019263527403683735,0.0,coexist,,0.5,0.5,early,50,fixed,1,/Users/amrkandil/github_repos/thesis/Distributed-Tsetlin-Machines/experiments/results_minority/I_x_II/rule128_vs_rule130/hamming_distance.png,/Users/amrkandil/github_repos/thesis/Distributed-Tsetlin-Machines/experiments/results_minority/I_x_II/rule128_vs_rule130/lag_hamming.png,/Users/amrkandil/github_repos/thesis/Distributed-Tsetlin-Machines/experiments/results_minority/I_x_II/rule128_vs_rule130/metrics.json
128,132,I_x_II,fixed,1,0,2.1210230918211945e-16,0.0,0.0008756218905472637,0.013137554254834411,0.0,coexist,,0.46766169154228854,0.5323383084577115,early,50,fixed,1,/Users/amrkandil/github_repos/thesis/Distributed-Tsetlin-Machines/experiments/results_minority/I_x_II/rule128_vs_rule132/hamming_distance.png,/Users/amrkandil/github_repos/thesis/Distributed-Tsetlin-Machines/experiments/results_minority/I_x_II/rule128_vs_rule132/lag_hamming.png,/Users/amrkandil/github_repos/thesis/Distributed-Tsetlin-Machines/experiments/results_minority/I_x_II/rule128_vs_rule132/metrics.json
128,134,I_x_II,fixed,1,0,0.0,0.0,0.002626865671641791,0.018469184188399743,0.0,coexist,,0.5,0.5,early,50,fixed,1,/Users/amrkandil/github_repos/thesis/Distributed-Tsetlin-Machines/experiments/results_minority/I_x_II/rule128_vs_rule134/hamming_distance.png,/Users/amrkandil/github_repos/thesis/Distributed-Tsetlin-Machines/experiments/results_minority/I_x_II/rule128_vs_rule134/lag_hamming.png,/Users/amrkandil/github_repos/thesis/Distributed-Tsetlin-Machines/experiments/results_minority/I_x_II/rule128_vs_rule134/metrics.json
128,138,I_x_II,fixed,1,0,0.0,0.0,0.001532338308457711,0.01683705581018364,0.0,coexist,,0.5,0.5,early,50,fixed,1,/Users/amrkandil/github_repos/thesis/Distributed-Tsetlin-Machines/experiments/results_minority/I_x_II/rule128_vs_rule138/hamming_distance.png,/Users/amrkandil/github_repos/thesis/Distributed-Tsetlin-Machines/experiments/results_minority/I_x_II/rule128_vs_rule138/lag_hamming.png,/Users/amrkandil/github_repos/thesis/Distributed-Tsetlin-Machines/experiments/results_minority/I_x_II/rule128_vs_rule138/metrics.json
128,140,I_x_II,fixed,1,0,0.0,0.0,0.0007860696517412936,0.010713322446358897,0.0,coexist,,0.44776119402985076,0.5522388059701493,early,50,fixed,1,/Users/amrkandil/github_repos/thesis/Distributed-Tsetlin-Machines/experiments/results_minority/I_x_II/rule128_vs_rule140/hamming_distance.png,/Users/amrkandil/github_repos/thesis/Distributed-Tsetlin-Machines/experiments/results_minority/I_x_II/rule128_vs_rule140/lag_hamming.png,/Users/amrkandil/github_repos/thesis/Distributed-Tsetlin-Machines/experiments/results_minority/I_x_II/rule128_vs_rule140/metrics.json
128,142,I_x_II,fixed,1,0,0.0,0.0,0.0035422885572139306,0.018506563932598932,0.0,coexist,,0.5,0.5,early,50,fixed,1,/Users/amrkandil/github_repos/thesis/Distributed-Tsetlin-Machines/experiments/results_minority/I_x_II/rule128_vs_rule142/hamming_distance.png,/Users/amrkandil/github_repos/thesis/Distributed-Tsetlin-Machines/experiments/results_minority/I_x_II/rule128_vs_rule142/lag_hamming.png,/Users/amrkandil/github_repos/thesis/Distributed-Tsetlin-Machines/experiments/results_minority/I_x_II/rule128_vs_rule142/metrics.json
128,152,I_x_II,fixed,1,0,0.0,0.0,0.0016915422885572138,0.017858132550622116,0.0,coexist,,0.5,0.5,early,50,fixed,1,/Users/amrkandil/github_repos/thesis/Distributed-Tsetlin-Machines/experiments/results_minority/I_x_II/rule128_vs_rule152/hamming_distance.png,/Users/amrkandil/github_repos/thesis/Distributed-Tsetlin-Machines/experiments/results_minority/I_x_II/rule128_vs_rule152/lag_hamming.png,/Users/amrkandil/github_repos/thesis/Distributed-Tsetlin-Machines/experiments/results_minority/I_x_II/rule128_vs_rule152/metrics.json
128,154,I_x_II,cycle,42,0,0.0,0.0,0.11410945273631841,0.020640413816293966,0.10988805970149254,coexist,,0.4356716417910448,0.5643283582089552,early,50,cycle,42,/Users/amrkandil/github_repos/thesis/Distributed-Tsetlin-Machines/experiments/results_minority/I_x_II/rule128_vs_rule154/hamming_distance.png,/Users/amrkandil/github_repos/thesis/Distributed-Tsetlin-Machines/experiments/results_minority/I_x_II/rule128_vs_rule154/lag_hamming.png,/Users/amrkandil/github_repos/thesis/Distributed-Tsetlin-Machines/experiments/results_minority/I_x_II/rule128_vs_rule154/metrics.json
128,156,I_x_II,cycle,2,0,0.0,0.0,0.13913432835820896,0.007520248978550417,0.1393034825870647,coexist,,0.40298507462686567,0.5970149253731343,early,50,cycle,2,/Users/amrkandil/github_repos/thesis/Distributed-Tsetlin-Machines/experiments/results_minority/I_x_II/rule128_vs_rule156/hamming_distance.png,/Users/amrkandil/github_repos/thesis/Distributed-Tsetlin-Machines/experiments/results_minority/I_x_II/rule128_vs_rule156/lag_hamming.png,/Users/amrkandil/github_repos/thesis/Distributed-Tsetlin-Machines/experiments/results_minority/I_x_II/rule128_vs_rule156/metrics.json
128,162,I_x_II,fixed,1,0,0.0,0.0,0.0023283582089552238,0.025397986073538756,0.0,coexist,,0.5,0.5,early,50,fixed,1,/Users/amrkandil/github_repos/thesis/Distributed-Tsetlin-Machines/experiments/results_minority/I_x_II/rule128_vs_rule162/hamming_distance.png,/Users/amrkandil/github_repos/thesis/Distributed-Tsetlin-Machines/experiments/results_minority/I_x_II/rule128_vs_rule162/lag_hamming.png,/Users/amrkandil/github_repos/thesis/Distributed-Tsetlin-Machines/experiments/results_minority/I_x_II/rule128_vs_rule162/metrics.json
128,164,I_x_II,fixed,1,0,0.0,0.0,0.0012039800995024877,0.017411112911031073,0.0,coexist,,0.4651741293532338,0.5348258706467661,early,50,fixed,1,/Users/amrkandil/github_repos/thesis/Distributed-Tsetlin-Machines/experiments/results_minority/I_x_II/rule128_vs_rule164/hamming_distance.png,/Users/amrkandil/github_repos/thesis/Distributed-Tsetlin-Machines/experiments/results_minority/I_x_II/rule128_vs_rule164/lag_hamming.png,/Users/amrkandil/github_repos/thesis/Distributed-Tsetlin-Machines/experiments/results_minority/I_x_II/rule128_vs_rule164/metrics.json
128,170,I_x_II,fixed,1,0,0.0,0.0,0.0019502487562189055,0.021372393142414934,0.0,coexist,,0.5,0.5,early,50,fixed,1,/Users/amrkandil/github_repos/thesis/Distributed-Tsetlin-Machines/experiments/results_minority/I_x_II/rule128_vs_rule170/hamming_distance.png,/Users/amrkandil/github_repos/thesis/Distributed-Tsetlin-Machines/experiments/results_minority/I_x_II/rule128_vs_rule170/lag_hamming.png,/Users/amrkandil/github_repos/thesis/Distributed-Tsetlin-Machines/experiments/results_minority/I_x_II/rule128_vs_rule170/metrics.json
128,172,I_x_II,fixed,1,0,2.1210230918211945e-16,0.0,0.001054726368159204,0.014650078037853077,0.0,coexist,,0.44527363184079605,0.554726368159204,early,50,fixed,1,/Users/amrkandil/github_repos/thesis/Distributed-Tsetlin-Machines/experiments/results_minority/I_x_II/rule128_vs_rule172/hamming_distance.png,/Users/amrkandil/github_repos/thesis/Distributed-Tsetlin-Machines/experiments/results_minority/I_x_II/rule128_vs_rule172/lag_hamming.png,/Users/amrkandil/github_repos/thesis/Distributed-Tsetlin-Machines/experiments/results_minority/I_x_II/rule128_vs_rule172/metrics.json
128,178,I_x_II,cycle,2,0,0.0,0.0,0.5146965174129354,0.01913702399755466,0.5174129353233832,coexist,,0.2736318407960199,0.7263681592039801,early,50,cycle,2,/Users/amrkandil/github_repos/thesis/Distributed-Tsetlin-Machines/experiments/results_minority/I_x_II/rule128_vs_rule178/hamming_distance.png,/Users/amrkandil/github_repos/thesis/Distributed-Tsetlin-Machines/experiments/results_minority/I_x_II/rule128_vs_rule178/lag_hamming.png,/Users/amrkandil/github_repos/thesis/Distributed-Tsetlin-Machines/experiments/results_minority/I_x_II/rule128_vs_rule178/metrics.json
128,184,I_x_II,fixed,1,0,0.0,0.0,0.002646766169154229,0.024034009713947556,0.0,coexist,,0.5,0.5,early,50,fixed,1,/Users/amrkandil/github_repos/thesis/Distributed-Tsetlin-Machines/experiments/results_minority/I_x_II/rule128_vs_rule184/hamming_distance.png,/Users/amrkandil/github_repos/thesis/Distributed-Tsetlin-Machines/experiments/results_minority/I_x_II/rule128_vs_rule184/lag_hamming.png,/Users/amrkandil/github_repos/thesis/Distributed-Tsetlin-Machines/experiments/results_minority/I_x_II/rule128_vs_rule184/metrics.json
128,200,I_x_II,fixed,1,0,0.0,0.0,0.0009950248756218905,0.011261817963718137,0.0,coexist,,0.5,0.5,early,50,fixed,1,/Users/amrkandil/github_repos/thesis/Distributed-Tsetlin-Machines/experiments/results_minority/I_x_II/rule128_vs_rule200/hamming_distance.png,/Users/amrkandil/github_repos/thesis/Distributed-Tsetlin-Machines/experiments/results_minority/I_x_II/rule128_vs_rule200/lag_hamming.png,/Users/amrkandil/github_repos/thesis/Distributed-Tsetlin-Machines/experiments/results_minority/I_x_II/rule128_vs_rule200/metrics.json
128,204,I_x_II,fixed,1,0,2.1210230918211945e-16,0.0,0.000736318407960199,0.008602932365537221,0.0,coexist,,0.43781094527363185,0.5621890547263682,early,50,fixed,1,/Users/amrkandil/github_repos/thesis/Distributed-Tsetlin-Machines/experiments/results_minority/I_x_II/rule128_vs_rule204/hamming_distance.png,/Users/amrkandil/github_repos/thesis/Distributed-Tsetlin-Machines/experiments/results_minority/I_x_II/rule128_vs_rule204/lag_hamming.png,/Users/amrkandil/github_repos/thesis/Distributed-Tsetlin-Machines/experiments/results_minority/I_x_II/rule128_vs_rule204/metrics.json
128,232,I_x_II,fixed,1,0,0.0,0.0,0.0013134328358208956,0.015239078032145515,0.0,coexist,,0.5,0.5,early,50,fixed,1,/Users/amrkandil/github_repos/thesis/Distributed-Tsetlin-Machines/experiments/results_minority/I_x_II/rule128_vs_rule232/hamming_distance.png,/Users/amrkandil/github_repos/thesis/Distributed-Tsetlin-Machines/experiments/results_minority/I_x_II/rule128_vs_rule232/lag_hamming.png,/Users/amrkandil/github_repos/thesis/Distributed-Tsetlin-Machines/experiments/results_minority/I_x_II/rule128_vs_rule232/metrics.json
136,1,I_x_II,cycle,24,0,0.0,0.0,0.4529253731343284,0.01580536488567498,0.45356965174129354,coexist,,0.39865671641791045,0.6013432835820895,early,50,cycle,24,/Users/amrkandil/github_repos/thesis/Distributed-Tsetlin-Machines/experiments/results_minority/I_x_II/rule136_vs_rule1/hamming_distance.png,/Users/amrkandil/github_repos/thesis/Distributed-Tsetlin-Machines/experiments/results_minority/I_x_II/rule136_vs_rule1/lag_hamming.png,/Users/amrkandil/github_repos/thesis/Distributed-Tsetlin-Machines/experiments/results_minority/I_x_II/rule136_vs_rule1/metrics.json
136,2,I_x_II,fixed,1,0,0.0,0.0,0.001691542288557214,0.021210840505660324,0.0,coexist,,0.5,0.5,early,50,fixed,1,/Users/amrkandil/github_repos/thesis/Distributed-Tsetlin-Machines/experiments/results_minority/I_x_II/rule136_vs_rule2/hamming_distance.png,/Users/amrkandil/github_repos/thesis/Distributed-Tsetlin-Machines/experiments/results_minority/I_x_II/rule136_vs_rule2/lag_hamming.png,/Users/amrkandil/github_repos/thesis/Distributed-Tsetlin-Machines/experiments/results_minority/I_x_II/rule136_vs_rule2/metrics.json
136,3,I_x_II,cycle,4,0,3.535038486368658e-16,0.0,0.49932338308457713,0.015291936460431796,0.5,coexist,,0.4763681592039801,0.5236318407960199,early,50,cycle,4,/Users/amrkandil/github_repos/thesis/Distributed-Tsetlin-Machines/experiments/results_minority/I_x_II/rule136_vs_rule3/hamming_distance.png,/Users/amrkandil/github_repos/thesis/Distributed-Tsetlin-Machines/experiments/results_minority/I_x_II/rule136_vs_rule3/lag_hamming.png,/Users/amrkandil/github_repos/thesis/Distributed-Tsetlin-Machines/experiments/results_minority/I_x_II/rule136_vs_rule3/metrics.json
136,4,I_x_II,fixed,1,0,0.0,0.0,0.0008955223880597014,0.01455221754473933,0.0,coexist,,0.472636815920398,0.527363184079602,early,50,fixed,1,/Users/amrkandil/github_repos/thesis/Distributed-Tsetlin-Machines/experiments/results_minority/I_x_II/rule136_vs_rule4/hamming_distance.png,/Users/amrkandil/github_repos/thesis/Distributed-Tsetlin-Machines/experiments/results_minority/I_x_II/rule136_vs_rule4/lag_hamming.png,/Users/amrkandil/github_repos/thesis/Distributed-Tsetlin-Machines/experiments/results_minority/I_x_II/rule136_vs_rule4/metrics.json
136,5,I_x_II,cycle,4,0,0.0,0.0,0.00782089552238806,0.025044608107090468,0.004975124378109451,coexist,,0.31592039800995025,0.6840796019900498,early,50,cycle,4,/Users/amrkandil/github_repos/thesis/Distributed-Tsetlin-Machines/experiments/results_minority/I_x_II/rule136_vs_rule5/hamming_distance.png,/Users/amrkandil/github_repos/thesis/Distributed-Tsetlin-Machines/experiments/results_minority/I_x_II/rule136_vs_rule5/lag_hamming.png,/Users/amrkandil/github_repos/thesis/Distributed-Tsetlin-Machines/experiments/results_minority/I_x_II/rule136_vs_rule5/metrics.json
136,6,I_x_II,near_cycle,1,1,0.035211442786069726,0.07424129353233831,0.07491542288557212,0.016931976097285445,0.0742412935323383,coexist,,0.493681592039801,0.506318407960199,late,150,near_cycle,1,/Users/amrkandil/github_repos/thesis/Distributed-Tsetlin-Machines/experiments/results_minority/I_x_II/rule136_vs_rule6/hamming_distance.png,/Users/amrkandil/github_repos/thesis/Distributed-Tsetlin-Machines/experiments/results_minority/I_x_II/rule136_vs_rule6/lag_hamming.png,/Users/amrkandil/github_repos/thesis/Distributed-Tsetlin-Machines/experiments/results_minority/I_x_II/rule136_vs_rule6/metrics.json
136,7,I_x_II,cycle,4,0,3.535038486368658e-16,0.0,0.3321691542288557,0.017296872619945863,0.335820895522388,coexist,,0.48009950248756217,0.5199004975124378,early,50,cycle,4,/Users/amrkandil/github_repos/thesis/Distributed-Tsetlin-Machines/experiments/results_minority/I_x_II/rule136_vs_rule7/hamming_distance.png,/Users/amrkandil/github_repos/thesis/Distributed-Tsetlin-Machines/experiments/results_minority/I_x_II/rule136_vs_rule7/lag_hamming.png,/Users/amrkandil/github_repos/thesis/Distributed-Tsetlin-Machines/experiments/results_minority/I_x_II/rule136_vs_rule7/metrics.json
136,9,I_x_II,cycle,8,0,0.0,0.0,0.4583482587064676,0.022672387992833738,0.4601990049751244,coexist,,0.38800995024875623,0.6119900497512438,early,50,cycle,8,/Users/amrkandil/github_repos/thesis/Distributed-Tsetlin-Machines/experiments/results_minority/I_x_II/rule136_vs_rule9/hamming_distance.png,/Users/amrkandil/github_repos/thesis/Distributed-Tsetlin-Machines/experiments/results_minority/I_x_II/rule136_vs_rule9/lag_hamming.png,/Users/amrkandil/github_repos/thesis/Distributed-Tsetlin-Machines/experiments/results_minority/I_x_II/rule136_vs_rule9/metrics.json
136,10,I_x_II,fixed,1,0,0.0,0.0,0.0018109452736318407,0.01935029457530263,0.0,coexist,,0.5,0.5,early,50,fixed,1,/Users/amrkandil/github_repos/thesis/Distributed-Tsetlin-Machines/experiments/results_minority/I_x_II/rule136_vs_rule10/hamming_distance.png,/Users/amrkandil/github_repos/thesis/Distributed-Tsetlin-Machines/experiments/results_minority/I_x_II/rule136_vs_rule10/lag_hamming.png,/Users/amrkandil/github_repos/thesis/Distributed-Tsetlin-Machines/experiments/results_minority/I_x_II/rule136_vs_rule10/metrics.json
136,11,I_x_II,cycle,4,0,0.0,0.0,0.49776119402985075,0.01583270312534284,0.5,coexist,,0.5,0.5,early,50,cycle,4,/Users/amrkandil/github_repos/thesis/Distributed-Tsetlin-Machines/experiments/results_minority/I_x_II/rule136_vs_rule11/hamming_distance.png,/Users/amrkandil/github_repos/thesis/Distributed-Tsetlin-Machines/experiments/results_minority/I_x_II/rule136_vs_rule11/lag_hamming.png,/Users/amrkandil/github_repos/thesis/Distributed-Tsetlin-Machines/experiments/results_minority/I_x_II/rule136_vs_rule11/metrics.json
136,12,I_x_II,fixed,1,0,7.070076972737315e-17,0.0,0.0007860696517412937,0.012191629335158409,0.0,coexist,,0.44776119402985076,0.5522388059701493,early,50,fixed,1,/Users/amrkandil/github_repos/thesis/Distributed-Tsetlin-Machines/experiments/results_minority/I_x_II/rule136_vs_rule12/hamming_distance.png,/Users/amrkandil/github_repos/thesis/Distributed-Tsetlin-Machines/experiments/results_minority/I_x_II/rule136_vs_rule12/lag_hamming.png,/Users/amrkandil/github_repos/thesis/Distributed-Tsetlin-Machines/experiments/results_minority/I_x_II/rule136_vs_rule12/metrics.json
136,13,I_x_II,fixed,1,0,0.0,0.0,0.001771144278606965,0.01846653582088769,0.0,coexist,,0.31840796019900497,0.681592039800995,early,50,fixed,1,/Users/amrkandil/github_repos/thesis/Distributed-Tsetlin-Machines/experiments/results_minority/I_x_II/rule136_vs_rule13/hamming_distance.png,/Users/amrkandil/github_repos/thesis/Distributed-Tsetlin-Machines/experiments/results_minority/I_x_II/rule136_vs_rule13/lag_hamming.png,/Users/amrkandil/github_repos/thesis/Distributed-Tsetlin-Machines/experiments/results_minority/I_x_II/rule136_vs_rule13/metrics.json
136,14,I_x_II,near_cycle,1,1,0.05655472636815924,0.12254975124378109,0.12266666666666667,0.01566150189218053,0.12254975124378109,coexist,,0.49079601990049754,0.5092039800995025,late,300,near_cycle,1,/Users/amrkandil/github_repos/thesis/Distributed-Tsetlin-Machines/experiments/results_minority/I_x_II/rule136_vs_rule14/hamming_distance.png,/Users/amrkandil/github_repos/thesis/Distributed-Tsetlin-Machines/experiments/results_minority/I_x_II/rule136_vs_rule14/lag_hamming.png,/Users/amrkandil/github_repos/thesis/Distributed-Tsetlin-Machines/experiments/results_minority/I_x_II/rule136_vs_rule14/metrics.json
136,15,I_x_II,cycle,4,0,0.0,0.0,0.3007164179104478,0.023535474636644148,0.3059701492537314,coexist,,0.48880597014925375,0.5111940298507462,early,50,cycle,4,/Users/amrkandil/github_repos/thesis/Distributed-Tsetlin-Machines/experiments/results_minority/I_x_II/rule136_vs_rule15/hamming_distance.png,/Users/amrkandil/github_repos/thesis/Distributed-Tsetlin-Machines/experiments/results_minority/I_x_II/rule136_vs_rule15/lag_hamming.png,/Users/amrkandil/github_repos/thesis/Distributed-Tsetlin-Machines/experiments/results_minority/I_x_II/rule136_vs_rule15/metrics.json
136,19,I_x_II,near_cycle,4,0,0.10392621276489095,0.1039262127648909,0.5291741293532338,0.021594277344686857,0.5260323383084577,coexist,,0.5077611940298508,0.49223880597014924,late,150,near_cycle,4,/Users/amrkandil/github_repos/thesis/Distributed-Tsetlin-Machines/experiments/results_minority/I_x_II/rule136_vs_rule19/hamming_distance.png,/Users/amrkandil/github_repos/thesis/Distributed-Tsetlin-Machines/experiments/results_minority/I_x_II/rule136_vs_rule19/lag_hamming.png,/Users/amrkandil/github_repos/thesis/Distributed-Tsetlin-Machines/experiments/results_minority/I_x_II/rule136_vs_rule19/metrics.json
136,23,I_x_II,cycle,4,0,0.0,0.0,0.220636815920398,0.03146973465730216,0.2164179104477612,coexist,,0.5174129353233831,0.48258706467661694,early,50,cycle,4,/Users/amrkandil/github_repos/thesis/Distributed-Tsetlin-Machines/experiments/results_minority/I_x_II/rule136_vs_rule23/hamming_distance.png,/Users/amrkandil/github_repos/thesis/Distributed-Tsetlin-Machines/experiments/results_minority/I_x_II/rule136_vs_rule23/lag_hamming.png,/Users/amrkandil/github_repos/thesis/Distributed-Tsetlin-Machines/experiments/results_minority/I_x_II/rule136_vs_rule23/metrics.json
136,24,I_x_II,fixed,1,0,0.0,0.0,0.001810945273631841,0.02083116362058727,0.0,coexist,,0.5,0.5,early,50,fixed,1,/Users/amrkandil/github_repos/thesis/Distributed-Tsetlin-Machines/experiments/results_minority/I_x_II/rule136_vs_rule24/hamming_distance.png,/Users/amrkandil/github_repos/thesis/Distributed-Tsetlin-Machines/experiments/results_minority/I_x_II/rule136_vs_rule24/lag_hamming.png,/Users/amrkandil/github_repos/thesis/Distributed-Tsetlin-Machines/experiments/results_minority/I_x_II/rule136_vs_rule24/metrics.json
136,25,I_x_II,cycle,4,0,7.070076972737315e-17,0.0,0.4998407960199006,0.02917348454826921,0.5000000000000001,coexist,,0.4552238805970149,0.5447761194029851,early,100,cycle,4,/Users/amrkandil/github_repos/thesis/Distributed-Tsetlin-Machines/experiments/results_minority/I_x_II/rule136_vs_rule25/hamming_distance.png,/Users/amrkandil/github_repos/thesis/Distributed-Tsetlin-Machines/experiments/results_minority/I_x_II/rule136_vs_rule25/lag_hamming.png,/Users/amrkandil/github_repos/thesis/Distributed-Tsetlin-Machines/experiments/results_minority/I_x_II/rule136_vs_rule25/metrics.json
136,26,I_x_II,cycle,42,0,0.0,0.0,0.09828855721393034,0.025384088943388426,0.09330845771144279,coexist,,0.4472636815920398,0.5527363184079602,early,50,cycle,42,/Users/amrkandil/github_repos/thesis/Distributed-Tsetlin-Machines/experiments/results_minority/I_x_II/rule136_vs_rule26/hamming_distance.png,/Users/amrkandil/github_repos/thesis/Distributed-Tsetlin-Machines/experiments/results_minority/I_x_II/rule136_vs_rule26/lag_hamming.png,/Users/amrkandil/github_repos/thesis/Distributed-Tsetlin-Machines/experiments/results_minority/I_x_II/rule136_vs_rule26/metrics.json
136,27,I_x_II,near_cycle,4,0,0.06522801609083066,0.06522801609083048,0.5280099502487562,0.011753408877094872,0.5268034825870648,coexist,,0.47880597014925375,0.5211940298507463,late,150,near_cycle,4,/Users/amrkandil/github_repos/thesis/Distributed-Tsetlin-Machines/experiments/results_minority/I_x_II/rule136_vs_rule27/hamming_distance.png,/Users/amrkandil/github_repos/thesis/Distributed-Tsetlin-Machines/experiments/results_minority/I_x_II/rule136_vs_rule27/lag_hamming.png,/Users/amrkandil/github_repos/thesis/Distributed-Tsetlin-Machines/experiments/results_minority/I_x_II/rule136_vs_rule27/metrics.json
136,28,I_x_II,cycle,2,0,0.0,0.0,0.12958208955223882,0.008645678328996,0.1293532338308458,coexist,,0.42039800995024873,0.5796019900497512,early,50,cycle,2,/Users/amrkandil/github_repos/thesis/Distributed-Tsetlin-Machines/experiments/results_minority/I_x_II/rule136_vs_rule28/hamming_distance.png,/Users/amrkandil/github_repos/thesis/Distributed-Tsetlin-Machines/experiments/results_minority/I_x_II/rule136_vs_rule28/lag_hamming.png,/Users/amrkandil/github_repos/thesis/Distributed-Tsetlin-Machines/experiments/results_minority/I_x_II/rule136_vs_rule28/metrics.json
136,29,I_x_II,cycle,2,0,0.0,0.0,0.16499502487562187,0.011337503982777298,0.16417910447761194,coexist,,0.3358208955223881,0.664179104477612,early,50,cycle,2,/Users/amrkandil/github_repos/thesis/Distributed-Tsetlin-Machines/experiments/results_minority/I_x_II/rule136_vs_rule29/hamming_distance.png,/Users/amrkandil/github_repos/thesis/Distributed-Tsetlin-Machines/experiments/results_minority/I_x_II/rule136_vs_rule29/lag_hamming.png,/Users/amrkandil/github_repos/thesis/Distributed-Tsetlin-Machines/experiments/results_minority/I_x_II/rule136_vs_rule29/metrics.json
136,33,I_x_II,cycle,20,0,2.1210230918211945e-16,0.0,0.45191044776119405,0.009619430967696256,0.45223880597014926,coexist,,0.39925373134328357,0.6007462686567164,early,50,cycle,20,/Users/amrkandil/github_repos/thesis/Distributed-Tsetlin-Machines/experiments/results_minority/I_x_II/rule136_vs_rule33/hamming_distance.png,/Users/amrkandil/github_repos/thesis/Distributed-Tsetlin-Machines/experiments/results_minority/I_x_II/rule136_vs_rule33/lag_hamming.png,/Users/amrkandil/github_repos/thesis/Distributed-Tsetlin-Machines/experiments/results_minority/I_x_II/rule136_vs_rule33/metrics.json
136,34,I_x_II,fixed,1,0,0.0,0.0,0.002427860696517413,0.027310603483756343,0.0,coexist,,0.5,0.5,early,50,fixed,1,/Users/amrkandil/github_repos/thesis/Distributed-Tsetlin-Machines/experiments/results_minority/I_x_II/rule136_vs_rule34/hamming_distance.png,/Users/amrkandil/github_repos/thesis/Distributed-Tsetlin-Machines/experiments/results_minority/I_x_II/rule136_vs_rule34/lag_hamming.png,/Users/amrkandil/github_repos/thesis/Distributed-Tsetlin-Machines/experiments/results_minority/I_x_II/rule136_vs_rule34/metrics.json
136,35,I_x_II,cycle,4,0,2.828030789094926e-16,0.0,0.5140099502487563,0.020671713035182056,0.5149253731343283,coexist,,0.4639303482587065,0.5360696517412935,early,50,cycle,4,/Users/amrkandil/github_repos/thesis/Distributed-Tsetlin-Machines/experiments/results_minority/I_x_II/rule136_vs_rule35/hamming_distance.png,/Users/amrkandil/github_repos/thesis/Distributed-Tsetlin-Machines/experiments/results_minority/I_x_II/rule136_vs_rule35/lag_hamming.png,/Users/amrkandil/github_repos/thesis/Distributed-Tsetlin-Machines/experiments/results_minority/I_x_II/rule136_vs_rule35/metrics.json
136,36,I_x_II,fixed,1,0,0.0,0.0,0.0013134328358208956,0.019311113022330774,0.0,coexist,,0.47761194029850745,0.5223880597014925,early,50,fixed,1,/Users/amrkandil/github_repos/thesis/Distributed-Tsetlin-Machines/experiments/results_minority/I_x_II/rule136_vs_rule36/hamming_distance.png,/Users/amrkandil/github_repos/thesis/Distributed-Tsetlin-Machines/experiments/results_minority/I_x_II/rule136_vs_rule36/lag_hamming.png,/Users/amrkandil/github_repos/thesis/Distributed-Tsetlin-Machines/experiments/results_minority/I_x_II/rule136_vs_rule36/metrics.json
136,37,I_x_II,cycle,16,0,2.1210230918211945e-16,0.0,0.13483582089552237,0.021761034788890212,0.13308457711442787,coexist,,0.40507462686567164,0.5949253731343284,early,50,cycle,16,/Users/amrkandil/github_repos/thesis/Distributed-Tsetlin-Machines/experiments/results_minority/I_x_II/rule136_vs_rule37/hamming_distance.png,/Users/amrkandil/github_repos/thesis/Distributed-Tsetlin-Machines/experiments/results_minority/I_x_II/rule136_vs_rule37/lag_hamming.png,/Users/amrkandil/github_repos/thesis/Distributed-Tsetlin-Machines/experiments/results_minority/I_x_II/rule136_vs_rule37/metrics.json
136,38,I_x_II,near_cycle,1,1,0.02951492537313442,0.06003731343283582,0.061562189054726366,0.021986517354338753,0.060037313432835825,coexist,,0.49507462686567166,0.5049253731343284,late,300,near_cycle,1,/Users/amrkandil/github_repos/thesis/Distributed-Tsetlin-Machines/experiments/results_minority/I_x_II/rule136_vs_rule38/hamming_distance.png,/Users/amrkandil/github_repos/thesis/Distributed-Tsetlin-Machines/experiments/results_minority/I_x_II/rule136_vs_rule38/lag_hamming.png,/Users/amrkandil/github_repos/thesis/Distributed-Tsetlin-Machines/experiments/results_minority/I_x_II/rule136_vs_rule38/metrics.json
136,42,I_x_II,fixed,1,0,0.0,0.0,0.0023283582089552233,0.024397888209544256,0.0,coexist,,0.5,0.5,early,50,fixed,1,/Users/amrkandil/github_repos/thesis/Distributed-Tsetlin-Machines/experiments/results_minority/I_x_II/rule136_vs_rule42/hamming_distance.png,/Users/amrkandil/github_repos/thesis/Distributed-Tsetlin-Machines/experiments/results_minority/I_x_II/rule136_vs_rule42/lag_hamming.png,/Users/amrkandil/github_repos/thesis/Distributed-Tsetlin-Machines/experiments/results_minority/I_x_II/rule136_vs_rule42/metrics.json
136,43,I_x_II,cycle,4,0,0.0,0.0,0.4978905472636816,0.01455104727868453,0.5,coexist,,0.5074626865671642,0.4925373134328358,early,50,cycle,4,/Users/amrkandil/github_repos/thesis/Distributed-Tsetlin-Machines/experiments/results_minority/I_x_II/rule136_vs_rule43/hamming_distance.png,/Users/amrkandil/github_repos/thesis/Distributed-Tsetlin-Machines/experiments/results_minority/I_x_II/rule136_vs_rule43/lag_hamming.png,/Users/amrkandil/github_repos/thesis/Distributed-Tsetlin-Machines/experiments/results_minority/I_x_II/rule136_vs_rule43/metrics.json
136,44,I_x_II,fixed,1,0,0.0,0.0,0.001134328358208955,0.01668560296493085,0.0,coexist,,0.44527363184079605,0.554726368159204,early,50,fixed,1,/Users/amrkandil/github_repos/thesis/Distributed-Tsetlin-Machines/experiments/results_minority/I_x_II/rule136_vs_rule44/hamming_distance.png,/Users/amrkandil/github_repos/thesis/Distributed-Tsetlin-Machines/experiments/results_minority/I_x_II/rule136_vs_rule44/lag_hamming.png,/Users/amrkandil/github_repos/thesis/Distributed-Tsetlin-Machines/experiments/results_minority/I_x_II/rule136_vs_rule44/metrics.json
136,46,I_x_II,near_cycle,1,1,0.06006218905472632,0.12899253731343283,0.12884577114427861,0.019066865442126914,0.12899253731343283,coexist,,0.49044776119402983,0.5095522388059701,late,300,near_cycle,1,/Users/amrkandil/github_repos/thesis/Distributed-Tsetlin-Machines/experiments/results_minority/I_x_II/rule136_vs_rule46/hamming_distance.png,/Users/amrkandil/github_repos/thesis/Distributed-Tsetlin-Machines/experiments/results_minority/I_x_II/rule136_vs_rule46/lag_hamming.png,/Users/amrkandil/github_repos/thesis/Distributed-Tsetlin-Machines/experiments/results_minority/I_x_II/rule136_vs_rule46/metrics.json
136,50,I_x_II,cycle,4,0,0.0,0.0,0.485641791044776,0.014247460265143097,0.4875621890547263,coexist,,0.27487562189054726,0.7251243781094527,early,50,cycle,4,/Users/amrkandil/github_repos/thesis/Distributed-Tsetlin-Machines/experiments/results_minority/I_x_II/rule136_vs_rule50/hamming_distance.png,/Users/amrkandil/github_repos/thesis/Distributed-Tsetlin-Machines/experiments/results_minority/I_x_II/rule136_vs_rule50/lag_hamming.png,/Users/amrkandil/github_repos/thesis/Distributed-Tsetlin-Machines/experiments/results_minority/I_x_II/rule136_vs_rule50/metrics.json
136,51,I_x_II,cycle,4,0,7.070076972737315e-17,0.0,0.6522587064676618,0.013549506230162444,0.6542288557213931,coexist,,0.38930348258706465,0.6106965174129353,early,50,cycle,4,/Users/amrkandil/github_repos/thesis/Distributed-Tsetlin-Machines/experiments/results_minority/I_x_II/rule136_vs_rule51/hamming_distance.png,/Users/amrkandil/github_repos/thesis/Distributed-Tsetlin-Machines/experiments/results_minority/I_x_II/rule136_vs_rule51/lag_hamming.png,/Users/amrkandil/github_repos/thesis/Distributed-Tsetlin-Machines/experiments/results_minority/I_x_II/rule136_vs_rule51/metrics.json
136,56,I_x_II,fixed,1,0,0.0,0.0,0.002427860696517413,0.027288843384123785,0.0,coexist,,0.5,0.5,early,50,fixed,1,/Users/amrkandil/github_repos/thesis/Distributed-Tsetlin-Machines/experiments/results_minority/I_x_II/rule136_vs_rule56/hamming_distance.png,/Users/amrkandil/github_repos/thesis/Distributed-Tsetlin-Machines/experiments/results_minority/I_x_II/rule136_vs_rule56/lag_hamming.png,/Users/amrkandil/github_repos/thesis/Distributed-Tsetlin-Machines/experiments/results_minority/I_x_II/rule136_vs_rule56/metrics.json
136,57,I_x_II,near_cycle,8,0,0.1375564923474231,0.13755649234742318,0.5268358208955224,0.023087345433598843,0.5266542288557214,coexist,,0.4237810945273632,0.5762189054726368,late,334,near_cycle,8,/Users/amrkandil/github_repos/thesis/Distributed-Tsetlin-Machines/experiments/results_minority/I_x_II/rule136_vs_rule57/hamming_distance.png,/Users/amrkandil/github_repos/thesis/Distributed-Tsetlin-Machines/experiments/results_minority/I_x_II/rule136_vs_rule57/lag_hamming.png,/Users/amrkandil/github_repos/thesis/Distributed-Tsetlin-Machines/experiments/results_minority/I_x_II/rule136_vs_rule57/metrics.json
136,58,I_x_II,cycle,2,0,0.0,0.0,0.51926368159204,0.01969898974001731,0.5223880597014926,coexist,,0.24875621890547264,0.7512437810945274,early,50,cycle,2,/Users/amrkandil/github_repos/thesis/Distributed-Tsetlin-Machines/experiments/results_minority/I_x_II/rule136_vs_rule58/hamming_distance.png,/Users/amrkandil/github_repos/thesis/Distributed-Tsetlin-Machines/experiments/results_minority/I_x_II/rule136_vs_rule58/lag_hamming.png,/Users/amrkandil/github_repos/thesis/Distributed-Tsetlin-Machines/experiments/results_minority/I_x_II/rule136_vs_rule58/metrics.json
136,62,I_x_II,near_cycle,4,0,0.05676905146810033,0.0567690514681003,0.17525373134328356,0.02624250733746015,0.16939054726368163,coexist,,0.47582089552238804,0.524179104477612,late,250,near_cycle,4,/Users/amrkandil/github_repos/thesis/Distributed-Tsetlin-Machines/experiments/results_minority/I_x_II/rule136_vs_rule62/hamming_distance.png,/Users/amrkandil/github_repos/thesis/Distributed-Tsetlin-Machines/experiments/results_minority/I_x_II/rule136_vs_rule62/lag_hamming.png,/Users/amrkandil/github_repos/thesis/Distributed-Tsetlin-Machines/experiments/results_minority/I_x_II/rule136_vs_rule62/metrics.json
136,72,I_x_II,fixed,1,0,0.0,0.0,0.0009950248756218907,0.012574374662228155,0.0,coexist,,0.5,0.5,early,50,fixed,1,/Users/amrkandil/github_repos/thesis/Distributed-Tsetlin-Machines/experiments/results_minority/I_x_II/rule136_vs_rule72/hamming_distance.png,/Users/amrkandil/github_repos/thesis/Distributed-Tsetlin-Machines/experiments/results_minority/I_x_II/rule136_vs_rule72/lag_hamming.png,/Users/amrkandil/github_repos/thesis/Distributed-Tsetlin-Machines/experiments/results_minority/I_x_II/rule136_vs_rule72/metrics.json
136,73,I_x_II,near_cycle,4,0,0.05829793099991229,0.058297930999912276,0.43303482587064673,0.027520308717313483,0.4373134328358209,coexist,,0.4078109452736318,0.5921890547263682,early,50,near_cycle,4,/Users/amrkandil/github_repos/thesis/Distributed-Tsetlin-Machines/experiments/results_minority/I_x_II/rule136_vs_rule73/hamming_distance.png,/Users/amrkandil/github_repos/thesis/Distributed-Tsetlin-Machines/experiments/results_minority/I_x_II/rule136_vs_rule73/lag_hamming.png,/Users/amrkandil/github_repos/thesis/Distributed-Tsetlin-Machines/experiments/results_minority/I_x_II/rule136_vs_rule73/metrics.json
136,74,I_x_II,fixed,1,0,0.0,0.0,0.0027064676616915424,0.01832309602994459,0.0,coexist,,0.5,0.5,early,50,fixed,1,/Users/amrkandil/github_repos/thesis/Distributed-Tsetlin-Machines/experiments/results_minority/I_x_II/rule136_vs_rule74/hamming_distance.png,/Users/amrkandil/github_repos/thesis/Distributed-Tsetlin-Machines/experiments/results_minority/I_x_II/rule136_vs_rule74/lag_hamming.png,/Users/amrkandil/github_repos/thesis/Distributed-Tsetlin-Machines/experiments/results_minority/I_x_II/rule136_vs_rule74/metrics.json
136,76,I_x_II,fixed,1,0,0.0,0.0,0.0007562189054726367,0.009891488188123047,0.0,coexist,,0.43781094527363185,0.5621890547263682,early,50,fixed,1,/Users/amrkandil/github_repos/thesis/Distributed-Tsetlin-Machines/experiments/results_minority/I_x_II/rule136_vs_rule76/hamming_distance.png,/Users/amrkandil/github_repos/thesis/Distributed-Tsetlin-Machines/experiments/results_minority/I_x_II/rule136_vs_rule76/lag_hamming.png,/Users/amrkandil/github_repos/thesis/Distributed-Tsetlin-Machines/experiments/results_minority/I_x_II/rule136_vs_rule76/metrics.json
136,77,I_x_II,cycle,4,0,3.535038486368658e-16,0.0,0.00663681592039801,0.015355690565447193,0.004975124378109451,coexist,,0.3034825870646766,0.6965174129353234,early,50,cycle,4,/Users/amrkandil/github_repos/thesis/Distributed-Tsetlin-Machines/experiments/results_minority/I_x_II/rule136_vs_rule77/hamming_distance.png,/Users/amrkandil/github_repos/thesis/Distributed-Tsetlin-Machines/experiments/results_minority/I_x_II/rule136_vs_rule77/lag_hamming.png,/Users/amrkandil/github_repos/thesis/Distributed-Tsetlin-Machines/experiments/results_minority/I_x_II/rule136_vs_rule77/metrics.json
136,78,I_x_II,near_cycle,1,0,0.09718905472636828,0.09718905472636816,0.1043681592039801,0.02797308355595827,0.09718905472636816,coexist,,0.34681592039800996,0.6531840796019901,late,334,near_cycle,1,/Users/amrkandil/github_repos/thesis/Distributed-Tsetlin-Machines/experiments/results_minority/I_x_II/rule136_vs_rule78/hamming_distance.png,/Users/amrkandil/github_repos/thesis/Distributed-Tsetlin-Machines/experiments/results_minority/I_x_II/rule136_vs_rule78/lag_hamming.png,/Users/amrkandil/github_repos/thesis/Distributed-Tsetlin-Machines/experiments/results_minority/I_x_II/rule136_vs_rule78/metrics.json
136,94,I_x_II,cycle,84,0,2.1210230918211945e-16,0.0,0.1234825870646766,0.024148374305211814,0.1196268656716418,coexist,,0.4082089552238806,0.5917910447761194,early,50,near_cycle,8,/Users/amrkandil/github_repos/thesis/Distributed-Tsetlin-Machines/experiments/results_minority/I_x_II/rule136_vs_rule94/hamming_distance.png,/Users/amrkandil/github_repos/thesis/Distributed-Tsetlin-Machines/experiments/results_minority/I_x_II/rule136_vs_rule94/lag_hamming.png,/Users/amrkandil/github_repos/thesis/Distributed-Tsetlin-Machines/experiments/results_minority/I_x_II/rule136_vs_rule94/metrics.json
136,104,I_x_II,fixed,1,0,0.0,0.0,0.0015124378109452735,0.017399841558907725,0.0,coexist,,0.5,0.5,early,50,fixed,1,/Users/amrkandil/github_repos/thesis/Distributed-Tsetlin-Machines/experiments/results_minority/I_x_II/rule136_vs_rule104/hamming_distance.png,/Users/amrkandil/github_repos/thesis/Distributed-Tsetlin-Machines/experiments/results_minority/I_x_II/rule136_vs_rule104/lag_hamming.png,/Users/amrkandil/github_repos/thesis/Distributed-Tsetlin-Machines/experiments/results_minority/I_x_II/rule136_vs_rule104/metrics.json
136,108,I_x_II,cycle,2,0,0.0,0.0,0.011114427860696515,0.013547734145155423,0.009950248756218902,coexist,,0.43781094527363185,0.5621890547263682,early,50,cycle,2,/Users/amrkandil/github_repos/thesis/Distributed-Tsetlin-Machines/experiments/results_minority/I_x_II/rule136_vs_rule108/hamming_distance.png,/Users/amrkandil/github_repos/thesis/Distributed-Tsetlin-Machines/experiments/results_minority/I_x_II/rule136_vs_rule108/lag_hamming.png,/Users/amrkandil/github_repos/thesis/Distributed-Tsetlin-Machines/experiments/results_minority/I_x_II/rule136_vs_rule108/metrics.json
136,130,I_x_II,fixed,1,0,0.0,0.0,0.001771144278606965,0.018296870657425496,0.0,coexist,,0.5,0.5,early,50,fixed,1,/Users/amrkandil/github_repos/thesis/Distributed-Tsetlin-Machines/experiments/results_minority/I_x_II/rule136_vs_rule130/hamming_distance.png,/Users/amrkandil/github_repos/thesis/Distributed-Tsetlin-Machines/experiments/results_minority/I_x_II/rule136_vs_rule130/lag_hamming.png,/Users/amrkandil/github_repos/thesis/Distributed-Tsetlin-Machines/experiments/results_minority/I_x_II/rule136_vs_rule130/metrics.json
136,132,I_x_II,fixed,1,0,2.1210230918211945e-16,0.0,0.0008855721393034825,0.011338826915379529,0.0,coexist,,0.4701492537313433,0.5298507462686567,early,50,fixed,1,/Users/amrkandil/github_repos/thesis/Distributed-Tsetlin-Machines/experiments/results_minority/I_x_II/rule136_vs_rule132/hamming_distance.png,/Users/amrkandil/github_repos/thesis/Distributed-Tsetlin-Machines/experiments/results_minority/I_x_II/rule136_vs_rule132/lag_hamming.png,/Users/amrkandil/github_repos/thesis/Distributed-Tsetlin-Machines/experiments/results_minority/I_x_II/rule136_vs_rule132/metrics.json
136,134,I_x_II,near_cycle,1,1,0.04101990049751232,0.08833333333333333,0.08866666666666666,0.013875439045940349,0.08833333333333332,coexist,,0.4925870646766169,0.507412935323383,late,150,near_cycle,1,/Users/amrkandil/github_repos/thesis/Distributed-Tsetlin-Machines/experiments/results_minority/I_x_II/rule136_vs_rule134/hamming_distance.png,/Users/amrkandil/github_repos/thesis/Distributed-Tsetlin-Machines/experiments/results_minority/I_x_II/rule136_vs_rule134/lag_hamming.png,/Users/amrkandil/github_repos/thesis/Distributed-Tsetlin-Machines/experiments/results_minority/I_x_II/rule136_vs_rule134/metrics.json
136,138,I_x_II,fixed,1,0,0.0,0.0,0.002029850746268657,0.01600841342122463,0.0,coexist,,0.5,0.5,early,50,fixed,1,/Users/amrkandil/github_repos/thesis/Distributed-Tsetlin-Machines/experiments/results_minority/I_x_II/rule136_vs_rule138/hamming_distance.png,/Users/amrkandil/github_repos/thesis/Distributed-Tsetlin-Machines/experiments/results_minority/I_x_II/rule136_vs_rule138/lag_hamming.png,/Users/amrkandil/github_repos/thesis/Distributed-Tsetlin-Machines/experiments/results_minority/I_x_II/rule136_vs_rule138/metrics.json
136,140,I_x_II,fixed,1,0,2.828030789094926e-16,0.0,0.0007860696517412936,0.009088336288270847,0.0,coexist,,0.44527363184079605,0.554726368159204,early,50,fixed,1,/Users/amrkandil/github_repos/thesis/Distributed-Tsetlin-Machines/experiments/results_minority/I_x_II/rule136_vs_rule140/hamming_distance.png,/Users/amrkandil/github_repos/thesis/Distributed-Tsetlin-Machines/experiments/results_minority/I_x_II/rule136_vs_rule140/lag_hamming.png,/Users/amrkandil/github_repos/thesis/Distributed-Tsetlin-Machines/experiments/results_minority/I_x_II/rule136_vs_rule140/metrics.json
136,142,I_x_II,near_cycle,1,1,0.05748756218905476,0.12161691542288557,0.12176119402985074,0.014440999335927273,0.12161691542288557,coexist,,0.49044776119402983,0.5095522388059701,late,200,near_cycle,1,/Users/amrkandil/github_repos/thesis/Distributed-Tsetlin-Machines/experiments/results_minority/I_x_II/rule136_vs_rule142/hamming_distance.png,/Users/amrkandil/github_repos/thesis/Distributed-Tsetlin-Machines/experiments/results_minority/I_x_II/rule136_vs_rule142/lag_hamming.png,/Users/amrkandil/github_repos/thesis/Distributed-Tsetlin-Machines/experiments/results_minority/I_x_II/rule136_vs_rule142/metrics.json
136,152,I_x_II,fixed,1,0,0.0,0.0,0.0018706467661691538,0.01748147420974633,0.0,coexist,,0.5,0.5,early,50,fixed,1,/Users/amrkandil/github_repos/thesis/Distributed-Tsetlin-Machines/experiments/results_minority/I_x_II/rule136_vs_rule152/hamming_distance.png,/Users/amrkandil/github_repos/thesis/Distributed-Tsetlin-Machines/experiments/results_minority/I_x_II/rule136_vs_rule152/lag_hamming.png,/Users/amrkandil/github_repos/thesis/Distributed-Tsetlin-Machines/experiments/results_minority/I_x_II/rule136_vs_rule152/metrics.json
136,154,I_x_II,cycle,42,0,0.0,0.0,0.10808955223880598,0.021347240120814757,0.10373134328358208,coexist,,0.4375621890547264,0.5624378109452737,early,50,cycle,42,/Users/amrkandil/github_repos/thesis/Distributed-Tsetlin-Machines/experiments/results_minority/I_x_II/rule136_vs_rule154/hamming_distance.png,/Users/amrkandil/github_repos/thesis/Distributed-Tsetlin-Machines/experiments/results_minority/I_x_II/rule136_vs_rule154/lag_hamming.png,/Users/amrkandil/github_repos/thesis/Distributed-Tsetlin-Machines/experiments/results_minority/I_x_II/rule136_vs_rule154/metrics.json
136,156,I_x_II,cycle,2,0,0.0,0.0,0.1292636815920398,0.005489968034161351,0.1293532338308458,coexist,,0.3880597014925373,0.6119402985074627,early,50,cycle,2,/Users/amrkandil/github_repos/thesis/Distributed-Tsetlin-Machines/experiments/results_minority/I_x_II/rule136_vs_rule156/hamming_distance.png,/Users/amrkandil/github_repos/thesis/Distributed-Tsetlin-Machines/experiments/results_minority/I_x_II/rule136_vs_rule156/lag_hamming.png,/Users/amrkandil/github_repos/thesis/Distributed-Tsetlin-Machines/experiments/results_minority/I_x_II/rule136_vs_rule156/metrics.json
136,162,I_x_II,fixed,1,0,0.0,0.0,0.0026069651741293534,0.024700590184577546,0.0,coexist,,0.5,0.5,early,50,fixed,1,/Users/amrkandil/github_repos/thesis/Distributed-Tsetlin-Machines/experiments/results_minority/I_x_II/rule136_vs_rule162/hamming_distance.png,/Users/amrkandil/github_repos/thesis/Distributed-Tsetlin-Machines/experiments/results_minority/I_x_II/rule136_vs_rule162/lag_hamming.png,/Users/amrkandil/github_repos/thesis/Distributed-Tsetlin-Machines/experiments/results_minority/I_x_II/rule136_vs_rule162/metrics.json
136,164,I_x_II,fixed,1,0,0.0,0.0,0.001253731343283582,0.01580531790435019,0.0,coexist,,0.4701492537313433,0.5298507462686567,early,50,fixed,1,/Users/amrkandil/github_repos/thesis/Distributed-Tsetlin-Machines/experiments/results_minority/I_x_II/rule136_vs_rule164/hamming_distance.png,/Users/amrkandil/github_repos/thesis/Distributed-Tsetlin-Machines/experiments/results_minority/I_x_II/rule136_vs_rule164/lag_hamming.png,/Users/amrkandil/github_repos/thesis/Distributed-Tsetlin-Machines/experiments/results_minority/I_x_II/rule136_vs_rule164/metrics.json
136,170,I_x_II,fixed,1,0,0.0,0.0,0.0023681592039800996,0.01989640753991114,0.0,coexist,,0.5,0.5,early,50,fixed,1,/Users/amrkandil/github_repos/thesis/Distributed-Tsetlin-Machines/experiments/results_minority/I_x_II/rule136_vs_rule170/hamming_distance.png,/Users/amrkandil/github_repos/thesis/Distributed-Tsetlin-Machines/experiments/results_minority/I_x_II/rule136_vs_rule170/lag_hamming.png,/Users/amrkandil/github_repos/thesis/Distributed-Tsetlin-Machines/experiments/results_minority/I_x_II/rule136_vs_rule170/metrics.json
136,172,I_x_II,fixed,1,0,2.828030789094926e-16,0.0,0.0010845771144278606,0.01297589885671984,0.0,coexist,,0.44776119402985076,0.5522388059701493,early,50,fixed,1,/Users/amrkandil/github_repos/thesis/Distributed-Tsetlin-Machines/experiments/results_minority/I_x_II/rule136_vs_rule172/hamming_distance.png,/Users/amrkandil/github_repos/thesis/Distributed-Tsetlin-Machines/experiments/results_minority/I_x_II/rule136_vs_rule172/lag_hamming.png,/Users/amrkandil/github_repos/thesis/Distributed-Tsetlin-Machines/experiments/results_minority/I_x_II/rule136_vs_rule172/metrics.json
136,178,I_x_II,cycle,4,0,2.1210230918211945e-16,0.0,0.5099900497512438,0.016925615892918636,0.5124378109452737,coexist,,0.2562189054726368,0.7437810945273632,early,50,cycle,4,/Users/amrkandil/github_repos/thesis/Distributed-Tsetlin-Machines/experiments/results_minority/I_x_II/rule136_vs_rule178/hamming_distance.png,/Users/amrkandil/github_repos/thesis/Distributed-Tsetlin-Machines/experiments/results_minority/I_x_II/rule136_vs_rule178/lag_hamming.png,/Users/amrkandil/github_repos/thesis/Distributed-Tsetlin-Machines/experiments/results_minority/I_x_II/rule136_vs_rule178/metrics.json
136,184,I_x_II,fixed,1,0,0.0,0.0,0.0028059701492537314,0.023597987797550957,0.0,coexist,,0.5,0.5,early,50,fixed,1,/Users/amrkandil/github_repos/thesis/Distributed-Tsetlin-Machines/experiments/results_minority/I_x_II/rule136_vs_rule184/hamming_distance.png,/Users/amrkandil/github_repos/thesis/Distributed-Tsetlin-Machines/experiments/results_minority/I_x_II/rule136_vs_rule184/lag_hamming.png,/Users/amrkandil/github_repos/thesis/Distributed-Tsetlin-Machines/experiments/results_minority/I_x_II/rule136_vs_rule184/metrics.json
136,200,I_x_II,fixed,1,0,0.0,0.0,0.0009950248756218905,0.009130403778670217,0.0,coexist,,0.5,0.5,early,50,fixed,1,/Users/amrkandil/github_repos/thesis/Distributed-Tsetlin-Machines/experiments/results_minority/I_x_II/rule136_vs_rule200/hamming_distance.png,/Users/amrkandil/github_repos/thesis/Distributed-Tsetlin-Machines/experiments/results_minority/I_x_II/rule136_vs_rule200/lag_hamming.png,/Users/amrkandil/github_repos/thesis/Distributed-Tsetlin-Machines/experiments/results_minority/I_x_II/rule136_vs_rule200/metrics.json
136,204,I_x_II,fixed,1,0,0.0,0.0,0.0007860696517412936,0.006801626439661136,0.0,coexist,,0.44776119402985076,0.5522388059701493,early,50,fixed,1,/Users/amrkandil/github_repos/thesis/Distributed-Tsetlin-Machines/experiments/results_minority/I_x_II/rule136_vs_rule204/hamming_distance.png,/Users/amrkandil/github_repos/thesis/Distributed-Tsetlin-Machines/experiments/results_minority/I_x_II/rule136_vs_rule204/lag_hamming.png,/Users/amrkandil/github_repos/thesis/Distributed-Tsetlin-Machines/experiments/results_minority/I_x_II/rule136_vs_rule204/metrics.json
136,232,I_x_II,fixed,1,0,0.0,0.0,0.0013134328358208958,0.01287616014623084,0.0,coexist,,0.5,0.5,early,50,fixed,1,/Users/amrkandil/github_repos/thesis/Distributed-Tsetlin-Machines/experiments/results_minority/I_x_II/rule136_vs_rule232/hamming_distance.png,/Users/amrkandil/github_repos/thesis/Distributed-Tsetlin-Machines/experiments/results_minority/I_x_II/rule136_vs_rule232/lag_hamming.png,/Users/amrkandil/github_repos/thesis/Distributed-Tsetlin-Machines/experiments/results_minority/I_x_II/rule136_vs_rule232/metrics.json
160,1,I_x_II,near_cycle,4,0,0.08867501284509441,0.08867501284509442,0.5192835820895523,0.021309929986088168,0.5201243781094527,coexist,,0.449452736318408,0.550547263681592,late,334,near_cycle,4,/Users/amrkandil/github_repos/thesis/Distributed-Tsetlin-Machines/experiments/results_minority/I_x_II/rule160_vs_rule1/hamming_distance.png,/Users/amrkandil/github_repos/thesis/Distributed-Tsetlin-Machines/experiments/results_minority/I_x_II/rule160_vs_rule1/lag_hamming.png,/Users/amrkandil/github_repos/thesis/Distributed-Tsetlin-Machines/experiments/results_minority/I_x_II/rule160_vs_rule1/metrics.json
160,2,I_x_II,fixed,1,0,0.0,0.0,0.001990049751243781,0.025872560204784706,0.0,coexist,,0.5,0.5,early,50,fixed,1,/Users/amrkandil/github_repos/thesis/Distributed-Tsetlin-Machines/experiments/results_minority/I_x_II/rule160_vs_rule2/hamming_distance.png,/Users/amrkandil/github_repos/thesis/Distributed-Tsetlin-Machines/experiments/results_minority/I_x_II/rule160_vs_rule2/lag_hamming.png,/Users/amrkandil/github_repos/thesis/Distributed-Tsetlin-Machines/experiments/results_minority/I_x_II/rule160_vs_rule2/metrics.json
160,3,I_x_II,near_cycle,4,0,0.09766031304435008,0.09766031304435004,0.5988955223880597,0.01570368358307296,0.5990298507462686,coexist,,0.48149253731343283,0.5185074626865671,late,150,cycle,48,/Users/amrkandil/github_repos/thesis/Distributed-Tsetlin-Machines/experiments/results_minority/I_x_II/rule160_vs_rule3/hamming_distance.png,/Users/amrkandil/github_repos/thesis/Distributed-Tsetlin-Machines/experiments/results_minority/I_x_II/rule160_vs_rule3/lag_hamming.png,/Users/amrkandil/github_repos/thesis/Distributed-Tsetlin-Machines/experiments/results_minority/I_x_II/rule160_vs_rule3/metrics.json
160,4,I_x_II,fixed,1,0,0.0,0.0,0.0011542288557213928,0.019512496162648288,0.0,coexist,,0.48507462686567165,0.5149253731343284,early,50,fixed,1,/Users/amrkandil/github_repos/thesis/Distributed-Tsetlin-Machines/experiments/results_minority/I_x_II/rule160_vs_rule4/hamming_distance.png,/Users/amrkandil/github_repos/thesis/Distributed-Tsetlin-Machines/experiments/results_minority/I_x_II/rule160_vs_rule4/lag_hamming.png,/Users/amrkandil/github_repos/thesis/Distributed-Tsetlin-Machines/experiments/results_minority/I_x_II/rule160_vs_rule4/metrics.json
160,5,I_x_II,near_cycle,4,0,0.07280975475268504,0.07280975475268493,0.15704477611940298,0.03178541670376222,0.15084577114427863,coexist,,0.24194029850746268,0.7580597014925373,late,334,near_cycle,4,/Users/amrkandil/github_repos/thesis/Distributed-Tsetlin-Machines/experiments/results_minority/I_x_II/rule160_vs_rule5/hamming_distance.png,/Users/amrkandil/github_repos/thesis/Distributed-Tsetlin-Machines/experiments/results_minority/I_x_II/rule160_vs_rule5/lag_hamming.png,/Users/amrkandil/github_repos/thesis/Distributed-Tsetlin-Machines/experiments/results_minority/I_x_II/rule160_vs_rule5/metrics.json
160,6,I_x_II,fixed,1,0,0.0,0.0,0.002746268656716418,0.02478755355650395,0.0,coexist,,0.5,0.5,early,50,fixed,1,/Users/amrkandil/github_repos/thesis/Distributed-Tsetlin-Machines/experiments/results_minority/I_x_II/rule160_vs_rule6/hamming_distance.png,/Users/amrkandil/github_repos/thesis/Distributed-Tsetlin-Machines/experiments/results_minority/I_x_II/rule160_vs_rule6/lag_hamming.png,/Users/amrkandil/github_repos/thesis/Distributed-Tsetlin-Machines/experiments/results_minority/I_x_II/rule160_vs_rule6/metrics.json
160,7,I_x_II,near_cycle,4,0,0.09608130631477386,0.09608130631477374,0.5531741293532338,0.027804071810569327,0.5550124378109453,coexist,,0.4699502487562189,0.5300497512437811,early,100,near_cycle,4,/Users/amrkandil/github_repos/thesis/Distributed-Tsetlin-Machines/experiments/results_minority/I_x_II/rule160_vs_rule7/hamming_distance.png,/Users/amrkandil/github_repos/thesis/Distributed-Tsetlin-Machines/experiments/results_minority/I_x_II/rule160_vs_rule7/lag_hamming.png,/Users/amrkandil/github_repos/thesis/Distributed-Tsetlin-Machines/experiments/results_minority/I_x_II/rule160_vs_rule7/metrics.json
160,9,I_x_II,cycle,48,0,2.1210230918211945e-16,0.0,0.5280696517412935,0.018272891584726173,0.5298756218905473,coexist,,0.4632835820895522,0.5367164179104478,early,50,cycle,48,/Users/amrkandil/github_repos/thesis/Distributed-Tsetlin-Machines/experiments/results_minority/I_x_II/rule160_vs_rule9/hamming_distance.png,/Users/amrkandil/github_repos/thesis/Distributed-Tsetlin-Machines/experiments/results_minority/I_x_II/rule160_vs_rule9/lag_hamming.png,/Users/amrkandil/github_repos/thesis/Distributed-Tsetlin-Machines/experiments/results_minority/I_x_II/rule160_vs_rule9/metrics.json
160,10,I_x_II,fixed,1,0,0.0,0.0,0.002009950248756219,0.024782304568726755,0.0,coexist,,0.5,0.5,early,50,fixed,1,/Users/amrkandil/github_repos/thesis/Distributed-Tsetlin-Machines/experiments/results_minority/I_x_II/rule160_vs_rule10/hamming_distance.png,/Users/amrkandil/github_repos/thesis/Distributed-Tsetlin-Machines/experiments/results_minority/I_x_II/rule160_vs_rule10/lag_hamming.png,/Users/amrkandil/github_repos/thesis/Distributed-Tsetlin-Machines/experiments/results_minority/I_x_II/rule160_vs_rule10/metrics.json
160,11,I_x_II,near_cycle,4,0,0.14044387633620325,0.14044387633620312,0.6038507462686568,0.024157865905062945,0.6050995024875622,coexist,,0.497363184079602,0.502636815920398,late,334,near_cycle,4,/Users/amrkandil/github_repos/thesis/Distributed-Tsetlin-Machines/experiments/results_minority/I_x_II/rule160_vs_rule11/hamming_distance.png,/Users/amrkandil/github_repos/thesis/Distributed-Tsetlin-Machines/experiments/results_minority/I_x_II/rule160_vs_rule11/lag_hamming.png,/Users/amrkandil/github_repos/thesis/Distributed-Tsetlin-Machines/experiments/results_minority/I_x_II/rule160_vs_rule11/metrics.json
160,12,I_x_II,fixed,1,0,0.0,0.0,0.0011144278606965174,0.01724138953883562,0.0,coexist,,0.4601990049751244,0.5398009950248757,early,50,fixed,1,/Users/amrkandil/github_repos/thesis/Distributed-Tsetlin-Machines/experiments/results_minority/I_x_II/rule160_vs_rule12/hamming_distance.png,/Users/amrkandil/github_repos/thesis/Distributed-Tsetlin-Machines/experiments/results_minority/I_x_II/rule160_vs_rule12/lag_hamming.png,/Users/amrkandil/github_repos/thesis/Distributed-Tsetlin-Machines/experiments/results_minority/I_x_II/rule160_vs_rule12/metrics.json
160,13,I_x_II,cycle,12,0,0.0,0.0,0.06243781094527363,0.03130911032901314,0.05557213930348258,coexist,,0.20860696517412936,0.7913930348258706,early,50,cycle,12,/Users/amrkandil/github_repos/thesis/Distributed-Tsetlin-Machines/experiments/results_minority/I_x_II/rule160_vs_rule13/hamming_distance.png,/Users/amrkandil/github_repos/thesis/Distributed-Tsetlin-Machines/experiments/results_minority/I_x_II/rule160_vs_rule13/lag_hamming.png,/Users/amrkandil/github_repos/thesis/Distributed-Tsetlin-Machines/experiments/results_minority/I_x_II/rule160_vs_rule13/metrics.json
160,14,I_x_II,fixed,1,0,0.0,0.0,0.0037611940298507463,0.025099718946450612,0.0,coexist,,0.5,0.5,early,50,fixed,1,/Users/amrkandil/github_repos/thesis/Distributed-Tsetlin-Machines/experiments/results_minority/I_x_II/rule160_vs_rule14/hamming_distance.png,/Users/amrkandil/github_repos/thesis/Distributed-Tsetlin-Machines/experiments/results_minority/I_x_II/rule160_vs_rule14/lag_hamming.png,/Users/amrkandil/github_repos/thesis/Distributed-Tsetlin-Machines/experiments/results_minority/I_x_II/rule160_vs_rule14/metrics.json
160,15,I_x_II,near_cycle,4,0,0.15045678408962743,0.15045678408962743,0.5442587064676617,0.03379248044111308,0.5473507462686568,coexist,,0.4919900497512438,0.5080099502487562,late,334,near_cycle,4,/Users/amrkandil/github_repos/thesis/Distributed-Tsetlin-Machines/experiments/results_minority/I_x_II/rule160_vs_rule15/hamming_distance.png,/Users/amrkandil/github_repos/thesis/Distributed-Tsetlin-Machines/experiments/results_minority/I_x_II/rule160_vs_rule15/lag_hamming.png,/Users/amrkandil/github_repos/thesis/Distributed-Tsetlin-Machines/experiments/results_minority/I_x_II/rule160_vs_rule15/metrics.json
160,19,I_x_II,near_cycle,6,0,0.19327413565085969,0.19327413565085963,0.738636815920398,0.027693547997289927,0.7390298507462686,coexist,,0.5456716417910448,0.45432835820895523,late,334,near_cycle,6,/Users/amrkandil/github_repos/thesis/Distributed-Tsetlin-Machines/experiments/results_minority/I_x_II/rule160_vs_rule19/hamming_distance.png,/Users/amrkandil/github_repos/thesis/Distributed-Tsetlin-Machines/experiments/results_minority/I_x_II/rule160_vs_rule19/lag_hamming.png,/Users/amrkandil/github_repos/thesis/Distributed-Tsetlin-Machines/experiments/results_minority/I_x_II/rule160_vs_rule19/metrics.json
160,23,I_x_II,near_cycle,4,0,0.17414188503327208,0.17414188503327194,0.7227462686567164,0.037965778819579,0.7285820895522387,coexist,,0.6025373134328358,0.39746268656716416,late,250,near_cycle,4,/Users/amrkandil/github_repos/thesis/Distributed-Tsetlin-Machines/experiments/results_minority/I_x_II/rule160_vs_rule23/hamming_distance.png,/Users/amrkandil/github_repos/thesis/Distributed-Tsetlin-Machines/experiments/results_minority/I_x_II/rule160_vs_rule23/lag_hamming.png,/Users/amrkandil/github_repos/thesis/Distributed-Tsetlin-Machines/experiments/results_minority/I_x_II/rule160_vs_rule23/metrics.json
160,24,I_x_II,fixed,1,0,0.0,0.0,0.002208955223880597,0.026342268336484592,0.0,coexist,,0.5,0.5,early,50,fixed,1,/Users/amrkandil/github_repos/thesis/Distributed-Tsetlin-Machines/experiments/results_minority/I_x_II/rule160_vs_rule24/hamming_distance.png,/Users/amrkandil/github_repos/thesis/Distributed-Tsetlin-Machines/experiments/results_minority/I_x_II/rule160_vs_rule24/lag_hamming.png,/Users/amrkandil/github_repos/thesis/Distributed-Tsetlin-Machines/experiments/results_minority/I_x_II/rule160_vs_rule24/metrics.json
160,25,I_x_II,cycle,24,0,0.0,0.0,0.6044179104477612,0.02408590024946048,0.6052487562189056,coexist,,0.47422885572139306,0.5257711442786069,early,100,cycle,24,/Users/amrkandil/github_repos/thesis/Distributed-Tsetlin-Machines/experiments/results_minority/I_x_II/rule160_vs_rule25/hamming_distance.png,/Users/amrkandil/github_repos/thesis/Distributed-Tsetlin-Machines/experiments/results_minority/I_x_II/rule160_vs_rule25/lag_hamming.png,/Users/amrkandil/github_repos/thesis/Distributed-Tsetlin-Machines/experiments/results_minority/I_x_II/rule160_vs_rule25/metrics.json
160,26,I_x_II,cycle,42,0,0.0,0.0,0.09983084577114429,0.027925317736932666,0.09497512437810944,coexist,,0.45303482587064675,0.5469651741293532,early,50,cycle,42,/Users/amrkandil/github_repos/thesis/Distributed-Tsetlin-Machines/experiments/results_minority/I_x_II/rule160_vs_rule26/hamming_distance.png,/Users/amrkandil/github_repos/thesis/Distributed-Tsetlin-Machines/experiments/results_minority/I_x_II/rule160_vs_rule26/lag_hamming.png,/Users/amrkandil/github_repos/thesis/Distributed-Tsetlin-Machines/experiments/results_minority/I_x_II/rule160_vs_rule26/metrics.json
160,27,I_x_II,aperiodic,,,0.2044533118469351,0.204453311846935,0.7362189054726368,0.033416988663083194,0.7358955223880597,coexist,,0.5610945273631841,0.4389054726368159,late,334,near_cycle,12,/Users/amrkandil/github_repos/thesis/Distributed-Tsetlin-Machines/experiments/results_minority/I_x_II/rule160_vs_rule27/hamming_distance.png,/Users/amrkandil/github_repos/thesis/Distributed-Tsetlin-Machines/experiments/results_minority/I_x_II/rule160_vs_rule27/lag_hamming.png,/Users/amrkandil/github_repos/thesis/Distributed-Tsetlin-Machines/experiments/results_minority/I_x_II/rule160_vs_rule27/metrics.json
160,28,I_x_II,near_cycle,6,0,0.07303986397128273,0.07303986397128283,0.17930348258706466,0.029951075177438082,0.17896766169154227,coexist,,0.38213930348258707,0.6178606965174129,early,100,near_cycle,6,/Users/amrkandil/github_repos/thesis/Distributed-Tsetlin-Machines/experiments/results_minority/I_x_II/rule160_vs_rule28/hamming_distance.png,/Users/amrkandil/github_repos/thesis/Distributed-Tsetlin-Machines/experiments/results_minority/I_x_II/rule160_vs_rule28/lag_hamming.png,/Users/amrkandil/github_repos/thesis/Distributed-Tsetlin-Machines/experiments/results_minority/I_x_II/rule160_vs_rule28/metrics.json
160,29,I_x_II,cycle,120,0,0.0,0.0,0.3332935323383084,0.019271101732801638,0.33083333333333337,coexist,,0.2453233830845771,0.7546766169154229,late,334,near_cycle,4,/Users/amrkandil/github_repos/thesis/Distributed-Tsetlin-Machines/experiments/results_minority/I_x_II/rule160_vs_rule29/hamming_distance.png,/Users/amrkandil/github_repos/thesis/Distributed-Tsetlin-Machines/experiments/results_minority/I_x_II/rule160_vs_rule29/lag_hamming.png,/Users/amrkandil/github_repos/thesis/Distributed-Tsetlin-Machines/experiments/results_minority/I_x_II/rule160_vs_rule29/metrics.json
160,33,I_x_II,near_cycle,4,0,0.0952291439527802,0.09522914395278018,0.5194129353233831,0.019064788271258744,0.5197263681592039,coexist,,0.4591044776119403,0.5408955223880597,late,334,near_cycle,4,/Users/amrkandil/github_repos/thesis/Distributed-Tsetlin-Machines/experiments/results_minority/I_x_II/rule160_vs_rule33/hamming_distance.png,/Users/amrkandil/github_repos/thesis/Distributed-Tsetlin-Machines/experiments/results_minority/I_x_II/rule160_vs_rule33/lag_hamming.png,/Users/amrkandil/github_repos/thesis/Distributed-Tsetlin-Machines/experiments/results_minority/I_x_II/rule160_vs_rule33/metrics.json
160,34,I_x_II,fixed,1,0,0.0,0.0,0.004199004975124378,0.0381626948399039,0.0,coexist,,0.5,0.5,early,50,fixed,1,/Users/amrkandil/github_repos/thesis/Distributed-Tsetlin-Machines/experiments/results_minority/I_x_II/rule160_vs_rule34/hamming_distance.png,/Users/amrkandil/github_repos/thesis/Distributed-Tsetlin-Machines/experiments/results_minority/I_x_II/rule160_vs_rule34/lag_hamming.png,/Users/amrkandil/github_repos/thesis/Distributed-Tsetlin-Machines/experiments/results_minority/I_x_II/rule160_vs_rule34/metrics.json
160,35,I_x_II,near_cycle,4,0,0.12015489304109186,0.12015489304109177,0.6065472636815921,0.02382712919844645,0.6047139303482587,coexist,,0.4873134328358209,0.5126865671641792,late,200,near_cycle,4,/Users/amrkandil/github_repos/thesis/Distributed-Tsetlin-Machines/experiments/results_minority/I_x_II/rule160_vs_rule35/hamming_distance.png,/Users/amrkandil/github_repos/thesis/Distributed-Tsetlin-Machines/experiments/results_minority/I_x_II/rule160_vs_rule35/lag_hamming.png,/Users/amrkandil/github_repos/thesis/Distributed-Tsetlin-Machines/experiments/results_minority/I_x_II/rule160_vs_rule35/metrics.json
160,36,I_x_II,fixed,1,0,0.0,0.0,0.0018308457711442786,0.025630620161906224,0.0,coexist,,0.48009950248756217,0.5199004975124378,early,50,fixed,1,/Users/amrkandil/github_repos/thesis/Distributed-Tsetlin-Machines/experiments/results_minority/I_x_II/rule160_vs_rule36/hamming_distance.png,/Users/amrkandil/github_repos/thesis/Distributed-Tsetlin-Machines/experiments/results_minority/I_x_II/rule160_vs_rule36/lag_hamming.png,/Users/amrkandil/github_repos/thesis/Distributed-Tsetlin-Machines/experiments/results_minority/I_x_II/rule160_vs_rule36/metrics.json
160,37,I_x_II,near_cycle,4,0,0.16603381079489207,0.16603381079489204,0.35085572139303484,0.04143580238948444,0.34090796019900493,coexist,,0.3708457711442786,0.6291542288557214,late,334,near_cycle,4,/Users/amrkandil/github_repos/thesis/Distributed-Tsetlin-Machines/experiments/results_minority/I_x_II/rule160_vs_rule37/hamming_distance.png,/Users/amrkandil/github_repos/thesis/Distributed-Tsetlin-Machines/experiments/results_minority/I_x_II/rule160_vs_rule37/lag_hamming.png,/Users/amrkandil/github_repos/thesis/Distributed-Tsetlin-Machines/experiments/results_minority/I_x_II/rule160_vs_rule37/metrics.json
160,38,I_x_II,fixed,1,0,0.0,0.0,0.003800995024875622,0.032464470319457595,0.0,coexist,,0.5,0.5,early,50,fixed,1,/Users/amrkandil/github_repos/thesis/Distributed-Tsetlin-Machines/experiments/results_minority/I_x_II/rule160_vs_rule38/hamming_distance.png,/Users/amrkandil/github_repos/thesis/Distributed-Tsetlin-Machines/experiments/results_minority/I_x_II/rule160_vs_rule38/lag_hamming.png,/Users/amrkandil/github_repos/thesis/Distributed-Tsetlin-Machines/experiments/results_minority/I_x_II/rule160_vs_rule38/metrics.json
160,42,I_x_II,fixed,1,0,0.0,0.0,0.005233830845771144,0.038858650299533164,0.0,coexist,,0.5,0.5,early,50,fixed,1,/Users/amrkandil/github_repos/thesis/Distributed-Tsetlin-Machines/experiments/results_minority/I_x_II/rule160_vs_rule42/hamming_distance.png,/Users/amrkandil/github_repos/thesis/Distributed-Tsetlin-Machines/experiments/results_minority/I_x_II/rule160_vs_rule42/lag_hamming.png,/Users/amrkandil/github_repos/thesis/Distributed-Tsetlin-Machines/experiments/results_minority/I_x_II/rule160_vs_rule42/metrics.json
160,43,I_x_II,near_cycle,4,0,0.15634672982693587,0.15634672982693584,0.6049950248756218,0.02169244600792149,0.6041044776119403,coexist,,0.49467661691542286,0.5053233830845771,late,150,near_cycle,4,/Users/amrkandil/github_repos/thesis/Distributed-Tsetlin-Machines/experiments/results_minority/I_x_II/rule160_vs_rule43/hamming_distance.png,/Users/amrkandil/github_repos/thesis/Distributed-Tsetlin-Machines/experiments/results_minority/I_x_II/rule160_vs_rule43/lag_hamming.png,/Users/amrkandil/github_repos/thesis/Distributed-Tsetlin-Machines/experiments/results_minority/I_x_II/rule160_vs_rule43/metrics.json
160,44,I_x_II,fixed,1,0,0.0,0.0,0.001960199004975124,0.024262475270361336,0.0,coexist,,0.4577114427860697,0.5422885572139303,early,50,fixed,1,/Users/amrkandil/github_repos/thesis/Distributed-Tsetlin-Machines/experiments/results_minority/I_x_II/rule160_vs_rule44/hamming_distance.png,/Users/amrkandil/github_repos/thesis/Distributed-Tsetlin-Machines/experiments/results_minority/I_x_II/rule160_vs_rule44/lag_hamming.png,/Users/amrkandil/github_repos/thesis/Distributed-Tsetlin-Machines/experiments/results_minority/I_x_II/rule160_vs_rule44/metrics.json
160,46,I_x_II,fixed,1,0,0.0,0.0,0.004298507462686567,0.03265800792374645,0.0,coexist,,0.5,0.5,early,50,fixed,1,/Users/amrkandil/github_repos/thesis/Distributed-Tsetlin-Machines/experiments/results_minority/I_x_II/rule160_vs_rule46/hamming_distance.png,/Users/amrkandil/github_repos/thesis/Distributed-Tsetlin-Machines/experiments/results_minority/I_x_II/rule160_vs_rule46/lag_hamming.png,/Users/amrkandil/github_repos/thesis/Distributed-Tsetlin-Machines/experiments/results_minority/I_x_II/rule160_vs_rule46/metrics.json
160,50,I_x_II,cycle,2,0,2.1210230918211945e-16,0.0,0.6993731343283582,0.015113674531450905,0.701492537313433,coexist,,0.31343283582089554,0.6865671641791045,early,50,cycle,2,/Users/amrkandil/github_repos/thesis/Distributed-Tsetlin-Machines/experiments/results_minority/I_x_II/rule160_vs_rule50/hamming_distance.png,/Users/amrkandil/github_repos/thesis/Distributed-Tsetlin-Machines/experiments/results_minority/I_x_II/rule160_vs_rule50/lag_hamming.png,/Users/amrkandil/github_repos/thesis/Distributed-Tsetlin-Machines/experiments/results_minority/I_x_II/rule160_vs_rule50/metrics.json
160,51,I_x_II,cycle,6,0,3.535038486368658e-16,0.0,0.9825273631840794,0.030187919970015114,0.9867412935323381,coexist,,0.494228855721393,0.5057711442786069,early,50,cycle,6,/Users/amrkandil/github_repos/thesis/Distributed-Tsetlin-Machines/experiments/results_minority/I_x_II/rule160_vs_rule51/hamming_distance.png,/Users/amrkandil/github_repos/thesis/Distributed-Tsetlin-Machines/experiments/results_minority/I_x_II/rule160_vs_rule51/lag_hamming.png,/Users/amrkandil/github_repos/thesis/Distributed-Tsetlin-Machines/experiments/results_minority/I_x_II/rule160_vs_rule51/metrics.json
160,56,I_x_II,fixed,1,0,0.0,0.0,0.005492537313432836,0.04244139311694057,0.0,coexist,,0.5,0.5,early,50,fixed,1,/Users/amrkandil/github_repos/thesis/Distributed-Tsetlin-Machines/experiments/results_minority/I_x_II/rule160_vs_rule56/hamming_distance.png,/Users/amrkandil/github_repos/thesis/Distributed-Tsetlin-Machines/experiments/results_minority/I_x_II/rule160_vs_rule56/lag_hamming.png,/Users/amrkandil/github_repos/thesis/Distributed-Tsetlin-Machines/experiments/results_minority/I_x_II/rule160_vs_rule56/metrics.json
160,57,I_x_II,near_cycle,12,0,0.12004246121577206,0.12004246121577204,0.6459303482587064,0.028963504312579318,0.6453980099502488,coexist,,0.3604477611940298,0.6395522388059701,late,334,near_cycle,12,/Users/amrkandil/github_repos/thesis/Distributed-Tsetlin-Machines/experiments/results_minority/I_x_II/rule160_vs_rule57/hamming_distance.png,/Users/amrkandil/github_repos/thesis/Distributed-Tsetlin-Machines/experiments/results_minority/I_x_II/rule160_vs_rule57/lag_hamming.png,/Users/amrkandil/github_repos/thesis/Distributed-Tsetlin-Machines/experiments/results_minority/I_x_II/rule160_vs_rule57/metrics.json
160,58,I_x_II,cycle,2,0,0.0,0.0,0.649810945273632,0.013520495256659314,0.6517412935323383,coexist,,0.3283582089552239,0.6716417910447762,early,50,cycle,2,/Users/amrkandil/github_repos/thesis/Distributed-Tsetlin-Machines/experiments/results_minority/I_x_II/rule160_vs_rule58/hamming_distance.png,/Users/amrkandil/github_repos/thesis/Distributed-Tsetlin-Machines/experiments/results_minority/I_x_II/rule160_vs_rule58/lag_hamming.png,/Users/amrkandil/github_repos/thesis/Distributed-Tsetlin-Machines/experiments/results_minority/I_x_II/rule160_vs_rule58/metrics.json
160,62,I_x_II,aperiodic,,,0.1696555008333647,0.16965550083336467,0.2781592039800995,0.044380200963587094,0.2758084577114428,coexist,,0.49412935323383084,0.5058706467661691,never,,aperiodic,,/Users/amrkandil/github_repos/thesis/Distributed-Tsetlin-Machines/experiments/results_minority/I_x_II/rule160_vs_rule62/hamming_distance.png,/Users/amrkandil/github_repos/thesis/Distributed-Tsetlin-Machines/experiments/results_minority/I_x_II/rule160_vs_rule62/lag_hamming.png,/Users/amrkandil/github_repos/thesis/Distributed-Tsetlin-Machines/experiments/results_minority/I_x_II/rule160_vs_rule62/metrics.json
160,72,I_x_II,fixed,1,0,0.0,0.0,0.0013134328358208956,0.018148162662499853,0.0,coexist,,0.5,0.5,early,50,fixed,1,/Users/amrkandil/github_repos/thesis/Distributed-Tsetlin-Machines/experiments/results_minority/I_x_II/rule160_vs_rule72/hamming_distance.png,/Users/amrkandil/github_repos/thesis/Distributed-Tsetlin-Machines/experiments/results_minority/I_x_II/rule160_vs_rule72/lag_hamming.png,/Users/amrkandil/github_repos/thesis/Distributed-Tsetlin-Machines/experiments/results_minority/I_x_II/rule160_vs_rule72/metrics.json
160,73,I_x_II,near_cycle,4,0,0.10850031956088581,0.10850031956088575,0.5208955223880598,0.04110127274094106,0.5233084577114429,coexist,,0.45850746268656717,0.5414925373134328,early,100,near_cycle,4,/Users/amrkandil/github_repos/thesis/Distributed-Tsetlin-Machines/experiments/results_minority/I_x_II/rule160_vs_rule73/hamming_distance.png,/Users/amrkandil/github_repos/thesis/Distributed-Tsetlin-Machines/experiments/results_minority/I_x_II/rule160_vs_rule73/lag_hamming.png,/Users/amrkandil/github_repos/thesis/Distributed-Tsetlin-Machines/experiments/results_minority/I_x_II/rule160_vs_rule73/metrics.json
160,74,I_x_II,fixed,1,0,0.0,0.0,0.0024079601990049746,0.02441044864843214,0.0,coexist,,0.5,0.5,early,50,fixed,1,/Users/amrkandil/github_repos/thesis/Distributed-Tsetlin-Machines/experiments/results_minority/I_x_II/rule160_vs_rule74/hamming_distance.png,/Users/amrkandil/github_repos/thesis/Distributed-Tsetlin-Machines/experiments/results_minority/I_x_II/rule160_vs_rule74/lag_hamming.png,/Users/amrkandil/github_repos/thesis/Distributed-Tsetlin-Machines/experiments/results_minority/I_x_II/rule160_vs_rule74/metrics.json
160,76,I_x_II,cycle,2,0,0.0,0.0,0.025761194029850748,0.013590666655578953,0.024875621890547265,coexist,,0.4502487562189055,0.5497512437810945,early,50,cycle,2,/Users/amrkandil/github_repos/thesis/Distributed-Tsetlin-Machines/experiments/results_minority/I_x_II/rule160_vs_rule76/hamming_distance.png,/Users/amrkandil/github_repos/thesis/Distributed-Tsetlin-Machines/experiments/results_minority/I_x_II/rule160_vs_rule76/lag_hamming.png,/Users/amrkandil/github_repos/thesis/Distributed-Tsetlin-Machines/experiments/results_minority/I_x_II/rule160_vs_rule76/metrics.json
160,77,I_x_II,cycle,4,0,2.828030789094926e-16,0.0,0.08972139303482586,0.018937419982593687,0.0870646766169154,coexist,,0.24129353233830847,0.7587064676616916,early,50,cycle,4,/Users/amrkandil/github_repos/thesis/Distributed-Tsetlin-Machines/experiments/results_minority/I_x_II/rule160_vs_rule77/hamming_distance.png,/Users/amrkandil/github_repos/thesis/Distributed-Tsetlin-Machines/experiments/results_minority/I_x_II/rule160_vs_rule77/lag_hamming.png,/Users/amrkandil/github_repos/thesis/Distributed-Tsetlin-Machines/experiments/results_minority/I_x_II/rule160_vs_rule77/metrics.json
160,78,I_x_II,cycle,96,0,0.0,0.0,0.18407960199004975,0.021377988460888814,0.18507462686567164,coexist,,0.39945273631840794,0.6005472636815921,late,334,near_cycle,2,/Users/amrkandil/github_repos/thesis/Distributed-Tsetlin-Machines/experiments/results_minority/I_x_II/rule160_vs_rule78/hamming_distance.png,/Users/amrkandil/github_repos/thesis/Distributed-Tsetlin-Machines/experiments/results_minority/I_x_II/rule160_vs_rule78/lag_hamming.png,/Users/amrkandil/github_repos/thesis/Distributed-Tsetlin-Machines/experiments/results_minority/I_x_II/rule160_vs_rule78/metrics.json
160,94,I_x_II,near_cycle,4,0,0.06505257089865546,0.06505257089865533,0.3445273631840796,0.03207913749771743,0.3429850746268657,coexist,,0.5361194029850747,0.4638805970149254,late,150,near_cycle,4,/Users/amrkandil/github_repos/thesis/Distributed-Tsetlin-Machines/experiments/results_minority/I_x_II/rule160_vs_rule94/hamming_distance.png,/Users/amrkandil/github_repos/thesis/Distributed-Tsetlin-Machines/experiments/results_minority/I_x_II/rule160_vs_rule94/lag_hamming.png,/Users/amrkandil/github_repos/thesis/Distributed-Tsetlin-Machines/experiments/results_minority/I_x_II/rule160_vs_rule94/metrics.json
160,104,I_x_II,fixed,1,0,0.0,0.0,0.0023681592039800996,0.026675865347441888,0.0,coexist,,0.5,0.5,early,50,fixed,1,/Users/amrkandil/github_repos/thesis/Distributed-Tsetlin-Machines/experiments/results_minority/I_x_II/rule160_vs_rule104/hamming_distance.png,/Users/amrkandil/github_repos/thesis/Distributed-Tsetlin-Machines/experiments/results_minority/I_x_II/rule160_vs_rule104/lag_hamming.png,/Users/amrkandil/github_repos/thesis/Distributed-Tsetlin-Machines/experiments/results_minority/I_x_II/rule160_vs_rule104/metrics.json
160,108,I_x_II,cycle,2,0,0.0,0.0,0.011830845771144278,0.021541263634230742,0.009950248756218902,coexist,,0.4601990049751244,0.5398009950248757,early,50,cycle,2,/Users/amrkandil/github_repos/thesis/Distributed-Tsetlin-Machines/experiments/results_minority/I_x_II/rule160_vs_rule108/hamming_distance.png,/Users/amrkandil/github_repos/thesis/Distributed-Tsetlin-Machines/experiments/results_minority/I_x_II/rule160_vs_rule108/lag_hamming.png,/Users/amrkandil/github_repos/thesis/Distributed-Tsetlin-Machines/experiments/results_minority/I_x_II/rule160_vs_rule108/metrics.json
160,130,I_x_II,fixed,1,0,0.0,0.0,0.001870646766169154,0.02290428825860242,0.0,coexist,,0.5,0.5,early,50,fixed,1,/Users/amrkandil/github_repos/thesis/Distributed-Tsetlin-Machines/experiments/results_minority/I_x_II/rule160_vs_rule130/hamming_distance.png,/Users/amrkandil/github_repos/thesis/Distributed-Tsetlin-Machines/experiments/results_minority/I_x_II/rule160_vs_rule130/lag_hamming.png,/Users/amrkandil/github_repos/thesis/Distributed-Tsetlin-Machines/experiments/results_minority/I_x_II/rule160_vs_rule130/metrics.json
160,132,I_x_II,fixed,1,0,0.0,0.0,0.0011343283582089553,0.016416414827097662,0.0,coexist,,0.48009950248756217,0.5199004975124378,early,50,fixed,1,/Users/amrkandil/github_repos/thesis/Distributed-Tsetlin-Machines/experiments/results_minority/I_x_II/rule160_vs_rule132/hamming_distance.png,/Users/amrkandil/github_repos/thesis/Distributed-Tsetlin-Machines/experiments/results_minority/I_x_II/rule160_vs_rule132/lag_hamming.png,/Users/amrkandil/github_repos/thesis/Distributed-Tsetlin-Machines/experiments/results_minority/I_x_II/rule160_vs_rule132/metrics.json
160,134,I_x_II,fixed,1,0,0.0,0.0,0.0025870646766169153,0.022105234001546157,0.0,coexist,,0.5,0.5,early,50,fixed,1,/Users/amrkandil/github_repos/thesis/Distributed-Tsetlin-Machines/experiments/results_minority/I_x_II/rule160_vs_rule134/hamming_distance.png,/Users/amrkandil/github_repos/thesis/Distributed-Tsetlin-Machines/experiments/results_minority/I_x_II/rule160_vs_rule134/lag_hamming.png,/Users/amrkandil/github_repos/thesis/Distributed-Tsetlin-Machines/experiments/results_minority/I_x_II/rule160_vs_rule134/metrics.json
160,138,I_x_II,fixed,1,0,0.0,0.0,0.0019701492537313433,0.021331151963919315,0.0,coexist,,0.5,0.5,early,50,fixed,1,/Users/amrkandil/github_repos/thesis/Distributed-Tsetlin-Machines/experiments/results_minority/I_x_II/rule160_vs_rule138/hamming_distance.png,/Users/amrkandil/github_repos/thesis/Distributed-Tsetlin-Machines/experiments/results_minority/I_x_II/rule160_vs_rule138/lag_hamming.png,/Users/amrkandil/github_repos/thesis/Distributed-Tsetlin-Machines/experiments/results_minority/I_x_II/rule160_vs_rule138/metrics.json
160,140,I_x_II,fixed,1,0,0.0,0.0,0.0010945273631840795,0.014011490756552636,0.0,coexist,,0.4552238805970149,0.5447761194029851,early,50,fixed,1,/Users/amrkandil/github_repos/thesis/Distributed-Tsetlin-Machines/experiments/results_minority/I_x_II/rule160_vs_rule140/hamming_distance.png,/Users/amrkandil/github_repos/thesis/Distributed-Tsetlin-Machines/experiments/results_minority/I_x_II/rule160_vs_rule140/lag_hamming.png,/Users/amrkandil/github_repos/thesis/Distributed-Tsetlin-Machines/experiments/results_minority/I_x_II/rule160_vs_rule140/metrics.json
160,142,I_x_II,fixed,1,0,0.0,0.0,0.0036218905472636814,0.022640924672219512,0.0,coexist,,0.5,0.5,early,50,fixed,1,/Users/amrkandil/github_repos/thesis/Distributed-Tsetlin-Machines/experiments/results_minority/I_x_II/rule160_vs_rule142/hamming_distance.png,/Users/amrkandil/github_repos/thesis/Distributed-Tsetlin-Machines/experiments/results_minority/I_x_II/rule160_vs_rule142/lag_hamming.png,/Users/amrkandil/github_repos/thesis/Distributed-Tsetlin-Machines/experiments/results_minority/I_x_II/rule160_vs_rule142/metrics.json
160,152,I_x_II,fixed,1,0,0.0,0.0,0.00226865671641791,0.022855303366136268,0.0,coexist,,0.5,0.5,early,50,fixed,1,/Users/amrkandil/github_repos/thesis/Distributed-Tsetlin-Machines/experiments/results_minority/I_x_II/rule160_vs_rule152/hamming_distance.png,/Users/amrkandil/github_repos/thesis/Distributed-Tsetlin-Machines/experiments/results_minority/I_x_II/rule160_vs_rule152/lag_hamming.png,/Users/amrkandil/github_repos/thesis/Distributed-Tsetlin-Machines/experiments/results_minority/I_x_II/rule160_vs_rule152/metrics.json
160,154,I_x_II,cycle,84,0,2.828030789094926e-16,0.0,0.10608955223880596,0.023539765112905297,0.10324626865671642,coexist,,0.4472636815920398,0.5527363184079602,late,250,near_cycle,6,/Users/amrkandil/github_repos/thesis/Distributed-Tsetlin-Machines/experiments/results_minority/I_x_II/rule160_vs_rule154/hamming_distance.png,/Users/amrkandil/github_repos/thesis/Distributed-Tsetlin-Machines/experiments/results_minority/I_x_II/rule160_vs_rule154/lag_hamming.png,/Users/amrkandil/github_repos/thesis/Distributed-Tsetlin-Machines/experiments/results_minority/I_x_II/rule160_vs_rule154/metrics.json
160,156,I_x_II,cycle,42,0,0.0,0.0,0.20252736318407957,0.015535407220379906,0.20187810945273632,coexist,,0.41134328358208955,0.5886567164179104,early,50,cycle,42,/Users/amrkandil/github_repos/thesis/Distributed-Tsetlin-Machines/experiments/results_minority/I_x_II/rule160_vs_rule156/hamming_distance.png,/Users/amrkandil/github_repos/thesis/Distributed-Tsetlin-Machines/experiments/results_minority/I_x_II/rule160_vs_rule156/lag_hamming.png,/Users/amrkandil/github_repos/thesis/Distributed-Tsetlin-Machines/experiments/results_minority/I_x_II/rule160_vs_rule156/metrics.json
160,162,I_x_II,fixed,1,0,0.0,0.0,0.00519402985074627,0.04028746977394601,0.0,coexist,,0.5,0.5,early,50,fixed,1,/Users/amrkandil/github_repos/thesis/Distributed-Tsetlin-Machines/experiments/results_minority/I_x_II/rule160_vs_rule162/hamming_distance.png,/Users/amrkandil/github_repos/thesis/Distributed-Tsetlin-Machines/experiments/results_minority/I_x_II/rule160_vs_rule162/lag_hamming.png,/Users/amrkandil/github_repos/thesis/Distributed-Tsetlin-Machines/experiments/results_minority/I_x_II/rule160_vs_rule162/metrics.json
160,164,I_x_II,fixed,1,0,2.1210230918211945e-16,0.0,0.0023482587064676615,0.024460828287121976,0.0,coexist,,0.48009950248756217,0.5199004975124378,early,50,fixed,1,/Users/amrkandil/github_repos/thesis/Distributed-Tsetlin-Machines/experiments/results_minority/I_x_II/rule160_vs_rule164/hamming_distance.png,/Users/amrkandil/github_repos/thesis/Distributed-Tsetlin-Machines/experiments/results_minority/I_x_II/rule160_vs_rule164/lag_hamming.png,/Users/amrkandil/github_repos/thesis/Distributed-Tsetlin-Machines/experiments/results_minority/I_x_II/rule160_vs_rule164/metrics.json
160,170,I_x_II,fixed,1,0,0.0,0.0,0.006248756218905472,0.040975960403108976,0.0,coexist,,0.5,0.5,early,50,fixed,1,/Users/amrkandil/github_repos/thesis/Distributed-Tsetlin-Machines/experiments/results_minority/I_x_II/rule160_vs_rule170/hamming_distance.png,/Users/amrkandil/github_repos/thesis/Distributed-Tsetlin-Machines/experiments/results_minority/I_x_II/rule160_vs_rule170/lag_hamming.png,/Users/amrkandil/github_repos/thesis/Distributed-Tsetlin-Machines/experiments/results_minority/I_x_II/rule160_vs_rule170/metrics.json
160,172,I_x_II,fixed,1,0,7.070076972737315e-17,0.0,0.0028059701492537314,0.02274992462229362,0.0,coexist,,0.4552238805970149,0.5447761194029851,early,50,fixed,1,/Users/amrkandil/github_repos/thesis/Distributed-Tsetlin-Machines/experiments/results_minority/I_x_II/rule160_vs_rule172/hamming_distance.png,/Users/amrkandil/github_repos/thesis/Distributed-Tsetlin-Machines/experiments/results_minority/I_x_II/rule160_vs_rule172/lag_hamming.png,/Users/amrkandil/github_repos/thesis/Distributed-Tsetlin-Machines/experiments/results_minority/I_x_II/rule160_vs_rule172/metrics.json
160,178,I_x_II,cycle,2,0,0.0,0.0,0.7434527363184081,0.019866665271259607,0.7462686567164181,coexist,,0.3308457711442786,0.6691542288557214,early,50,cycle,2,/Users/amrkandil/github_repos/thesis/Distributed-Tsetlin-Machines/experiments/results_minority/I_x_II/rule160_vs_rule178/hamming_distance.png,/Users/amrkandil/github_repos/thesis/Distributed-Tsetlin-Machines/experiments/results_minority/I_x_II/rule160_vs_rule178/lag_hamming.png,/Users/amrkandil/github_repos/thesis/Distributed-Tsetlin-Machines/experiments/results_minority/I_x_II/rule160_vs_rule178/metrics.json
160,184,I_x_II,fixed,1,0,0.0,0.0,0.007562189054726368,0.04725310172237993,0.0,coexist,,0.5,0.5,early,50,fixed,1,/Users/amrkandil/github_repos/thesis/Distributed-Tsetlin-Machines/experiments/results_minority/I_x_II/rule160_vs_rule184/hamming_distance.png,/Users/amrkandil/github_repos/thesis/Distributed-Tsetlin-Machines/experiments/results_minority/I_x_II/rule160_vs_rule184/lag_hamming.png,/Users/amrkandil/github_repos/thesis/Distributed-Tsetlin-Machines/experiments/results_minority/I_x_II/rule160_vs_rule184/metrics.json
160,200,I_x_II,fixed,1,0,0.0,0.0,0.0013134328358208956,0.014517054885630626,0.0,coexist,,0.5,0.5,early,50,fixed,1,/Users/amrkandil/github_repos/thesis/Distributed-Tsetlin-Machines/experiments/results_minority/I_x_II/rule160_vs_rule200/hamming_distance.png,/Users/amrkandil/github_repos/thesis/Distributed-Tsetlin-Machines/experiments/results_minority/I_x_II/rule160_vs_rule200/lag_hamming.png,/Users/amrkandil/github_repos/thesis/Distributed-Tsetlin-Machines/experiments/results_minority/I_x_II/rule160_vs_rule200/metrics.json
160,204,I_x_II,cycle,2,0,0.0,0.0,0.025771144278606967,0.010107709333748436,0.024875621890547265,coexist,,0.4527363184079602,0.5472636815920398,early,50,cycle,2,/Users/amrkandil/github_repos/thesis/Distributed-Tsetlin-Machines/experiments/results_minority/I_x_II/rule160_vs_rule204/hamming_distance.png,/Users/amrkandil/github_repos/thesis/Distributed-Tsetlin-Machines/experiments/results_minority/I_x_II/rule160_vs_rule204/lag_hamming.png,/Users/amrkandil/github_repos/thesis/Distributed-Tsetlin-Machines/experiments/results_minority/I_x_II/rule160_vs_rule204/metrics.json
160,232,I_x_II,fixed,1,0,0.0,0.0,0.004,0.02789336393286581,0.0,coexist,,0.5,0.5,early,50,fixed,1,/Users/amrkandil/github_repos/thesis/Distributed-Tsetlin-Machines/experiments/results_minority/I_x_II/rule160_vs_rule232/hamming_distance.png,/Users/amrkandil/github_repos/thesis/Distributed-Tsetlin-Machines/experiments/results_minority/I_x_II/rule160_vs_rule232/lag_hamming.png,/Users/amrkandil/github_repos/thesis/Distributed-Tsetlin-Machines/experiments/results_minority/I_x_II/rule160_vs_rule232/metrics.json
168,1,I_x_II,near_cycle,4,0,0.17939270899908516,0.1793927089990852,0.44418905472636816,0.018189149982876518,0.4434701492537313,coexist,,0.5008457711442786,0.4991542288557214,early,100,near_cycle,4,/Users/amrkandil/github_repos/thesis/Distributed-Tsetlin-Machines/experiments/results_minority/I_x_II/rule168_vs_rule1/hamming_distance.png,/Users/amrkandil/github_repos/thesis/Distributed-Tsetlin-Machines/experiments/results_minority/I_x_II/rule168_vs_rule1/lag_hamming.png,/Users/amrkandil/github_repos/thesis/Distributed-Tsetlin-Machines/experiments/results_minority/I_x_II/rule168_vs_rule1/metrics.json
168,2,I_x_II,fixed,1,0,0.0,0.0,0.002029850746268657,0.024884344739286107,0.0,coexist,,0.5,0.5,early,50,fixed,1,/Users/amrkandil/github_repos/thesis/Distributed-Tsetlin-Machines/experiments/results_minority/I_x_II/rule168_vs_rule2/hamming_distance.png,/Users/amrkandil/github_repos/thesis/Distributed-Tsetlin-Machines/experiments/results_minority/I_x_II/rule168_vs_rule2/lag_hamming.png,/Users/amrkandil/github_repos/thesis/Distributed-Tsetlin-Machines/experiments/results_minority/I_x_II/rule168_vs_rule2/metrics.json
168,3,I_x_II,cycle,8,0,0.0,0.0,0.5134328358208955,0.01743424424670172,0.5124378109452736,coexist,,0.49676616915422883,0.5032338308457711,early,50,cycle,8,/Users/amrkandil/github_repos/thesis/Distributed-Tsetlin-Machines/experiments/results_minority/I_x_II/rule168_vs_rule3/hamming_distance.png,/Users/amrkandil/github_repos/thesis/Distributed-Tsetlin-Machines/experiments/results_minority/I_x_II/rule168_vs_rule3/lag_hamming.png,/Users/amrkandil/github_repos/thesis/Distributed-Tsetlin-Machines/experiments/results_minority/I_x_II/rule168_vs_rule3/metrics.json
168,4,I_x_II,fixed,1,0,0.0,0.0,0.001154228855721393,0.017579991822309352,0.0,coexist,,0.48507462686567165,0.5149253731343284,early,50,fixed,1,/Users/amrkandil/github_repos/thesis/Distributed-Tsetlin-Machines/experiments/results_minority/I_x_II/rule168_vs_rule4/hamming_distance.png,/Users/amrkandil/github_repos/thesis/Distributed-Tsetlin-Machines/experiments/results_minority/I_x_II/rule168_vs_rule4/lag_hamming.png,/Users/amrkandil/github_repos/thesis/Distributed-Tsetlin-Machines/experiments/results_minority/I_x_II/rule168_vs_rule4/metrics.json
168,5,I_x_II,near_cycle,4,0,0.0713560660175195,0.07135606601751945,0.17450746268656714,0.026234630457690897,0.1683084577114428,coexist,,0.2627860696517413,0.7372139303482587,late,150,cycle,24,/Users/amrkandil/github_repos/thesis/Distributed-Tsetlin-Machines/experiments/results_minority/I_x_II/rule168_vs_rule5/hamming_distance.png,/Users/amrkandil/github_repos/thesis/Distributed-Tsetlin-Machines/experiments/results_minority/I_x_II/rule168_vs_rule5/lag_hamming.png,/Users/amrkandil/github_repos/thesis/Distributed-Tsetlin-Machines/experiments/results_minority/I_x_II/rule168_vs_rule5/metrics.json
168,6,I_x_II,near_cycle,1,1,0.01953980099502478,0.04016169154228856,0.04192039800995025,0.021283140161807657,0.04016169154228856,coexist,,0.49711442786069654,0.5028855721393035,early,100,near_cycle,1,/Users/amrkandil/github_repos/thesis/Distributed-Tsetlin-Machines/experiments/results_minority/I_x_II/rule168_vs_rule6/hamming_distance.png,/Users/amrkandil/github_repos/thesis/Distributed-Tsetlin-Machines/experiments/results_minority/I_x_II/rule168_vs_rule6/lag_hamming.png,/Users/amrkandil/github_repos/thesis/Distributed-Tsetlin-Machines/experiments/results_minority/I_x_II/rule168_vs_rule6/metrics.json
168,7,I_x_II,cycle,4,0,7.070076972737315e-17,0.0,0.49823880597014925,0.015899149377154,0.5,coexist,,0.5012437810945274,0.4987562189054726,early,50,cycle,4,/Users/amrkandil/github_repos/thesis/Distributed-Tsetlin-Machines/experiments/results_minority/I_x_II/rule168_vs_rule7/hamming_distance.png,/Users/amrkandil/github_repos/thesis/Distributed-Tsetlin-Machines/experiments/results_minority/I_x_II/rule168_vs_rule7/lag_hamming.png,/Users/amrkandil/github_repos/thesis/Distributed-Tsetlin-Machines/experiments/results_minority/I_x_II/rule168_vs_rule7/metrics.json
168,9,I_x_II,near_cycle,4,0,0.1543291101169217,0.1543291101169217,0.43635820895522387,0.024845123592619072,0.43604477611940295,coexist,,0.47313432835820896,0.5268656716417911,late,250,cycle,48,/Users/amrkandil/github_repos/thesis/Distributed-Tsetlin-Machines/experiments/results_minority/I_x_II/rule168_vs_rule9/hamming_distance.png,/Users/amrkandil/github_repos/thesis/Distributed-Tsetlin-Machines/experiments/results_minority/I_x_II/rule168_vs_rule9/lag_hamming.png,/Users/amrkandil/github_repos/thesis/Distributed-Tsetlin-Machines/experiments/results_minority/I_x_II/rule168_vs_rule9/metrics.json
168,10,I_x_II,fixed,1,0,0.0,0.0,0.0022487562189054725,0.023577941151169176,0.0,coexist,,0.5,0.5,early,50,fixed,1,/Users/amrkandil/github_repos/thesis/Distributed-Tsetlin-Machines/experiments/results_minority/I_x_II/rule168_vs_rule10/hamming_distance.png,/Users/amrkandil/github_repos/thesis/Distributed-Tsetlin-Machines/experiments/results_minority/I_x_II/rule168_vs_rule10/lag_hamming.png,/Users/amrkandil/github_repos/thesis/Distributed-Tsetlin-Machines/experiments/results_minority/I_x_II/rule168_vs_rule10/metrics.json
168,11,I_x_II,cycle,8,0,2.1210230918211945e-16,0.0,0.5034427860696518,0.01590417083454549,0.5037313432835822,coexist,,0.5169154228855721,0.48308457711442787,early,100,cycle,8,/Users/amrkandil/github_repos/thesis/Distributed-Tsetlin-Machines/experiments/results_minority/I_x_II/rule168_vs_rule11/hamming_distance.png,/Users/amrkandil/github_repos/thesis/Distributed-Tsetlin-Machines/experiments/results_minority/I_x_II/rule168_vs_rule11/lag_hamming.png,/Users/amrkandil/github_repos/thesis/Distributed-Tsetlin-Machines/experiments/results_minority/I_x_II/rule168_vs_rule11/metrics.json
168,12,I_x_II,fixed,1,0,2.828030789094926e-16,0.0,0.0011044776119402983,0.015383287313705914,0.0,coexist,,0.4577114427860697,0.5422885572139303,early,50,fixed,1,/Users/amrkandil/github_repos/thesis/Distributed-Tsetlin-Machines/experiments/results_minority/I_x_II/rule168_vs_rule12/hamming_distance.png,/Users/amrkandil/github_repos/thesis/Distributed-Tsetlin-Machines/experiments/results_minority/I_x_II/rule168_vs_rule12/lag_hamming.png,/Users/amrkandil/github_repos/thesis/Distributed-Tsetlin-Machines/experiments/results_minority/I_x_II/rule168_vs_rule12/metrics.json
168,13,I_x_II,cycle,12,0,0.0,0.0,0.10914427860696517,0.01868035384863997,0.10610696517412936,coexist,,0.2620398009950249,0.7379601990049751,early,50,cycle,12,/Users/amrkandil/github_repos/thesis/Distributed-Tsetlin-Machines/experiments/results_minority/I_x_II/rule168_vs_rule13/hamming_distance.png,/Users/amrkandil/github_repos/thesis/Distributed-Tsetlin-Machines/experiments/results_minority/I_x_II/rule168_vs_rule13/lag_hamming.png,/Users/amrkandil/github_repos/thesis/Distributed-Tsetlin-Machines/experiments/results_minority/I_x_II/rule168_vs_rule13/metrics.json
168,14,I_x_II,near_cycle,1,1,0.0550870646766168,0.11406716417910448,0.11519402985074628,0.017088870770773375,0.1140671641791045,coexist,,0.49154228855721394,0.5084577114427861,early,50,near_cycle,1,/Users/amrkandil/github_repos/thesis/Distributed-Tsetlin-Machines/experiments/results_minority/I_x_II/rule168_vs_rule14/hamming_distance.png,/Users/amrkandil/github_repos/thesis/Distributed-Tsetlin-Machines/experiments/results_minority/I_x_II/rule168_vs_rule14/lag_hamming.png,/Users/amrkandil/github_repos/thesis/Distributed-Tsetlin-Machines/experiments/results_minority/I_x_II/rule168_vs_rule14/metrics.json
168,15,I_x_II,cycle,4,0,7.070076972737315e-17,0.0,0.49702487562189057,0.024193839049932945,0.5000000000000001,coexist,,0.5161691542288557,0.48383084577114427,early,50,cycle,4,/Users/amrkandil/github_repos/thesis/Distributed-Tsetlin-Machines/experiments/results_minority/I_x_II/rule168_vs_rule15/hamming_distance.png,/Users/amrkandil/github_repos/thesis/Distributed-Tsetlin-Machines/experiments/results_minority/I_x_II/rule168_vs_rule15/lag_hamming.png,/Users/amrkandil/github_repos/thesis/Distributed-Tsetlin-Machines/experiments/results_minority/I_x_II/rule168_vs_rule15/metrics.json
168,19,I_x_II,near_cycle,4,1,0.18433023797887138,0.31390904419965665,0.5833233830845771,0.02421945326156643,0.5787437810945274,coexist,,0.47333333333333333,0.5266666666666666,late,300,near_cycle,4,/Users/amrkandil/github_repos/thesis/Distributed-Tsetlin-Machines/experiments/results_minority/I_x_II/rule168_vs_rule19/hamming_distance.png,/Users/amrkandil/github_repos/thesis/Distributed-Tsetlin-Machines/experiments/results_minority/I_x_II/rule168_vs_rule19/lag_hamming.png,/Users/amrkandil/github_repos/thesis/Distributed-Tsetlin-Machines/experiments/results_minority/I_x_II/rule168_vs_rule19/metrics.json
168,23,I_x_II,cycle,4,0,2.828030789094926e-16,0.0,0.5014228855721393,0.008419880272449316,0.5,coexist,,0.46766169154228854,0.5323383084577115,early,50,cycle,4,/Users/amrkandil/github_repos/thesis/Distributed-Tsetlin-Machines/experiments/results_minority/I_x_II/rule168_vs_rule23/hamming_distance.png,/Users/amrkandil/github_repos/thesis/Distributed-Tsetlin-Machines/experiments/results_minority/I_x_II/rule168_vs_rule23/lag_hamming.png,/Users/amrkandil/github_repos/thesis/Distributed-Tsetlin-Machines/experiments/results_minority/I_x_II/rule168_vs_rule23/metrics.json
168,24,I_x_II,fixed,1,0,0.0,0.0,0.002527363184079602,0.027057512953019017,0.0,coexist,,0.5,0.5,early,50,fixed,1,/Users/amrkandil/github_repos/thesis/Distributed-Tsetlin-Machines/experiments/results_minority/I_x_II/rule168_vs_rule24/hamming_distance.png,/Users/amrkandil/github_repos/thesis/Distributed-Tsetlin-Machines/experiments/results_minority/I_x_II/rule168_vs_rule24/lag_hamming.png,/Users/amrkandil/github_repos/thesis/Distributed-Tsetlin-Machines/experiments/results_minority/I_x_II/rule168_vs_rule24/metrics.json
168,25,I_x_II,aperiodic,,,0.36713628121076863,0.3671362812107686,0.5537412935323383,0.02655933512384557,0.552910447761194,coexist,,0.5151243781094528,0.4848756218905473,never,,aperiodic,,/Users/amrkandil/github_repos/thesis/Distributed-Tsetlin-Machines/experiments/results_minority/I_x_II/rule168_vs_rule25/hamming_distance.png,/Users/amrkandil/github_repos/thesis/Distributed-Tsetlin-Machines/experiments/results_minority/I_x_II/rule168_vs_rule25/lag_hamming.png,/Users/amrkandil/github_repos/thesis/Distributed-Tsetlin-Machines/experiments/results_minority/I_x_II/rule168_vs_rule25/metrics.json
168,26,I_x_II,cycle,42,0,0.0,0.0,0.07568159203980099,0.031121801371878807,0.07009950248756219,coexist,,0.46049751243781095,0.5395024875621891,early,50,cycle,42,/Users/amrkandil/github_repos/thesis/Distributed-Tsetlin-Machines/experiments/results_minority/I_x_II/rule168_vs_rule26/hamming_distance.png,/Users/amrkandil/github_repos/thesis/Distributed-Tsetlin-Machines/experiments/results_minority/I_x_II/rule168_vs_rule26/lag_hamming.png,/Users/amrkandil/github_repos/thesis/Distributed-Tsetlin-Machines/experiments/results_minority/I_x_II/rule168_vs_rule26/metrics.json
168,27,I_x_II,near_cycle,1,1,0.18471393034825873,0.5591915422885572,0.5650845771144278,0.030472495075312547,0.5591915422885572,coexist,,0.4938308457711443,0.5061691542288557,never,,aperiodic,,/Users/amrkandil/github_repos/thesis/Distributed-Tsetlin-Machines/experiments/results_minority/I_x_II/rule168_vs_rule27/hamming_distance.png,/Users/amrkandil/github_repos/thesis/Distributed-Tsetlin-Machines/experiments/results_minority/I_x_II/rule168_vs_rule27/lag_hamming.png,/Users/amrkandil/github_repos/thesis/Distributed-Tsetlin-Machines/experiments/results_minority/I_x_II/rule168_vs_rule27/metrics.json
168,28,I_x_II,cycle,120,0,2.1210230918211945e-16,0.0,0.17908457711442788,0.01620393045510888,0.17723880597014927,coexist,,0.3788557213930348,0.6211442786069652,late,300,near_cycle,6,/Users/amrkandil/github_repos/thesis/Distributed-Tsetlin-Machines/experiments/results_minority/I_x_II/rule168_vs_rule28/hamming_distance.png,/Users/amrkandil/github_repos/thesis/Distributed-Tsetlin-Machines/experiments/results_minority/I_x_II/rule168_vs_rule28/lag_hamming.png,/Users/amrkandil/github_repos/thesis/Distributed-Tsetlin-Machines/experiments/results_minority/I_x_II/rule168_vs_rule28/metrics.json
168,29,I_x_II,cycle,24,0,2.1210230918211945e-16,0.0,0.2386865671641791,0.02111905079724394,0.23427860696517414,coexist,,0.20621890547263683,0.7937810945273632,early,100,cycle,24,/Users/amrkandil/github_repos/thesis/Distributed-Tsetlin-Machines/experiments/results_minority/I_x_II/rule168_vs_rule29/hamming_distance.png,/Users/amrkandil/github_repos/thesis/Distributed-Tsetlin-Machines/experiments/results_minority/I_x_II/rule168_vs_rule29/lag_hamming.png,/Users/amrkandil/github_repos/thesis/Distributed-Tsetlin-Machines/experiments/results_minority/I_x_II/rule168_vs_rule29/metrics.json
168,33,I_x_II,near_cycle,4,0,0.14217326465907246,0.1421732646590724,0.46579104477611943,0.02339822945555731,0.4647761194029851,coexist,,0.4847761194029851,0.515223880597015,late,250,near_cycle,4,/Users/amrkandil/github_repos/thesis/Distributed-Tsetlin-Machines/experiments/results_minority/I_x_II/rule168_vs_rule33/hamming_distance.png,/Users/amrkandil/github_repos/thesis/Distributed-Tsetlin-Machines/experiments/results_minority/I_x_II/rule168_vs_rule33/lag_hamming.png,/Users/amrkandil/github_repos/thesis/Distributed-Tsetlin-Machines/experiments/results_minority/I_x_II/rule168_vs_rule33/metrics.json
168,34,I_x_II,fixed,1,0,0.0,0.0,0.004218905472636816,0.037603810751111,0.0,coexist,,0.5,0.5,early,50,fixed,1,/Users/amrkandil/github_repos/thesis/Distributed-Tsetlin-Machines/experiments/results_minority/I_x_II/rule168_vs_rule34/hamming_distance.png,/Users/amrkandil/github_repos/thesis/Distributed-Tsetlin-Machines/experiments/results_minority/I_x_II/rule168_vs_rule34/lag_hamming.png,/Users/amrkandil/github_repos/thesis/Distributed-Tsetlin-Machines/experiments/results_minority/I_x_II/rule168_vs_rule34/metrics.json
168,35,I_x_II,cycle,8,0,0.0,0.0,0.5134328358208957,0.018333856490237086,0.5087064676616916,coexist,,0.4899502487562189,0.510049751243781,early,100,cycle,8,/Users/amrkandil/github_repos/thesis/Distributed-Tsetlin-Machines/experiments/results_minority/I_x_II/rule168_vs_rule35/hamming_distance.png,/Users/amrkandil/github_repos/thesis/Distributed-Tsetlin-Machines/experiments/results_minority/I_x_II/rule168_vs_rule35/lag_hamming.png,/Users/amrkandil/github_repos/thesis/Distributed-Tsetlin-Machines/experiments/results_minority/I_x_II/rule168_vs_rule35/metrics.json
168,36,I_x_II,fixed,1,0,2.1210230918211945e-16,0.0,0.0020199004975124378,0.024756512851992634,0.0,coexist,,0.48756218905472637,0.5124378109452736,early,50,fixed,1,/Users/amrkandil/github_repos/thesis/Distributed-Tsetlin-Machines/experiments/results_minority/I_x_II/rule168_vs_rule36/hamming_distance.png,/Users/amrkandil/github_repos/thesis/Distributed-Tsetlin-Machines/experiments/results_minority/I_x_II/rule168_vs_rule36/lag_hamming.png,/Users/amrkandil/github_repos/thesis/Distributed-Tsetlin-Machines/experiments/results_minority/I_x_II/rule168_vs_rule36/metrics.json
168,37,I_x_II,near_cycle,4,0,0.1299672920034588,0.12996729200345877,0.408726368159204,0.02759211515438073,0.4079601990049751,coexist,,0.43527363184079604,0.564726368159204,late,334,near_cycle,4,/Users/amrkandil/github_repos/thesis/Distributed-Tsetlin-Machines/experiments/results_minority/I_x_II/rule168_vs_rule37/hamming_distance.png,/Users/amrkandil/github_repos/thesis/Distributed-Tsetlin-Machines/experiments/results_minority/I_x_II/rule168_vs_rule37/lag_hamming.png,/Users/amrkandil/github_repos/thesis/Distributed-Tsetlin-Machines/experiments/results_minority/I_x_II/rule168_vs_rule37/metrics.json
168,38,I_x_II,near_cycle,1,1,0.022649253731343046,0.047002487562189055,0.049791044776119404,0.028414858316803737,0.04700248756218906,coexist,,0.4964179104477612,0.5035820895522388,late,300,near_cycle,1,/Users/amrkandil/github_repos/thesis/Distributed-Tsetlin-Machines/experiments/results_minority/I_x_II/rule168_vs_rule38/hamming_distance.png,/Users/amrkandil/github_repos/thesis/Distributed-Tsetlin-Machines/experiments/results_minority/I_x_II/rule168_vs_rule38/lag_hamming.png,/Users/amrkandil/github_repos/thesis/Distributed-Tsetlin-Machines/experiments/results_minority/I_x_II/rule168_vs_rule38/metrics.json
168,42,I_x_II,fixed,1,0,0.0,0.0,0.005611940298507463,0.03836708571814264,0.0,coexist,,0.5,0.5,early,50,fixed,1,/Users/amrkandil/github_repos/thesis/Distributed-Tsetlin-Machines/experiments/results_minority/I_x_II/rule168_vs_rule42/hamming_distance.png,/Users/amrkandil/github_repos/thesis/Distributed-Tsetlin-Machines/experiments/results_minority/I_x_II/rule168_vs_rule42/lag_hamming.png,/Users/amrkandil/github_repos/thesis/Distributed-Tsetlin-Machines/experiments/results_minority/I_x_II/rule168_vs_rule42/metrics.json
168,43,I_x_II,cycle,8,0,0.0,0.0,0.5093830845771145,0.029874370419643987,0.503731343283582,coexist,,0.520547263681592,0.47945273631840796,early,100,cycle,8,/Users/amrkandil/github_repos/thesis/Distributed-Tsetlin-Machines/experiments/results_minority/I_x_II/rule168_vs_rule43/hamming_distance.png,/Users/amrkandil/github_repos/thesis/Distributed-Tsetlin-Machines/experiments/results_minority/I_x_II/rule168_vs_rule43/lag_hamming.png,/Users/amrkandil/github_repos/thesis/Distributed-Tsetlin-Machines/experiments/results_minority/I_x_II/rule168_vs_rule43/metrics.json
168,44,I_x_II,fixed,1,0,0.0,0.0,0.002557213930348259,0.023931229491123265,0.0,coexist,,0.4626865671641791,0.5373134328358209,early,50,fixed,1,/Users/amrkandil/github_repos/thesis/Distributed-Tsetlin-Machines/experiments/results_minority/I_x_II/rule168_vs_rule44/hamming_distance.png,/Users/amrkandil/github_repos/thesis/Distributed-Tsetlin-Machines/experiments/results_minority/I_x_II/rule168_vs_rule44/lag_hamming.png,/Users/amrkandil/github_repos/thesis/Distributed-Tsetlin-Machines/experiments/results_minority/I_x_II/rule168_vs_rule44/metrics.json
168,46,I_x_II,near_cycle,1,1,0.05802238805970139,0.1111318407960199,0.11519402985074625,0.025100616318742126,0.1111318407960199,coexist,,0.49019900497512436,0.5098009950248756,late,150,near_cycle,1,/Users/amrkandil/github_repos/thesis/Distributed-Tsetlin-Machines/experiments/results_minority/I_x_II/rule168_vs_rule46/hamming_distance.png,/Users/amrkandil/github_repos/thesis/Distributed-Tsetlin-Machines/experiments/results_minority/I_x_II/rule168_vs_rule46/lag_hamming.png,/Users/amrkandil/github_repos/thesis/Distributed-Tsetlin-Machines/experiments/results_minority/I_x_II/rule168_vs_rule46/metrics.json
168,50,I_x_II,cycle,12,0,2.1210230918211945e-16,0.0,0.6748855721393034,0.012589027043065809,0.6766169154228856,coexist,,0.32587064676616917,0.6741293532338308,early,50,cycle,12,/Users/amrkandil/github_repos/thesis/Distributed-Tsetlin-Machines/experiments/results_minority/I_x_II/rule168_vs_rule50/hamming_distance.png,/Users/amrkandil/github_repos/thesis/Distributed-Tsetlin-Machines/experiments/results_minority/I_x_II/rule168_vs_rule50/lag_hamming.png,/Users/amrkandil/github_repos/thesis/Distributed-Tsetlin-Machines/experiments/results_minority/I_x_II/rule168_vs_rule50/metrics.json
168,51,I_x_II,cycle,84,0,7.070076972737315e-17,0.0,0.8998308457711444,0.023649401173956513,0.9035199004975124,coexist,,0.4290547263681592,0.5709452736318408,early,100,near_cycle,4,/Users/amrkandil/github_repos/thesis/Distributed-Tsetlin-Machines/experiments/results_minority/I_x_II/rule168_vs_rule51/hamming_distance.png,/Users/amrkandil/github_repos/thesis/Distributed-Tsetlin-Machines/experiments/results_minority/I_x_II/rule168_vs_rule51/lag_hamming.png,/Users/amrkandil/github_repos/thesis/Distributed-Tsetlin-Machines/experiments/results_minority/I_x_II/rule168_vs_rule51/metrics.json
168,56,I_x_II,fixed,1,0,0.0,0.0,0.007482587064676616,0.048977562350748335,0.0,coexist,,0.5,0.5,early,50,fixed,1,/Users/amrkandil/github_repos/thesis/Distributed-Tsetlin-Machines/experiments/results_minority/I_x_II/rule168_vs_rule56/hamming_distance.png,/Users/amrkandil/github_repos/thesis/Distributed-Tsetlin-Machines/experiments/results_minority/I_x_II/rule168_vs_rule56/lag_hamming.png,/Users/amrkandil/github_repos/thesis/Distributed-Tsetlin-Machines/experiments/results_minority/I_x_II/rule168_vs_rule56/metrics.json
168,57,I_x_II,near_cycle,1,1,0.004564676616916927,0.9792164179104478,0.9509452736318407,0.06875765886850636,0.9792164179104477,coexist,,0.24378109452736318,0.7562189054726368,late,200,drift,1,/Users/amrkandil/github_repos/thesis/Distributed-Tsetlin-Machines/experiments/results_minority/I_x_II/rule168_vs_rule57/hamming_distance.png,/Users/amrkandil/github_repos/thesis/Distributed-Tsetlin-Machines/experiments/results_minority/I_x_II/rule168_vs_rule57/lag_hamming.png,/Users/amrkandil/github_repos/thesis/Distributed-Tsetlin-Machines/experiments/results_minority/I_x_II/rule168_vs_rule57/metrics.json
168,58,I_x_II,cycle,2,0,7.070076972737316e-16,0.0,0.7626766169154229,0.03244345554160367,0.7711442786069652,coexist,,0.35323383084577115,0.6467661691542289,early,100,cycle,2,/Users/amrkandil/github_repos/thesis/Distributed-Tsetlin-Machines/experiments/results_minority/I_x_II/rule168_vs_rule58/hamming_distance.png,/Users/amrkandil/github_repos/thesis/Distributed-Tsetlin-Machines/experiments/results_minority/I_x_II/rule168_vs_rule58/lag_hamming.png,/Users/amrkandil/github_repos/thesis/Distributed-Tsetlin-Machines/experiments/results_minority/I_x_II/rule168_vs_rule58/metrics.json
168,62,I_x_II,cycle,12,0,7.070076972737315e-17,0.0,0.637910447761194,0.03493359317024041,0.646778606965174,coexist,,0.5017412935323383,0.4982587064676617,early,100,cycle,12,/Users/amrkandil/github_repos/thesis/Distributed-Tsetlin-Machines/experiments/results_minority/I_x_II/rule168_vs_rule62/hamming_distance.png,/Users/amrkandil/github_repos/thesis/Distributed-Tsetlin-Machines/experiments/results_minority/I_x_II/rule168_vs_rule62/lag_hamming.png,/Users/amrkandil/github_repos/thesis/Distributed-Tsetlin-Machines/experiments/results_minority/I_x_II/rule168_vs_rule62/metrics.json
168,72,I_x_II,fixed,1,0,0.0,0.0,0.0012537313432835822,0.01544733738132468,0.0,coexist,,0.5,0.5,early,50,fixed,1,/Users/amrkandil/github_repos/thesis/Distributed-Tsetlin-Machines/experiments/results_minority/I_x_II/rule168_vs_rule72/hamming_distance.png,/Users/amrkandil/github_repos/thesis/Distributed-Tsetlin-Machines/experiments/results_minority/I_x_II/rule168_vs_rule72/lag_hamming.png,/Users/amrkandil/github_repos/thesis/Distributed-Tsetlin-Machines/experiments/results_minority/I_x_II/rule168_vs_rule72/metrics.json
168,73,I_x_II,near_cycle,24,0,0.15238132942713503,0.1523813294271349,0.42192039800995024,0.02560539680682588,0.424365671641791,coexist,,0.42681592039801,0.57318407960199,late,334,near_cycle,24,/Users/amrkandil/github_repos/thesis/Distributed-Tsetlin-Machines/experiments/results_minority/I_x_II/rule168_vs_rule73/hamming_distance.png,/Users/amrkandil/github_repos/thesis/Distributed-Tsetlin-Machines/experiments/results_minority/I_x_II/rule168_vs_rule73/lag_hamming.png,/Users/amrkandil/github_repos/thesis/Distributed-Tsetlin-Machines/experiments/results_minority/I_x_II/rule168_vs_rule73/metrics.json
168,74,I_x_II,fixed,1,0,0.0,0.0,0.003343283582089552,0.022440191377408665,0.0,coexist,,0.5,0.5,early,50,fixed,1,/Users/amrkandil/github_repos/thesis/Distributed-Tsetlin-Machines/experiments/results_minority/I_x_II/rule168_vs_rule74/hamming_distance.png,/Users/amrkandil/github_repos/thesis/Distributed-Tsetlin-Machines/experiments/results_minority/I_x_II/rule168_vs_rule74/lag_hamming.png,/Users/amrkandil/github_repos/thesis/Distributed-Tsetlin-Machines/experiments/results_minority/I_x_II/rule168_vs_rule74/metrics.json
168,76,I_x_II,fixed,1,0,7.070076972737315e-17,0.0,0.001064676616915423,0.012785395959563614,0.0,coexist,,0.44776119402985076,0.5522388059701493,early,50,fixed,1,/Users/amrkandil/github_repos/thesis/Distributed-Tsetlin-Machines/experiments/results_minority/I_x_II/rule168_vs_rule76/hamming_distance.png,/Users/amrkandil/github_repos/thesis/Distributed-Tsetlin-Machines/experiments/results_minority/I_x_II/rule168_vs_rule76/lag_hamming.png,/Users/amrkandil/github_repos/thesis/Distributed-Tsetlin-Machines/experiments/results_minority/I_x_II/rule168_vs_rule76/metrics.json
168,77,I_x_II,near_cycle,12,0,0.02362224865390277,0.023622248653902722,0.07612935323383084,0.020310939028067514,0.07435323383084577,coexist,,0.2172139303482587,0.7827860696517412,early,50,near_cycle,12,/Users/amrkandil/github_repos/thesis/Distributed-Tsetlin-Machines/experiments/results_minority/I_x_II/rule168_vs_rule77/hamming_distance.png,/Users/amrkandil/github_repos/thesis/Distributed-Tsetlin-Machines/experiments/results_minority/I_x_II/rule168_vs_rule77/lag_hamming.png,/Users/amrkandil/github_repos/thesis/Distributed-Tsetlin-Machines/experiments/results_minority/I_x_II/rule168_vs_rule77/metrics.json
168,78,I_x_II,near_cycle,12,0,0.10331376536341443,0.10331376536341429,0.16974129353233833,0.020406548388889542,0.16752487562189053,coexist,,0.23348258706467662,0.7665174129353234,early,50,near_cycle,12,/Users/amrkandil/github_repos/thesis/Distributed-Tsetlin-Machines/experiments/results_minority/I_x_II/rule168_vs_rule78/hamming_distance.png,/Users/amrkandil/github_repos/thesis/Distributed-Tsetlin-Machines/experiments/results_minority/I_x_II/rule168_vs_rule78/lag_hamming.png,/Users/amrkandil/github_repos/thesis/Distributed-Tsetlin-Machines/experiments/results_minority/I_x_II/rule168_vs_rule78/metrics.json
168,94,I_x_II,near_cycle,4,0,0.1468601576500371,0.14686015765003696,0.2721293532338309,0.02622168837365021,0.26652985074626867,coexist,,0.2930348258706468,0.7069651741293532,late,250,near_cycle,4,/Users/amrkandil/github_repos/thesis/Distributed-Tsetlin-Machines/experiments/results_minority/I_x_II/rule168_vs_rule94/hamming_distance.png,/Users/amrkandil/github_repos/thesis/Distributed-Tsetlin-Machines/experiments/results_minority/I_x_II/rule168_vs_rule94/lag_hamming.png,/Users/amrkandil/github_repos/thesis/Distributed-Tsetlin-Machines/experiments/results_minority/I_x_II/rule168_vs_rule94/metrics.json
168,104,I_x_II,fixed,1,0,0.0,0.0,0.002427860696517413,0.0232386009357524,0.0,coexist,,0.5,0.5,early,50,fixed,1,/Users/amrkandil/github_repos/thesis/Distributed-Tsetlin-Machines/experiments/results_minority/I_x_II/rule168_vs_rule104/hamming_distance.png,/Users/amrkandil/github_repos/thesis/Distributed-Tsetlin-Machines/experiments/results_minority/I_x_II/rule168_vs_rule104/lag_hamming.png,/Users/amrkandil/github_repos/thesis/Distributed-Tsetlin-Machines/experiments/results_minority/I_x_II/rule168_vs_rule104/metrics.json
168,108,I_x_II,fixed,1,0,2.1210230918211945e-16,0.0,0.002527363184079602,0.020777882542750186,0.0,coexist,,0.4701492537313433,0.5298507462686567,early,50,fixed,1,/Users/amrkandil/github_repos/thesis/Distributed-Tsetlin-Machines/experiments/results_minority/I_x_II/rule168_vs_rule108/hamming_distance.png,/Users/amrkandil/github_repos/thesis/Distributed-Tsetlin-Machines/experiments/results_minority/I_x_II/rule168_vs_rule108/lag_hamming.png,/Users/amrkandil/github_repos/thesis/Distributed-Tsetlin-Machines/experiments/results_minority/I_x_II/rule168_vs_rule108/metrics.json
168,130,I_x_II,fixed,1,0,0.0,0.0,0.002029850746268657,0.021459768644039177,0.0,coexist,,0.5,0.5,early,50,fixed,1,/Users/amrkandil/github_repos/thesis/Distributed-Tsetlin-Machines/experiments/results_minority/I_x_II/rule168_vs_rule130/hamming_distance.png,/Users/amrkandil/github_repos/thesis/Distributed-Tsetlin-Machines/experiments/results_minority/I_x_II/rule168_vs_rule130/lag_hamming.png,/Users/amrkandil/github_repos/thesis/Distributed-Tsetlin-Machines/experiments/results_minority/I_x_II/rule168_vs_rule130/metrics.json
168,132,I_x_II,fixed,1,0,0.0,0.0,0.001144278606965174,0.014437378915603899,0.0,coexist,,0.48258706467661694,0.5174129353233831,early,50,fixed,1,/Users/amrkandil/github_repos/thesis/Distributed-Tsetlin-Machines/experiments/results_minority/I_x_II/rule168_vs_rule132/hamming_distance.png,/Users/amrkandil/github_repos/thesis/Distributed-Tsetlin-Machines/experiments/results_minority/I_x_II/rule168_vs_rule132/lag_hamming.png,/Users/amrkandil/github_repos/thesis/Distributed-Tsetlin-Machines/experiments/results_minority/I_x_II/rule168_vs_rule132/metrics.json
168,134,I_x_II,near_cycle,1,1,0.025435323383084494,0.05416666666666667,0.05544278606965174,0.0172452939482716,0.05416666666666667,coexist,,0.4960696517412935,0.5039303482587064,early,100,near_cycle,1,/Users/amrkandil/github_repos/thesis/Distributed-Tsetlin-Machines/experiments/results_minority/I_x_II/rule168_vs_rule134/hamming_distance.png,/Users/amrkandil/github_repos/thesis/Distributed-Tsetlin-Machines/experiments/results_minority/I_x_II/rule168_vs_rule134/lag_hamming.png,/Users/amrkandil/github_repos/thesis/Distributed-Tsetlin-Machines/experiments/results_minority/I_x_II/rule168_vs_rule134/metrics.json
168,138,I_x_II,fixed,1,0,0.0,0.0,0.0024079601990049755,0.019689015597903186,0.0,coexist,,0.5,0.5,early,50,fixed,1,/Users/amrkandil/github_repos/thesis/Distributed-Tsetlin-Machines/experiments/results_minority/I_x_II/rule168_vs_rule138/hamming_distance.png,/Users/amrkandil/github_repos/thesis/Distributed-Tsetlin-Machines/experiments/results_minority/I_x_II/rule168_vs_rule138/lag_hamming.png,/Users/amrkandil/github_repos/thesis/Distributed-Tsetlin-Machines/experiments/results_minority/I_x_II/rule168_vs_rule138/metrics.json
168,140,I_x_II,fixed,1,0,0.0,0.0,0.0011044776119402985,0.012308497930652569,0.0,coexist,,0.4552238805970149,0.5447761194029851,early,50,fixed,1,/Users/amrkandil/github_repos/thesis/Distributed-Tsetlin-Machines/experiments/results_minority/I_x_II/rule168_vs_rule140/hamming_distance.png,/Users/amrkandil/github_repos/thesis/Distributed-Tsetlin-Machines/experiments/results_minority/I_x_II/rule168_vs_rule140/lag_hamming.png,/Users/amrkandil/github_repos/thesis/Distributed-Tsetlin-Machines/experiments/results_minority/I_x_II/rule168_vs_rule140/metrics.json
168,142,I_x_II,near_cycle,1,1,0.05587064676616924,0.11328358208955223,0.11424875621890547,0.01482445483907287,0.11328358208955225,coexist,,0.4909950248756219,0.5090049751243781,early,50,near_cycle,1,/Users/amrkandil/github_repos/thesis/Distributed-Tsetlin-Machines/experiments/results_minority/I_x_II/rule168_vs_rule142/hamming_distance.png,/Users/amrkandil/github_repos/thesis/Distributed-Tsetlin-Machines/experiments/results_minority/I_x_II/rule168_vs_rule142/lag_hamming.png,/Users/amrkandil/github_repos/thesis/Distributed-Tsetlin-Machines/experiments/results_minority/I_x_II/rule168_vs_rule142/metrics.json
168,152,I_x_II,fixed,1,0,0.0,0.0,0.002746268656716418,0.023623877160402783,0.0,coexist,,0.5,0.5,early,50,fixed,1,/Users/amrkandil/github_repos/thesis/Distributed-Tsetlin-Machines/experiments/results_minority/I_x_II/rule168_vs_rule152/hamming_distance.png,/Users/amrkandil/github_repos/thesis/Distributed-Tsetlin-Machines/experiments/results_minority/I_x_II/rule168_vs_rule152/lag_hamming.png,/Users/amrkandil/github_repos/thesis/Distributed-Tsetlin-Machines/experiments/results_minority/I_x_II/rule168_vs_rule152/metrics.json
168,154,I_x_II,cycle,14,0,0.0,0.0,0.031960199004975126,0.031307815358030226,0.02699004975124378,coexist,,0.483681592039801,0.516318407960199,early,50,cycle,14,/Users/amrkandil/github_repos/thesis/Distributed-Tsetlin-Machines/experiments/results_minority/I_x_II/rule168_vs_rule154/hamming_distance.png,/Users/amrkandil/github_repos/thesis/Distributed-Tsetlin-Machines/experiments/results_minority/I_x_II/rule168_vs_rule154/lag_hamming.png,/Users/amrkandil/github_repos/thesis/Distributed-Tsetlin-Machines/experiments/results_minority/I_x_II/rule168_vs_rule154/metrics.json
168,156,I_x_II,cycle,60,0,7.070076972737315e-17,0.0,0.14896517412935323,0.011109839287622793,0.14648009950248755,coexist,,0.3699502487562189,0.630049751243781,late,300,near_cycle,2,/Users/amrkandil/github_repos/thesis/Distributed-Tsetlin-Machines/experiments/results_minority/I_x_II/rule168_vs_rule156/hamming_distance.png,/Users/amrkandil/github_repos/thesis/Distributed-Tsetlin-Machines/experiments/results_minority/I_x_II/rule168_vs_rule156/lag_hamming.png,/Users/amrkandil/github_repos/thesis/Distributed-Tsetlin-Machines/experiments/results_minority/I_x_II/rule168_vs_rule156/metrics.json
168,162,I_x_II,fixed,1,0,0.0,0.0,0.004955223880597015,0.038053680140211925,0.0,coexist,,0.5,0.5,early,50,fixed,1,/Users/amrkandil/github_repos/thesis/Distributed-Tsetlin-Machines/experiments/results_minority/I_x_II/rule168_vs_rule162/hamming_distance.png,/Users/amrkandil/github_repos/thesis/Distributed-Tsetlin-Machines/experiments/results_minority/I_x_II/rule168_vs_rule162/lag_hamming.png,/Users/amrkandil/github_repos/thesis/Distributed-Tsetlin-Machines/experiments/results_minority/I_x_II/rule168_vs_rule162/metrics.json
168,164,I_x_II,fixed,1,0,7.070076972737315e-17,0.0,0.0025970149253731344,0.023120959064251437,0.0,coexist,,0.48258706467661694,0.5174129353233831,early,50,fixed,1,/Users/amrkandil/github_repos/thesis/Distributed-Tsetlin-Machines/experiments/results_minority/I_x_II/rule168_vs_rule164/hamming_distance.png,/Users/amrkandil/github_repos/thesis/Distributed-Tsetlin-Machines/experiments/results_minority/I_x_II/rule168_vs_rule164/lag_hamming.png,/Users/amrkandil/github_repos/thesis/Distributed-Tsetlin-Machines/experiments/results_minority/I_x_II/rule168_vs_rule164/metrics.json
168,170,I_x_II,fixed,1,0,0.0,0.0,0.008955223880597014,0.04269804667686859,0.0,coexist,,0.5,0.5,early,50,fixed,1,/Users/amrkandil/github_repos/thesis/Distributed-Tsetlin-Machines/experiments/results_minority/I_x_II/rule168_vs_rule170/hamming_distance.png,/Users/amrkandil/github_repos/thesis/Distributed-Tsetlin-Machines/experiments/results_minority/I_x_II/rule168_vs_rule170/lag_hamming.png,/Users/amrkandil/github_repos/thesis/Distributed-Tsetlin-Machines/experiments/results_minority/I_x_II/rule168_vs_rule170/metrics.json
168,172,I_x_II,fixed,1,0,7.070076972737315e-17,0.0,0.003104477611940299,0.021377191865888004,0.0,coexist,,0.47512437810945274,0.5248756218905473,early,50,fixed,1,/Users/amrkandil/github_repos/thesis/Distributed-Tsetlin-Machines/experiments/results_minority/I_x_II/rule168_vs_rule172/hamming_distance.png,/Users/amrkandil/github_repos/thesis/Distributed-Tsetlin-Machines/experiments/results_minority/I_x_II/rule168_vs_rule172/lag_hamming.png,/Users/amrkandil/github_repos/thesis/Distributed-Tsetlin-Machines/experiments/results_minority/I_x_II/rule168_vs_rule172/metrics.json
168,178,I_x_II,cycle,12,0,0.0,0.0,0.714537313432836,0.019048370658456902,0.7172636815920399,coexist,,0.3276119402985075,0.6723880597014925,early,50,cycle,12,/Users/amrkandil/github_repos/thesis/Distributed-Tsetlin-Machines/experiments/results_minority/I_x_II/rule168_vs_rule178/hamming_distance.png,/Users/amrkandil/github_repos/thesis/Distributed-Tsetlin-Machines/experiments/results_minority/I_x_II/rule168_vs_rule178/lag_hamming.png,/Users/amrkandil/github_repos/thesis/Distributed-Tsetlin-Machines/experiments/results_minority/I_x_II/rule168_vs_rule178/metrics.json
168,184,I_x_II,fixed,1,0,0.0,0.0,0.017412935323383085,0.07182914970165455,0.0,coexist,,0.5,0.5,early,50,fixed,1,/Users/amrkandil/github_repos/thesis/Distributed-Tsetlin-Machines/experiments/results_minority/I_x_II/rule168_vs_rule184/hamming_distance.png,/Users/amrkandil/github_repos/thesis/Distributed-Tsetlin-Machines/experiments/results_minority/I_x_II/rule168_vs_rule184/lag_hamming.png,/Users/amrkandil/github_repos/thesis/Distributed-Tsetlin-Machines/experiments/results_minority/I_x_II/rule168_vs_rule184/metrics.json
168,200,I_x_II,fixed,1,0,0.0,0.0,0.001253731343283582,0.011727473104011442,0.0,coexist,,0.5,0.5,early,50,fixed,1,/Users/amrkandil/github_repos/thesis/Distributed-Tsetlin-Machines/experiments/results_minority/I_x_II/rule168_vs_rule200/hamming_distance.png,/Users/amrkandil/github_repos/thesis/Distributed-Tsetlin-Machines/experiments/results_minority/I_x_II/rule168_vs_rule200/lag_hamming.png,/Users/amrkandil/github_repos/thesis/Distributed-Tsetlin-Machines/experiments/results_minority/I_x_II/rule168_vs_rule200/metrics.json
168,204,I_x_II,fixed,1,0,0.0,0.0,0.0011243781094527363,0.009485311767582256,0.0,coexist,,0.4626865671641791,0.5373134328358209,early,50,fixed,1,/Users/amrkandil/github_repos/thesis/Distributed-Tsetlin-Machines/experiments/results_minority/I_x_II/rule168_vs_rule204/hamming_distance.png,/Users/amrkandil/github_repos/thesis/Distributed-Tsetlin-Machines/experiments/results_minority/I_x_II/rule168_vs_rule204/lag_hamming.png,/Users/amrkandil/github_repos/thesis/Distributed-Tsetlin-Machines/experiments/results_minority/I_x_II/rule168_vs_rule204/metrics.json
168,232,I_x_II,fixed,1,0,0.0,0.0,0.002228855721393035,0.01751024409597949,0.0,coexist,,0.5,0.5,early,50,fixed,1,/Users/amrkandil/github_repos/thesis/Distributed-Tsetlin-Machines/experiments/results_minority/I_x_II/rule168_vs_rule232/hamming_distance.png,/Users/amrkandil/github_repos/thesis/Distributed-Tsetlin-Machines/experiments/results_minority/I_x_II/rule168_vs_rule232/lag_hamming.png,/Users/amrkandil/github_repos/thesis/Distributed-Tsetlin-Machines/experiments/results_minority/I_x_II/rule168_vs_rule232/metrics.json
0,18,I_x_III,cycle,84,0,0.0,0.0,0.08463681592039801,0.024970890208163857,0.08218905472636814,coexist,,0.44915422885572137,0.5508457711442786,early,50,near_cycle,12,/Users/amrkandil/github_repos/thesis/Distributed-Tsetlin-Machines/experiments/results_minority/I_x_III/rule0_vs_rule18/hamming_distance.png,/Users/amrkandil/github_repos/thesis/Distributed-Tsetlin-Machines/experiments/results_minority/I_x_III/rule0_vs_rule18/lag_hamming.png,/Users/amrkandil/github_repos/thesis/Distributed-Tsetlin-Machines/experiments/results_minority/I_x_III/rule0_vs_rule18/metrics.json
0,22,I_x_III,cycle,12,0,0.0,0.0,0.04432835820895522,0.024738877882978804,0.041455223880597025,coexist,,0.4924875621890547,0.5075124378109452,early,50,cycle,12,/Users/amrkandil/github_repos/thesis/Distributed-Tsetlin-Machines/experiments/results_minority/I_x_III/rule0_vs_rule22/hamming_distance.png,/Users/amrkandil/github_repos/thesis/Distributed-Tsetlin-Machines/experiments/results_minority/I_x_III/rule0_vs_rule22/lag_hamming.png,/Users/amrkandil/github_repos/thesis/Distributed-Tsetlin-Machines/experiments/results_minority/I_x_III/rule0_vs_rule22/metrics.json
0,30,I_x_III,near_cycle,8,0,0.07019609332472505,0.07019609332472497,0.1962587064676617,0.0320079938531487,0.19327114427860695,coexist,,0.4653731343283582,0.5346268656716417,late,150,near_cycle,8,/Users/amrkandil/github_repos/thesis/Distributed-Tsetlin-Machines/experiments/results_minority/I_x_III/rule0_vs_rule30/hamming_distance.png,/Users/amrkandil/github_repos/thesis/Distributed-Tsetlin-Machines/experiments/results_minority/I_x_III/rule0_vs_rule30/lag_hamming.png,/Users/amrkandil/github_repos/thesis/Distributed-Tsetlin-Machines/experiments/results_minority/I_x_III/rule0_vs_rule30/metrics.json
0,45,I_x_III,cycle,4,0,0.0,0.0,0.10497512437810945,0.021691770504071284,0.10447761194029852,coexist,,0.4191542288557214,0.5808457711442786,early,50,cycle,4,/Users/amrkandil/github_repos/thesis/Distributed-Tsetlin-Machines/experiments/results_minority/I_x_III/rule0_vs_rule45/hamming_distance.png,/Users/amrkandil/github_repos/thesis/Distributed-Tsetlin-Machines/experiments/results_minority/I_x_III/rule0_vs_rule45/lag_hamming.png,/Users/amrkandil/github_repos/thesis/Distributed-Tsetlin-Machines/experiments/results_minority/I_x_III/rule0_vs_rule45/metrics.json
0,60,I_x_III,cycle,2,0,0.0,0.0,0.10054726368159204,0.018833260884711264,0.09950248756218906,coexist,,0.4577114427860697,0.5422885572139303,early,50,cycle,2,/Users/amrkandil/github_repos/thesis/Distributed-Tsetlin-Machines/experiments/results_minority/I_x_III/rule0_vs_rule60/hamming_distance.png,/Users/amrkandil/github_repos/thesis/Distributed-Tsetlin-Machines/experiments/results_minority/I_x_III/rule0_vs_rule60/lag_hamming.png,/Users/amrkandil/github_repos/thesis/Distributed-Tsetlin-Machines/experiments/results_minority/I_x_III/rule0_vs_rule60/metrics.json
0,90,I_x_III,cycle,84,0,0.0,0.0,0.12835820895522387,0.02077672937096627,0.1253358208955224,coexist,,0.42577114427860696,0.574228855721393,late,334,near_cycle,4,/Users/amrkandil/github_repos/thesis/Distributed-Tsetlin-Machines/experiments/results_minority/I_x_III/rule0_vs_rule90/hamming_distance.png,/Users/amrkandil/github_repos/thesis/Distributed-Tsetlin-Machines/experiments/results_minority/I_x_III/rule0_vs_rule90/lag_hamming.png,/Users/amrkandil/github_repos/thesis/Distributed-Tsetlin-Machines/experiments/results_minority/I_x_III/rule0_vs_rule90/metrics.json
0,105,I_x_III,cycle,2,0,0.0,0.0,0.5053233830845771,0.01745772491205462,0.5074626865671642,coexist,,0.42039800995024873,0.5796019900497512,early,50,cycle,2,/Users/amrkandil/github_repos/thesis/Distributed-Tsetlin-Machines/experiments/results_minority/I_x_III/rule0_vs_rule105/hamming_distance.png,/Users/amrkandil/github_repos/thesis/Distributed-Tsetlin-Machines/experiments/results_minority/I_x_III/rule0_vs_rule105/lag_hamming.png,/Users/amrkandil/github_repos/thesis/Distributed-Tsetlin-Machines/experiments/results_minority/I_x_III/rule0_vs_rule105/metrics.json
0,122,I_x_III,cycle,2,0,0.0,0.0,0.4593432835820897,0.023303779987990582,0.4626865671641792,coexist,,0.2960199004975124,0.7039800995024875,early,50,cycle,2,/Users/amrkandil/github_repos/thesis/Distributed-Tsetlin-Machines/experiments/results_minority/I_x_III/rule0_vs_rule122/hamming_distance.png,/Users/amrkandil/github_repos/thesis/Distributed-Tsetlin-Machines/experiments/results_minority/I_x_III/rule0_vs_rule122/lag_hamming.png,/Users/amrkandil/github_repos/thesis/Distributed-Tsetlin-Machines/experiments/results_minority/I_x_III/rule0_vs_rule122/metrics.json
0,126,I_x_III,cycle,12,0,0.0,0.0,0.2344875621890547,0.018725627956038264,0.23383084577114427,coexist,,0.4573134328358209,0.5426865671641791,early,50,cycle,12,/Users/amrkandil/github_repos/thesis/Distributed-Tsetlin-Machines/experiments/results_minority/I_x_III/rule0_vs_rule126/hamming_distance.png,/Users/amrkandil/github_repos/thesis/Distributed-Tsetlin-Machines/experiments/results_minority/I_x_III/rule0_vs_rule126/lag_hamming.png,/Users/amrkandil/github_repos/thesis/Distributed-Tsetlin-Machines/experiments/results_minority/I_x_III/rule0_vs_rule126/metrics.json
0,146,I_x_III,cycle,84,0,0.0,0.0,0.09894527363184079,0.023190407609055344,0.09546019900497513,coexist,,0.4408457711442786,0.5591542288557214,early,50,near_cycle,12,/Users/amrkandil/github_repos/thesis/Distributed-Tsetlin-Machines/experiments/results_minority/I_x_III/rule0_vs_rule146/hamming_distance.png,/Users/amrkandil/github_repos/thesis/Distributed-Tsetlin-Machines/experiments/results_minority/I_x_III/rule0_vs_rule146/lag_hamming.png,/Users/amrkandil/github_repos/thesis/Distributed-Tsetlin-Machines/experiments/results_minority/I_x_III/rule0_vs_rule146/metrics.json
0,150,I_x_III,cycle,12,0,0.0,0.0,0.06381094527363183,0.023305536700322458,0.05970149253731342,coexist,,0.48835820895522386,0.5116417910447761,early,50,cycle,12,/Users/amrkandil/github_repos/thesis/Distributed-Tsetlin-Machines/experiments/results_minority/I_x_III/rule0_vs_rule150/hamming_distance.png,/Users/amrkandil/github_repos/thesis/Distributed-Tsetlin-Machines/experiments/results_minority/I_x_III/rule0_vs_rule150/lag_hamming.png,/Users/amrkandil/github_repos/thesis/Distributed-Tsetlin-Machines/experiments/results_minority/I_x_III/rule0_vs_rule150/metrics.json
8,18,I_x_III,cycle,84,0,0.0,0.0,0.10465671641791044,0.02289352230502344,0.10208955223880598,coexist,,0.4392039800995025,0.5607960199004975,late,150,near_cycle,4,/Users/amrkandil/github_repos/thesis/Distributed-Tsetlin-Machines/experiments/results_minority/I_x_III/rule8_vs_rule18/hamming_distance.png,/Users/amrkandil/github_repos/thesis/Distributed-Tsetlin-Machines/experiments/results_minority/I_x_III/rule8_vs_rule18/lag_hamming.png,/Users/amrkandil/github_repos/thesis/Distributed-Tsetlin-Machines/experiments/results_minority/I_x_III/rule8_vs_rule18/metrics.json
8,22,I_x_III,near_cycle,4,0,0.08007819842851246,0.08007819842851235,0.289363184079602,0.052257223950507456,0.3065671641791045,coexist,,0.49592039800995025,0.5040796019900498,late,334,near_cycle,4,/Users/amrkandil/github_repos/thesis/Distributed-Tsetlin-Machines/experiments/results_minority/I_x_III/rule8_vs_rule22/hamming_distance.png,/Users/amrkandil/github_repos/thesis/Distributed-Tsetlin-Machines/experiments/results_minority/I_x_III/rule8_vs_rule22/lag_hamming.png,/Users/amrkandil/github_repos/thesis/Distributed-Tsetlin-Machines/experiments/results_minority/I_x_III/rule8_vs_rule22/metrics.json
8,30,I_x_III,near_cycle,4,0,0.07710816196097597,0.07710816196097597,0.26352238805970146,0.027601394606669126,0.2638432835820896,coexist,,0.4614925373134328,0.5385074626865671,early,100,near_cycle,4,/Users/amrkandil/github_repos/thesis/Distributed-Tsetlin-Machines/experiments/results_minority/I_x_III/rule8_vs_rule30/hamming_distance.png,/Users/amrkandil/github_repos/thesis/Distributed-Tsetlin-Machines/experiments/results_minority/I_x_III/rule8_vs_rule30/lag_hamming.png,/Users/amrkandil/github_repos/thesis/Distributed-Tsetlin-Machines/experiments/results_minority/I_x_III/rule8_vs_rule30/metrics.json
8,45,I_x_III,near_cycle,4,0,0.01635399827061209,0.016353998270611677,0.08109452736318408,0.029823370531608218,0.08208955223880597,coexist,,0.38109452736318405,0.618905472636816,late,150,cycle,8,/Users/amrkandil/github_repos/thesis/Distributed-Tsetlin-Machines/experiments/results_minority/I_x_III/rule8_vs_rule45/hamming_distance.png,/Users/amrkandil/github_repos/thesis/Distributed-Tsetlin-Machines/experiments/results_minority/I_x_III/rule8_vs_rule45/lag_hamming.png,/Users/amrkandil/github_repos/thesis/Distributed-Tsetlin-Machines/experiments/results_minority/I_x_III/rule8_vs_rule45/metrics.json
8,60,I_x_III,cycle,2,0,2.828030789094926e-16,0.0,0.12009950248756215,0.0160168100600553,0.11940298507462684,coexist,,0.4552238805970149,0.5447761194029851,early,50,cycle,2,/Users/amrkandil/github_repos/thesis/Distributed-Tsetlin-Machines/experiments/results_minority/I_x_III/rule8_vs_rule60/hamming_distance.png,/Users/amrkandil/github_repos/thesis/Distributed-Tsetlin-Machines/experiments/results_minority/I_x_III/rule8_vs_rule60/lag_hamming.png,/Users/amrkandil/github_repos/thesis/Distributed-Tsetlin-Machines/experiments/results_minority/I_x_III/rule8_vs_rule60/metrics.json
8,90,I_x_III,cycle,84,0,0.0,0.0,0.14772139303482587,0.01720640562536782,0.1452238805970149,coexist,,0.4146268656716418,0.5853731343283582,late,334,near_cycle,4,/Users/amrkandil/github_repos/thesis/Distributed-Tsetlin-Machines/experiments/results_minority/I_x_III/rule8_vs_rule90/hamming_distance.png,/Users/amrkandil/github_repos/thesis/Distributed-Tsetlin-Machines/experiments/results_minority/I_x_III/rule8_vs_rule90/lag_hamming.png,/Users/amrkandil/github_repos/thesis/Distributed-Tsetlin-Machines/experiments/results_minority/I_x_III/rule8_vs_rule90/metrics.json
8,105,I_x_III,cycle,60,0,0.0,0.0,0.4585870646766169,0.023622686889048488,0.46196517412935323,coexist,,0.39601990049751246,0.6039800995024875,late,334,near_cycle,2,/Users/amrkandil/github_repos/thesis/Distributed-Tsetlin-Machines/experiments/results_minority/I_x_III/rule8_vs_rule105/hamming_distance.png,/Users/amrkandil/github_repos/thesis/Distributed-Tsetlin-Machines/experiments/results_minority/I_x_III/rule8_vs_rule105/lag_hamming.png,/Users/amrkandil/github_repos/thesis/Distributed-Tsetlin-Machines/experiments/results_minority/I_x_III/rule8_vs_rule105/metrics.json
8,122,I_x_III,cycle,2,0,7.070076972737315e-17,0.0,0.4056915422885573,0.018217424558934128,0.4079601990049752,coexist,,0.2960199004975124,0.7039800995024875,early,100,cycle,2,/Users/amrkandil/github_repos/thesis/Distributed-Tsetlin-Machines/experiments/results_minority/I_x_III/rule8_vs_rule122/hamming_distance.png,/Users/amrkandil/github_repos/thesis/Distributed-Tsetlin-Machines/experiments/results_minority/I_x_III/rule8_vs_rule122/lag_hamming.png,/Users/amrkandil/github_repos/thesis/Distributed-Tsetlin-Machines/experiments/results_minority/I_x_III/rule8_vs_rule122/metrics.json
8,126,I_x_III,cycle,24,0,7.070076972737315e-17,0.0,0.21945273631840798,0.021120501703044657,0.21931592039800993,coexist,,0.47308457711442786,0.5269154228855721,early,100,cycle,24,/Users/amrkandil/github_repos/thesis/Distributed-Tsetlin-Machines/experiments/results_minority/I_x_III/rule8_vs_rule126/hamming_distance.png,/Users/amrkandil/github_repos/thesis/Distributed-Tsetlin-Machines/experiments/results_minority/I_x_III/rule8_vs_rule126/lag_hamming.png,/Users/amrkandil/github_repos/thesis/Distributed-Tsetlin-Machines/experiments/results_minority/I_x_III/rule8_vs_rule126/metrics.json
8,146,I_x_III,cycle,84,0,2.1210230918211945e-16,0.0,0.11896517412935324,0.021877119355126113,0.11536069651741293,coexist,,0.4308955223880597,0.5691044776119403,late,250,near_cycle,6,/Users/amrkandil/github_repos/thesis/Distributed-Tsetlin-Machines/experiments/results_minority/I_x_III/rule8_vs_rule146/hamming_distance.png,/Users/amrkandil/github_repos/thesis/Distributed-Tsetlin-Machines/experiments/results_minority/I_x_III/rule8_vs_rule146/lag_hamming.png,/Users/amrkandil/github_repos/thesis/Distributed-Tsetlin-Machines/experiments/results_minority/I_x_III/rule8_vs_rule146/metrics.json
8,150,I_x_III,near_cycle,4,0,0.0976853766432323,0.09768537664323221,0.31159203980099504,0.03183189396702438,0.31669154228855717,coexist,,0.4956218905472637,0.5043781094527363,late,300,cycle,16,/Users/amrkandil/github_repos/thesis/Distributed-Tsetlin-Machines/experiments/results_minority/I_x_III/rule8_vs_rule150/hamming_distance.png,/Users/amrkandil/github_repos/thesis/Distributed-Tsetlin-Machines/experiments/results_minority/I_x_III/rule8_vs_rule150/lag_hamming.png,/Users/amrkandil/github_repos/thesis/Distributed-Tsetlin-Machines/experiments/results_minority/I_x_III/rule8_vs_rule150/metrics.json
32,18,I_x_III,cycle,84,0,0.0,0.0,0.13837810945273635,0.026861711519443773,0.135273631840796,coexist,,0.42587064676616915,0.5741293532338309,early,50,near_cycle,12,/Users/amrkandil/github_repos/thesis/Distributed-Tsetlin-Machines/experiments/results_minority/I_x_III/rule32_vs_rule18/hamming_distance.png,/Users/amrkandil/github_repos/thesis/Distributed-Tsetlin-Machines/experiments/results_minority/I_x_III/rule32_vs_rule18/lag_hamming.png,/Users/amrkandil/github_repos/thesis/Distributed-Tsetlin-Machines/experiments/results_minority/I_x_III/rule32_vs_rule18/metrics.json
32,22,I_x_III,near_cycle,28,0,0.057033865524922296,0.0570338655249223,0.1483781094527363,0.03344713032484482,0.14865671641791045,coexist,,0.4780099502487562,0.5219900497512437,early,50,near_cycle,28,/Users/amrkandil/github_repos/thesis/Distributed-Tsetlin-Machines/experiments/results_minority/I_x_III/rule32_vs_rule22/hamming_distance.png,/Users/amrkandil/github_repos/thesis/Distributed-Tsetlin-Machines/experiments/results_minority/I_x_III/rule32_vs_rule22/lag_hamming.png,/Users/amrkandil/github_repos/thesis/Distributed-Tsetlin-Machines/experiments/results_minority/I_x_III/rule32_vs_rule22/metrics.json
32,30,I_x_III,near_cycle,8,0,0.12323876799210058,0.12323876799210057,0.30816915422885577,0.03354969360577029,0.30585820895522386,coexist,,0.4616417910447761,0.5383582089552239,early,100,near_cycle,8,/Users/amrkandil/github_repos/thesis/Distributed-Tsetlin-Machines/experiments/results_minority/I_x_III/rule32_vs_rule30/hamming_distance.png,/Users/amrkandil/github_repos/thesis/Distributed-Tsetlin-Machines/experiments/results_minority/I_x_III/rule32_vs_rule30/lag_hamming.png,/Users/amrkandil/github_repos/thesis/Distributed-Tsetlin-Machines/experiments/results_minority/I_x_III/rule32_vs_rule30/metrics.json
32,45,I_x_III,cycle,4,0,7.070076972737315e-17,0.0,0.19514427860696515,0.05721648793764362,0.1741293532338308,coexist,,0.3445273631840796,0.6554726368159204,early,100,cycle,4,/Users/amrkandil/github_repos/thesis/Distributed-Tsetlin-Machines/experiments/results_minority/I_x_III/rule32_vs_rule45/hamming_distance.png,/Users/amrkandil/github_repos/thesis/Distributed-Tsetlin-Machines/experiments/results_minority/I_x_III/rule32_vs_rule45/lag_hamming.png,/Users/amrkandil/github_repos/thesis/Distributed-Tsetlin-Machines/experiments/results_minority/I_x_III/rule32_vs_rule45/metrics.json
32,60,I_x_III,near_cycle,12,0,0.11032242387036557,0.1103224238703654,0.229044776119403,0.04027594602147852,0.2346641791044776,coexist,,0.4437810945273632,0.5562189054726369,early,0,near_cycle,12,/Users/amrkandil/github_repos/thesis/Distributed-Tsetlin-Machines/experiments/results_minority/I_x_III/rule32_vs_rule60/hamming_distance.png,/Users/amrkandil/github_repos/thesis/Distributed-Tsetlin-Machines/experiments/results_minority/I_x_III/rule32_vs_rule60/lag_hamming.png,/Users/amrkandil/github_repos/thesis/Distributed-Tsetlin-Machines/experiments/results_minority/I_x_III/rule32_vs_rule60/metrics.json
32,90,I_x_III,cycle,84,0,0.0,0.0,0.1714825870646766,0.021447908335338675,0.16843283582089552,coexist,,0.4178606965174129,0.582139303482587,early,100,near_cycle,4,/Users/amrkandil/github_repos/thesis/Distributed-Tsetlin-Machines/experiments/results_minority/I_x_III/rule32_vs_rule90/hamming_distance.png,/Users/amrkandil/github_repos/thesis/Distributed-Tsetlin-Machines/experiments/results_minority/I_x_III/rule32_vs_rule90/lag_hamming.png,/Users/amrkandil/github_repos/thesis/Distributed-Tsetlin-Machines/experiments/results_minority/I_x_III/rule32_vs_rule90/metrics.json
32,105,I_x_III,cycle,24,0,7.070076972737315e-17,0.0,0.5796119402985075,0.03016665179503286,0.582910447761194,coexist,,0.4425870646766169,0.5574129353233831,early,50,cycle,24,/Users/amrkandil/github_repos/thesis/Distributed-Tsetlin-Machines/experiments/results_minority/I_x_III/rule32_vs_rule105/hamming_distance.png,/Users/amrkandil/github_repos/thesis/Distributed-Tsetlin-Machines/experiments/results_minority/I_x_III/rule32_vs_rule105/lag_hamming.png,/Users/amrkandil/github_repos/thesis/Distributed-Tsetlin-Machines/experiments/results_minority/I_x_III/rule32_vs_rule105/metrics.json
32,122,I_x_III,cycle,2,0,4.949053880916121e-16,0.0,0.5782587064676616,0.025107920327590932,0.5820895522388059,coexist,,0.30845771144278605,0.6915422885572139,early,50,cycle,2,/Users/amrkandil/github_repos/thesis/Distributed-Tsetlin-Machines/experiments/results_minority/I_x_III/rule32_vs_rule122/hamming_distance.png,/Users/amrkandil/github_repos/thesis/Distributed-Tsetlin-Machines/experiments/results_minority/I_x_III/rule32_vs_rule122/lag_hamming.png,/Users/amrkandil/github_repos/thesis/Distributed-Tsetlin-Machines/experiments/results_minority/I_x_III/rule32_vs_rule122/metrics.json
32,126,I_x_III,near_cycle,4,0,0.14128350689875563,0.1412835068987556,0.46595024875621893,0.039631999430097604,0.47073383084577114,coexist,,0.46880597014925374,0.5311940298507463,early,50,near_cycle,4,/Users/amrkandil/github_repos/thesis/Distributed-Tsetlin-Machines/experiments/results_minority/I_x_III/rule32_vs_rule126/hamming_distance.png,/Users/amrkandil/github_repos/thesis/Distributed-Tsetlin-Machines/experiments/results_minority/I_x_III/rule32_vs_rule126/lag_hamming.png,/Users/amrkandil/github_repos/thesis/Distributed-Tsetlin-Machines/experiments/results_minority/I_x_III/rule32_vs_rule126/metrics.json
32,146,I_x_III,cycle,84,0,0.0,0.0,0.1387761194029851,0.0262857832756755,0.135273631840796,coexist,,0.42587064676616915,0.5741293532338309,early,50,near_cycle,12,/Users/amrkandil/github_repos/thesis/Distributed-Tsetlin-Machines/experiments/results_minority/I_x_III/rule32_vs_rule146/hamming_distance.png,/Users/amrkandil/github_repos/thesis/Distributed-Tsetlin-Machines/experiments/results_minority/I_x_III/rule32_vs_rule146/lag_hamming.png,/Users/amrkandil/github_repos/thesis/Distributed-Tsetlin-Machines/experiments/results_minority/I_x_III/rule32_vs_rule146/metrics.json
32,150,I_x_III,cycle,24,0,0.0,0.0,0.26186069651741295,0.02307087215412395,0.26536069651741295,coexist,,0.49865671641791043,0.5013432835820896,early,50,cycle,24,/Users/amrkandil/github_repos/thesis/Distributed-Tsetlin-Machines/experiments/results_minority/I_x_III/rule32_vs_rule150/hamming_distance.png,/Users/amrkandil/github_repos/thesis/Distributed-Tsetlin-Machines/experiments/results_minority/I_x_III/rule32_vs_rule150/lag_hamming.png,/Users/amrkandil/github_repos/thesis/Distributed-Tsetlin-Machines/experiments/results_minority/I_x_III/rule32_vs_rule150/metrics.json
40,18,I_x_III,cycle,42,0,7.070076972737315e-17,0.0,0.1166865671641791,0.027021788890169363,0.11370646766169155,coexist,,0.43502487562189057,0.5649751243781095,early,50,cycle,42,/Users/amrkandil/github_repos/thesis/Distributed-Tsetlin-Machines/experiments/results_minority/I_x_III/rule40_vs_rule18/hamming_distance.png,/Users/amrkandil/github_repos/thesis/Distributed-Tsetlin-Machines/experiments/results_minority/I_x_III/rule40_vs_rule18/lag_hamming.png,/Users/amrkandil/github_repos/thesis/Distributed-Tsetlin-Machines/experiments/results_minority/I_x_III/rule40_vs_rule18/metrics.json
40,22,I_x_III,near_cycle,4,0,0.13320049625925792,0.13320049625925787,0.4682089552238806,0.06620428873071924,0.4825124378109453,coexist,,0.43850746268656715,0.5614925373134328,early,50,near_cycle,4,/Users/amrkandil/github_repos/thesis/Distributed-Tsetlin-Machines/experiments/results_minority/I_x_III/rule40_vs_rule22/hamming_distance.png,/Users/amrkandil/github_repos/thesis/Distributed-Tsetlin-Machines/experiments/results_minority/I_x_III/rule40_vs_rule22/lag_hamming.png,/Users/amrkandil/github_repos/thesis/Distributed-Tsetlin-Machines/experiments/results_minority/I_x_III/rule40_vs_rule22/metrics.json
40,30,I_x_III,near_cycle,20,0,0.15001109935884885,0.1500110993588488,0.4790348258706468,0.04109832297891744,0.48398009950248755,coexist,,0.46308457711442785,0.5369154228855721,late,150,near_cycle,20,/Users/amrkandil/github_repos/thesis/Distributed-Tsetlin-Machines/experiments/results_minority/I_x_III/rule40_vs_rule30/hamming_distance.png,/Users/amrkandil/github_repos/thesis/Distributed-Tsetlin-Machines/experiments/results_minority/I_x_III/rule40_vs_rule30/lag_hamming.png,/Users/amrkandil/github_repos/thesis/Distributed-Tsetlin-Machines/experiments/results_minority/I_x_III/rule40_vs_rule30/metrics.json
40,45,I_x_III,aperiodic,,,0.3675995024875622,0.3675995024875622,0.36712437810945275,0.037383263347459145,0.36759950248756224,coexist,,0.3730348258706468,0.6269651741293533,never,,aperiodic,,/Users/amrkandil/github_repos/thesis/Distributed-Tsetlin-Machines/experiments/results_minority/I_x_III/rule40_vs_rule45/hamming_distance.png,/Users/amrkandil/github_repos/thesis/Distributed-Tsetlin-Machines/experiments/results_minority/I_x_III/rule40_vs_rule45/lag_hamming.png,/Users/amrkandil/github_repos/thesis/Distributed-Tsetlin-Machines/experiments/results_minority/I_x_III/rule40_vs_rule45/metrics.json
40,60,I_x_III,near_cycle,4,0,0.10123187588505846,0.10123187588505833,0.23642786069651742,0.02541188924007097,0.23823383084577116,coexist,,0.4463681592039801,0.5536318407960199,early,0,near_cycle,4,/Users/amrkandil/github_repos/thesis/Distributed-Tsetlin-Machines/experiments/results_minority/I_x_III/rule40_vs_rule60/hamming_distance.png,/Users/amrkandil/github_repos/thesis/Distributed-Tsetlin-Machines/experiments/results_minority/I_x_III/rule40_vs_rule60/lag_hamming.png,/Users/amrkandil/github_repos/thesis/Distributed-Tsetlin-Machines/experiments/results_minority/I_x_III/rule40_vs_rule60/metrics.json
40,90,I_x_III,cycle,84,0,7.070076972737315e-17,0.0,0.1529950248756219,0.028580994484302673,0.1463681592039801,coexist,,0.41492537313432837,0.5850746268656717,early,50,near_cycle,4,/Users/amrkandil/github_repos/thesis/Distributed-Tsetlin-Machines/experiments/results_minority/I_x_III/rule40_vs_rule90/hamming_distance.png,/Users/amrkandil/github_repos/thesis/Distributed-Tsetlin-Machines/experiments/results_minority/I_x_III/rule40_vs_rule90/lag_hamming.png,/Users/amrkandil/github_repos/thesis/Distributed-Tsetlin-Machines/experiments/results_minority/I_x_III/rule40_vs_rule90/metrics.json
40,105,I_x_III,near_cycle,12,0,0.11738224046860811,0.11738224046860811,0.4602985074626865,0.022520119082083057,0.45973880597014927,coexist,,0.4382089552238806,0.5617910447761194,late,250,near_cycle,12,/Users/amrkandil/github_repos/thesis/Distributed-Tsetlin-Machines/experiments/results_minority/I_x_III/rule40_vs_rule105/hamming_distance.png,/Users/amrkandil/github_repos/thesis/Distributed-Tsetlin-Machines/experiments/results_minority/I_x_III/rule40_vs_rule105/lag_hamming.png,/Users/amrkandil/github_repos/thesis/Distributed-Tsetlin-Machines/experiments/results_minority/I_x_III/rule40_vs_rule105/metrics.json
40,122,I_x_III,near_cycle,2,0,0.020673574483472706,0.020673574483472363,0.4884378109452736,0.023229635169331547,0.48368159203980093,coexist,,0.34432835820895524,0.6556716417910448,late,150,cycle,16,/Users/amrkandil/github_repos/thesis/Distributed-Tsetlin-Machines/experiments/results_minority/I_x_III/rule40_vs_rule122/hamming_distance.png,/Users/amrkandil/github_repos/thesis/Distributed-Tsetlin-Machines/experiments/results_minority/I_x_III/rule40_vs_rule122/lag_hamming.png,/Users/amrkandil/github_repos/thesis/Distributed-Tsetlin-Machines/experiments/results_minority/I_x_III/rule40_vs_rule122/metrics.json
40,126,I_x_III,aperiodic,,,0.22510224677325127,0.2251022467732512,0.4610049751243781,0.04725052343678713,0.464726368159204,coexist,,0.5267661691542288,0.47323383084577114,never,,aperiodic,,/Users/amrkandil/github_repos/thesis/Distributed-Tsetlin-Machines/experiments/results_minority/I_x_III/rule40_vs_rule126/hamming_distance.png,/Users/amrkandil/github_repos/thesis/Distributed-Tsetlin-Machines/experiments/results_minority/I_x_III/rule40_vs_rule126/lag_hamming.png,/Users/amrkandil/github_repos/thesis/Distributed-Tsetlin-Machines/experiments/results_minority/I_x_III/rule40_vs_rule126/metrics.json
40,146,I_x_III,cycle,42,0,7.070076972737315e-17,0.0,0.11718407960199005,0.027658776108934434,0.11370646766169155,coexist,,0.43502487562189057,0.5649751243781095,early,50,cycle,42,/Users/amrkandil/github_repos/thesis/Distributed-Tsetlin-Machines/experiments/results_minority/I_x_III/rule40_vs_rule146/hamming_distance.png,/Users/amrkandil/github_repos/thesis/Distributed-Tsetlin-Machines/experiments/results_minority/I_x_III/rule40_vs_rule146/lag_hamming.png,/Users/amrkandil/github_repos/thesis/Distributed-Tsetlin-Machines/experiments/results_minority/I_x_III/rule40_vs_rule146/metrics.json
40,150,I_x_III,near_cycle,16,0,0.17966014085417079,0.1796601408541707,0.48798009950248755,0.0582656831201666,0.5011691542288558,coexist,,0.46437810945273633,0.5356218905472637,late,334,near_cycle,16,/Users/amrkandil/github_repos/thesis/Distributed-Tsetlin-Machines/experiments/results_minority/I_x_III/rule40_vs_rule150/hamming_distance.png,/Users/amrkandil/github_repos/thesis/Distributed-Tsetlin-Machines/experiments/results_minority/I_x_III/rule40_vs_rule150/lag_hamming.png,/Users/amrkandil/github_repos/thesis/Distributed-Tsetlin-Machines/experiments/results_minority/I_x_III/rule40_vs_rule150/metrics.json
128,18,I_x_III,cycle,42,0,0.0,0.0,0.08877611940298508,0.026959328183479493,0.08383084577114427,coexist,,0.4475621890547264,0.5524378109452737,early,50,cycle,42,/Users/amrkandil/github_repos/thesis/Distributed-Tsetlin-Machines/experiments/results_minority/I_x_III/rule128_vs_rule18/hamming_distance.png,/Users/amrkandil/github_repos/thesis/Distributed-Tsetlin-Machines/experiments/results_minority/I_x_III/rule128_vs_rule18/lag_hamming.png,/Users/amrkandil/github_repos/thesis/Distributed-Tsetlin-Machines/experiments/results_minority/I_x_III/rule128_vs_rule18/metrics.json
128,22,I_x_III,near_cycle,12,0,0.05645295374029577,0.05645295374029595,0.1287363184079602,0.02837854904657672,0.1273134328358209,coexist,,0.47696517412935324,0.5230348258706468,early,50,near_cycle,12,/Users/amrkandil/github_repos/thesis/Distributed-Tsetlin-Machines/experiments/results_minority/I_x_III/rule128_vs_rule22/hamming_distance.png,/Users/amrkandil/github_repos/thesis/Distributed-Tsetlin-Machines/experiments/results_minority/I_x_III/rule128_vs_rule22/lag_hamming.png,/Users/amrkandil/github_repos/thesis/Distributed-Tsetlin-Machines/experiments/results_minority/I_x_III/rule128_vs_rule22/metrics.json
128,30,I_x_III,near_cycle,6,0,0.10324327728446363,0.10324327728446375,0.21350248756218906,0.02376558331752072,0.21215174129353234,coexist,,0.4671641791044776,0.5328358208955224,early,100,near_cycle,6,/Users/amrkandil/github_repos/thesis/Distributed-Tsetlin-Machines/experiments/results_minority/I_x_III/rule128_vs_rule30/hamming_distance.png,/Users/amrkandil/github_repos/thesis/Distributed-Tsetlin-Machines/experiments/results_minority/I_x_III/rule128_vs_rule30/lag_hamming.png,/Users/amrkandil/github_repos/thesis/Distributed-Tsetlin-Machines/experiments/results_minority/I_x_III/rule128_vs_rule30/metrics.json
128,45,I_x_III,cycle,4,0,7.070076972737315e-17,0.0,0.06613930348258708,0.020486136533146064,0.06467661691542288,coexist,,0.40671641791044777,0.5932835820895522,early,50,cycle,4,/Users/amrkandil/github_repos/thesis/Distributed-Tsetlin-Machines/experiments/results_minority/I_x_III/rule128_vs_rule45/hamming_distance.png,/Users/amrkandil/github_repos/thesis/Distributed-Tsetlin-Machines/experiments/results_minority/I_x_III/rule128_vs_rule45/lag_hamming.png,/Users/amrkandil/github_repos/thesis/Distributed-Tsetlin-Machines/experiments/results_minority/I_x_III/rule128_vs_rule45/metrics.json
128,60,I_x_III,cycle,2,0,0.0,0.0,0.1402985074626866,0.013729901142814199,0.1393034825870647,coexist,,0.4601990049751244,0.5398009950248757,early,50,cycle,2,/Users/amrkandil/github_repos/thesis/Distributed-Tsetlin-Machines/experiments/results_minority/I_x_III/rule128_vs_rule60/hamming_distance.png,/Users/amrkandil/github_repos/thesis/Distributed-Tsetlin-Machines/experiments/results_minority/I_x_III/rule128_vs_rule60/lag_hamming.png,/Users/amrkandil/github_repos/thesis/Distributed-Tsetlin-Machines/experiments/results_minority/I_x_III/rule128_vs_rule60/metrics.json
128,90,I_x_III,cycle,42,0,0.0,0.0,0.12175124378109453,0.022555052160457126,0.11747512437810943,coexist,,0.42950248756218906,0.570497512437811,early,50,cycle,42,/Users/amrkandil/github_repos/thesis/Distributed-Tsetlin-Machines/experiments/results_minority/I_x_III/rule128_vs_rule90/hamming_distance.png,/Users/amrkandil/github_repos/thesis/Distributed-Tsetlin-Machines/experiments/results_minority/I_x_III/rule128_vs_rule90/lag_hamming.png,/Users/amrkandil/github_repos/thesis/Distributed-Tsetlin-Machines/experiments/results_minority/I_x_III/rule128_vs_rule90/metrics.json
128,105,I_x_III,cycle,4,0,2.1210230918211945e-16,0.0,0.49286567164179096,0.01763865360332516,0.49502487562189046,coexist,,0.4228855721393035,0.5771144278606966,early,50,cycle,4,/Users/amrkandil/github_repos/thesis/Distributed-Tsetlin-Machines/experiments/results_minority/I_x_III/rule128_vs_rule105/hamming_distance.png,/Users/amrkandil/github_repos/thesis/Distributed-Tsetlin-Machines/experiments/results_minority/I_x_III/rule128_vs_rule105/lag_hamming.png,/Users/amrkandil/github_repos/thesis/Distributed-Tsetlin-Machines/experiments/results_minority/I_x_III/rule128_vs_rule105/metrics.json
128,122,I_x_III,cycle,2,0,0.0,0.0,0.464497512437811,0.01925797580068589,0.46766169154228865,coexist,,0.30597014925373134,0.6940298507462687,early,50,cycle,2,/Users/amrkandil/github_repos/thesis/Distributed-Tsetlin-Machines/experiments/results_minority/I_x_III/rule128_vs_rule122/hamming_distance.png,/Users/amrkandil/github_repos/thesis/Distributed-Tsetlin-Machines/experiments/results_minority/I_x_III/rule128_vs_rule122/lag_hamming.png,/Users/amrkandil/github_repos/thesis/Distributed-Tsetlin-Machines/experiments/results_minority/I_x_III/rule128_vs_rule122/metrics.json
128,126,I_x_III,cycle,8,0,0.0,0.0,0.17114427860696516,0.01777171253680771,0.16915422885572134,coexist,,0.46751243781094526,0.5324875621890547,early,50,cycle,8,/Users/amrkandil/github_repos/thesis/Distributed-Tsetlin-Machines/experiments/results_minority/I_x_III/rule128_vs_rule126/hamming_distance.png,/Users/amrkandil/github_repos/thesis/Distributed-Tsetlin-Machines/experiments/results_minority/I_x_III/rule128_vs_rule126/lag_hamming.png,/Users/amrkandil/github_repos/thesis/Distributed-Tsetlin-Machines/experiments/results_minority/I_x_III/rule128_vs_rule126/metrics.json
128,146,I_x_III,cycle,84,0,0.0,0.0,0.12551243781094526,0.019632534224829624,0.12197761194029848,coexist,,0.4235323383084577,0.5764676616915423,late,250,near_cycle,6,/Users/amrkandil/github_repos/thesis/Distributed-Tsetlin-Machines/experiments/results_minority/I_x_III/rule128_vs_rule146/hamming_distance.png,/Users/amrkandil/github_repos/thesis/Distributed-Tsetlin-Machines/experiments/results_minority/I_x_III/rule128_vs_rule146/lag_hamming.png,/Users/amrkandil/github_repos/thesis/Distributed-Tsetlin-Machines/experiments/results_minority/I_x_III/rule128_vs_rule146/metrics.json
128,150,I_x_III,near_cycle,4,0,0.052370389864280886,0.05237038986428061,0.14253731343283582,0.03272085255197253,0.13152985074626866,coexist,,0.46756218905472635,0.5324378109452736,late,250,cycle,12,/Users/amrkandil/github_repos/thesis/Distributed-Tsetlin-Machines/experiments/results_minority/I_x_III/rule128_vs_rule150/hamming_distance.png,/Users/amrkandil/github_repos/thesis/Distributed-Tsetlin-Machines/experiments/results_minority/I_x_III/rule128_vs_rule150/lag_hamming.png,/Users/amrkandil/github_repos/thesis/Distributed-Tsetlin-Machines/experiments/results_minority/I_x_III/rule128_vs_rule150/metrics.json
136,18,I_x_III,cycle,42,0,0.0,0.0,0.08450746268656716,0.025665954478194464,0.08052238805970148,coexist,,0.4507960199004975,0.5492039800995024,early,50,cycle,42,/Users/amrkandil/github_repos/thesis/Distributed-Tsetlin-Machines/experiments/results_minority/I_x_III/rule136_vs_rule18/hamming_distance.png,/Users/amrkandil/github_repos/thesis/Distributed-Tsetlin-Machines/experiments/results_minority/I_x_III/rule136_vs_rule18/lag_hamming.png,/Users/amrkandil/github_repos/thesis/Distributed-Tsetlin-Machines/experiments/results_minority/I_x_III/rule136_vs_rule18/metrics.json
136,22,I_x_III,near_cycle,4,0,0.13454139879945373,0.13454139879945362,0.35094527363184086,0.04080220800052827,0.36213930348258705,coexist,,0.47064676616915424,0.5293532338308458,late,150,near_cycle,4,/Users/amrkandil/github_repos/thesis/Distributed-Tsetlin-Machines/experiments/results_minority/I_x_III/rule136_vs_rule22/hamming_distance.png,/Users/amrkandil/github_repos/thesis/Distributed-Tsetlin-Machines/experiments/results_minority/I_x_III/rule136_vs_rule22/lag_hamming.png,/Users/amrkandil/github_repos/thesis/Distributed-Tsetlin-Machines/experiments/results_minority/I_x_III/rule136_vs_rule22/metrics.json
136,30,I_x_III,cycle,12,0,2.1210230918211945e-16,0.0,0.19584079601990048,0.022189001182364058,0.19157960199004975,coexist,,0.42651741293532336,0.5734825870646766,early,50,cycle,12,/Users/amrkandil/github_repos/thesis/Distributed-Tsetlin-Machines/experiments/results_minority/I_x_III/rule136_vs_rule30/hamming_distance.png,/Users/amrkandil/github_repos/thesis/Distributed-Tsetlin-Machines/experiments/results_minority/I_x_III/rule136_vs_rule30/lag_hamming.png,/Users/amrkandil/github_repos/thesis/Distributed-Tsetlin-Machines/experiments/results_minority/I_x_III/rule136_vs_rule30/metrics.json
136,45,I_x_III,cycle,4,0,4.949053880916121e-16,0.0,0.06586069651741291,0.019537330536006106,0.06467661691542288,coexist,,0.39800995024875624,0.6019900497512438,early,50,cycle,4,/Users/amrkandil/github_repos/thesis/Distributed-Tsetlin-Machines/experiments/results_minority/I_x_III/rule136_vs_rule45/hamming_distance.png,/Users/amrkandil/github_repos/thesis/Distributed-Tsetlin-Machines/experiments/results_minority/I_x_III/rule136_vs_rule45/lag_hamming.png,/Users/amrkandil/github_repos/thesis/Distributed-Tsetlin-Machines/experiments/results_minority/I_x_III/rule136_vs_rule45/metrics.json
136,60,I_x_III,cycle,2,0,2.1210230918211945e-16,0.0,0.1549950248756219,0.011127256901070555,0.15422885572139303,coexist,,0.4601990049751244,0.5398009950248757,early,50,cycle,2,/Users/amrkandil/github_repos/thesis/Distributed-Tsetlin-Machines/experiments/results_minority/I_x_III/rule136_vs_rule60/hamming_distance.png,/Users/amrkandil/github_repos/thesis/Distributed-Tsetlin-Machines/experiments/results_minority/I_x_III/rule136_vs_rule60/lag_hamming.png,/Users/amrkandil/github_repos/thesis/Distributed-Tsetlin-Machines/experiments/results_minority/I_x_III/rule136_vs_rule60/metrics.json
136,90,I_x_III,cycle,42,0,3.535038486368658e-16,0.0,0.11450746268656717,0.020805149273227536,0.1103731343283582,coexist,,0.43587064676616916,0.5641293532338308,early,50,cycle,42,/Users/amrkandil/github_repos/thesis/Distributed-Tsetlin-Machines/experiments/results_minority/I_x_III/rule136_vs_rule90/hamming_distance.png,/Users/amrkandil/github_repos/thesis/Distributed-Tsetlin-Machines/experiments/results_minority/I_x_III/rule136_vs_rule90/lag_hamming.png,/Users/amrkandil/github_repos/thesis/Distributed-Tsetlin-Machines/experiments/results_minority/I_x_III/rule136_vs_rule90/metrics.json
136,105,I_x_III,cycle,12,0,2.1210230918211945e-16,0.0,0.4401194029850746,0.022550381152137554,0.44361940298507463,coexist,,0.3755223880597015,0.6244776119402985,early,50,cycle,12,/Users/amrkandil/github_repos/thesis/Distributed-Tsetlin-Machines/experiments/results_minority/I_x_III/rule136_vs_rule105/hamming_distance.png,/Users/amrkandil/github_repos/thesis/Distributed-Tsetlin-Machines/experiments/results_minority/I_x_III/rule136_vs_rule105/lag_hamming.png,/Users/amrkandil/github_repos/thesis/Distributed-Tsetlin-Machines/experiments/results_minority/I_x_III/rule136_vs_rule105/metrics.json
136,122,I_x_III,near_cycle,2,0,0.00012468983403771323,0.0001246898340378309,0.4519800995024876,0.016585079880175917,0.45272388059701485,coexist,,0.2810945273631841,0.7189054726368159,late,150,cycle,2,/Users/amrkandil/github_repos/thesis/Distributed-Tsetlin-Machines/experiments/results_minority/I_x_III/rule136_vs_rule122/hamming_distance.png,/Users/amrkandil/github_repos/thesis/Distributed-Tsetlin-Machines/experiments/results_minority/I_x_III/rule136_vs_rule122/lag_hamming.png,/Users/amrkandil/github_repos/thesis/Distributed-Tsetlin-Machines/experiments/results_minority/I_x_III/rule136_vs_rule122/metrics.json
136,126,I_x_III,cycle,84,0,0.0,0.0,0.18599004975124375,0.01592392995647685,0.1840422885572139,coexist,,0.4702487562189055,0.5297512437810945,early,100,near_cycle,2,/Users/amrkandil/github_repos/thesis/Distributed-Tsetlin-Machines/experiments/results_minority/I_x_III/rule136_vs_rule126/hamming_distance.png,/Users/amrkandil/github_repos/thesis/Distributed-Tsetlin-Machines/experiments/results_minority/I_x_III/rule136_vs_rule126/lag_hamming.png,/Users/amrkandil/github_repos/thesis/Distributed-Tsetlin-Machines/experiments/results_minority/I_x_III/rule136_vs_rule126/metrics.json
136,146,I_x_III,cycle,42,0,7.070076972737315e-17,0.0,0.09397014925373133,0.021957978458855328,0.09047263681592041,coexist,,0.44582089552238807,0.554179104477612,early,50,cycle,42,/Users/amrkandil/github_repos/thesis/Distributed-Tsetlin-Machines/experiments/results_minority/I_x_III/rule136_vs_rule146/hamming_distance.png,/Users/amrkandil/github_repos/thesis/Distributed-Tsetlin-Machines/experiments/results_minority/I_x_III/rule136_vs_rule146/lag_hamming.png,/Users/amrkandil/github_repos/thesis/Distributed-Tsetlin-Machines/experiments/results_minority/I_x_III/rule136_vs_rule146/metrics.json
136,150,I_x_III,near_cycle,4,0,0.07890020928105078,0.07890020928105067,0.3424975124378109,0.0319079810466582,0.34906716417910444,coexist,,0.4349751243781095,0.5650248756218905,late,334,cycle,24,/Users/amrkandil/github_repos/thesis/Distributed-Tsetlin-Machines/experiments/results_minority/I_x_III/rule136_vs_rule150/hamming_distance.png,/Users/amrkandil/github_repos/thesis/Distributed-Tsetlin-Machines/experiments/results_minority/I_x_III/rule136_vs_rule150/lag_hamming.png,/Users/amrkandil/github_repos/thesis/Distributed-Tsetlin-Machines/experiments/results_minority/I_x_III/rule136_vs_rule150/metrics.json
160,18,I_x_III,cycle,84,0,2.1210230918211945e-16,0.0,0.09208955223880597,0.0313021525907237,0.08715174129353233,coexist,,0.45169154228855724,0.5483084577114428,early,50,near_cycle,12,/Users/amrkandil/github_repos/thesis/Distributed-Tsetlin-Machines/experiments/results_minority/I_x_III/rule160_vs_rule18/hamming_distance.png,/Users/amrkandil/github_repos/thesis/Distributed-Tsetlin-Machines/experiments/results_minority/I_x_III/rule160_vs_rule18/lag_hamming.png,/Users/amrkandil/github_repos/thesis/Distributed-Tsetlin-Machines/experiments/results_minority/I_x_III/rule160_vs_rule18/metrics.json
160,22,I_x_III,near_cycle,24,0,0.06860920859891535,0.06860920859891524,0.1687761194029851,0.03499257329968756,0.16590796019900497,coexist,,0.4774129353233831,0.5225870646766169,late,300,near_cycle,24,/Users/amrkandil/github_repos/thesis/Distributed-Tsetlin-Machines/experiments/results_minority/I_x_III/rule160_vs_rule22/hamming_distance.png,/Users/amrkandil/github_repos/thesis/Distributed-Tsetlin-Machines/experiments/results_minority/I_x_III/rule160_vs_rule22/lag_hamming.png,/Users/amrkandil/github_repos/thesis/Distributed-Tsetlin-Machines/experiments/results_minority/I_x_III/rule160_vs_rule22/metrics.json
160,30,I_x_III,aperiodic,,,0.17216684742378077,0.17216684742378074,0.34174129353233834,0.04121070035460735,0.33590796019900504,coexist,,0.47318407960199005,0.52681592039801,never,,aperiodic,,/Users/amrkandil/github_repos/thesis/Distributed-Tsetlin-Machines/experiments/results_minority/I_x_III/rule160_vs_rule30/hamming_distance.png,/Users/amrkandil/github_repos/thesis/Distributed-Tsetlin-Machines/experiments/results_minority/I_x_III/rule160_vs_rule30/lag_hamming.png,/Users/amrkandil/github_repos/thesis/Distributed-Tsetlin-Machines/experiments/results_minority/I_x_III/rule160_vs_rule30/metrics.json
160,45,I_x_III,aperiodic,,,0.218329009862526,0.21832900986252615,0.2885671641791045,0.05454197701542428,0.27473880597014927,coexist,,0.36054726368159207,0.6394527363184079,never,,aperiodic,,/Users/amrkandil/github_repos/thesis/Distributed-Tsetlin-Machines/experiments/results_minority/I_x_III/rule160_vs_rule45/hamming_distance.png,/Users/amrkandil/github_repos/thesis/Distributed-Tsetlin-Machines/experiments/results_minority/I_x_III/rule160_vs_rule45/lag_hamming.png,/Users/amrkandil/github_repos/thesis/Distributed-Tsetlin-Machines/experiments/results_minority/I_x_III/rule160_vs_rule45/metrics.json
160,60,I_x_III,aperiodic,,,0.19193506153443315,0.1919350615344331,0.2363582089552239,0.03568448875983847,0.2328233830845771,coexist,,0.4182089552238806,0.5817910447761194,never,,aperiodic,,/Users/amrkandil/github_repos/thesis/Distributed-Tsetlin-Machines/experiments/results_minority/I_x_III/rule160_vs_rule60/hamming_distance.png,/Users/amrkandil/github_repos/thesis/Distributed-Tsetlin-Machines/experiments/results_minority/I_x_III/rule160_vs_rule60/lag_hamming.png,/Users/amrkandil/github_repos/thesis/Distributed-Tsetlin-Machines/experiments/results_minority/I_x_III/rule160_vs_rule60/metrics.json
160,90,I_x_III,cycle,14,0,2.1210230918211945e-16,0.0,0.092955223880597,0.027074983404762394,0.088818407960199,coexist,,0.45990049751243783,0.5400995024875622,early,50,cycle,14,/Users/amrkandil/github_repos/thesis/Distributed-Tsetlin-Machines/experiments/results_minority/I_x_III/rule160_vs_rule90/hamming_distance.png,/Users/amrkandil/github_repos/thesis/Distributed-Tsetlin-Machines/experiments/results_minority/I_x_III/rule160_vs_rule90/lag_hamming.png,/Users/amrkandil/github_repos/thesis/Distributed-Tsetlin-Machines/experiments/results_minority/I_x_III/rule160_vs_rule90/metrics.json
160,105,I_x_III,near_cycle,4,0,0.11095655225133783,0.11095655225133777,0.5207562189054726,0.041419939591427826,0.5225,coexist,,0.4554228855721393,0.5445771144278607,late,150,near_cycle,4,/Users/amrkandil/github_repos/thesis/Distributed-Tsetlin-Machines/experiments/results_minority/I_x_III/rule160_vs_rule105/hamming_distance.png,/Users/amrkandil/github_repos/thesis/Distributed-Tsetlin-Machines/experiments/results_minority/I_x_III/rule160_vs_rule105/lag_hamming.png,/Users/amrkandil/github_repos/thesis/Distributed-Tsetlin-Machines/experiments/results_minority/I_x_III/rule160_vs_rule105/metrics.json
160,122,I_x_III,cycle,2,0,2.1210230918211945e-16,0.0,0.5695721393034824,0.01609800188567728,0.5721393034825869,coexist,,0.3333333333333333,0.6666666666666666,early,50,cycle,2,/Users/amrkandil/github_repos/thesis/Distributed-Tsetlin-Machines/experiments/results_minority/I_x_III/rule160_vs_rule122/hamming_distance.png,/Users/amrkandil/github_repos/thesis/Distributed-Tsetlin-Machines/experiments/results_minority/I_x_III/rule160_vs_rule122/lag_hamming.png,/Users/amrkandil/github_repos/thesis/Distributed-Tsetlin-Machines/experiments/results_minority/I_x_III/rule160_vs_rule122/metrics.json
160,126,I_x_III,near_cycle,4,0,0.05816008120606054,0.05816008120606038,0.2680696517412935,0.05608359448234525,0.2538059701492537,coexist,,0.5046268656716418,0.4953731343283582,late,300,near_cycle,4,/Users/amrkandil/github_repos/thesis/Distributed-Tsetlin-Machines/experiments/results_minority/I_x_III/rule160_vs_rule126/hamming_distance.png,/Users/amrkandil/github_repos/thesis/Distributed-Tsetlin-Machines/experiments/results_minority/I_x_III/rule160_vs_rule126/lag_hamming.png,/Users/amrkandil/github_repos/thesis/Distributed-Tsetlin-Machines/experiments/results_minority/I_x_III/rule160_vs_rule126/metrics.json
160,146,I_x_III,cycle,84,0,2.1210230918211945e-16,0.0,0.09101492537313433,0.027171451289070444,0.08715174129353233,coexist,,0.45169154228855724,0.5483084577114428,early,50,near_cycle,12,/Users/amrkandil/github_repos/thesis/Distributed-Tsetlin-Machines/experiments/results_minority/I_x_III/rule160_vs_rule146/hamming_distance.png,/Users/amrkandil/github_repos/thesis/Distributed-Tsetlin-Machines/experiments/results_minority/I_x_III/rule160_vs_rule146/lag_hamming.png,/Users/amrkandil/github_repos/thesis/Distributed-Tsetlin-Machines/experiments/results_minority/I_x_III/rule160_vs_rule146/metrics.json
160,150,I_x_III,near_cycle,4,0,0.09249721167462434,0.09249721167462437,0.3416616915422886,0.034511632759446166,0.34235074626865675,coexist,,0.4729353233830846,0.5270646766169155,late,200,near_cycle,4,/Users/amrkandil/github_repos/thesis/Distributed-Tsetlin-Machines/experiments/results_minority/I_x_III/rule160_vs_rule150/hamming_distance.png,/Users/amrkandil/github_repos/thesis/Distributed-Tsetlin-Machines/experiments/results_minority/I_x_III/rule160_vs_rule150/lag_hamming.png,/Users/amrkandil/github_repos/thesis/Distributed-Tsetlin-Machines/experiments/results_minority/I_x_III/rule160_vs_rule150/metrics.json
168,18,I_x_III,cycle,28,0,0.0,0.0,0.047104477611940296,0.03426303396010174,0.04191542288557214,coexist,,0.4737313432835821,0.5262686567164179,early,50,cycle,28,/Users/amrkandil/github_repos/thesis/Distributed-Tsetlin-Machines/experiments/results_minority/I_x_III/rule168_vs_rule18/hamming_distance.png,/Users/amrkandil/github_repos/thesis/Distributed-Tsetlin-Machines/experiments/results_minority/I_x_III/rule168_vs_rule18/lag_hamming.png,/Users/amrkandil/github_repos/thesis/Distributed-Tsetlin-Machines/experiments/results_minority/I_x_III/rule168_vs_rule18/metrics.json
168,22,I_x_III,near_cycle,4,0,0.11738536536461275,0.1173853653646127,0.4504278606965174,0.040144261034641984,0.4596517412935323,coexist,,0.41054726368159206,0.589452736318408,late,200,cycle,8,/Users/amrkandil/github_repos/thesis/Distributed-Tsetlin-Machines/experiments/results_minority/I_x_III/rule168_vs_rule22/hamming_distance.png,/Users/amrkandil/github_repos/thesis/Distributed-Tsetlin-Machines/experiments/results_minority/I_x_III/rule168_vs_rule22/lag_hamming.png,/Users/amrkandil/github_repos/thesis/Distributed-Tsetlin-Machines/experiments/results_minority/I_x_III/rule168_vs_rule22/metrics.json
168,30,I_x_III,near_cycle,8,0,0.08428594938792044,0.08428594938792044,0.4360895522388059,0.027114329270896576,0.440547263681592,coexist,,0.45159203980099505,0.548407960199005,late,334,near_cycle,8,/Users/amrkandil/github_repos/thesis/Distributed-Tsetlin-Machines/experiments/results_minority/I_x_III/rule168_vs_rule30/hamming_distance.png,/Users/amrkandil/github_repos/thesis/Distributed-Tsetlin-Machines/experiments/results_minority/I_x_III/rule168_vs_rule30/lag_hamming.png,/Users/amrkandil/github_repos/thesis/Distributed-Tsetlin-Machines/experiments/results_minority/I_x_III/rule168_vs_rule30/metrics.json
168,45,I_x_III,aperiodic,,,0.3764884848938266,0.5817030137532887,0.4003482587064677,0.03570361536032832,0.40237562189054726,coexist,,0.4319402985074627,0.5680597014925373,never,,aperiodic,,/Users/amrkandil/github_repos/thesis/Distributed-Tsetlin-Machines/experiments/results_minority/I_x_III/rule168_vs_rule45/hamming_distance.png,/Users/amrkandil/github_repos/thesis/Distributed-Tsetlin-Machines/experiments/results_minority/I_x_III/rule168_vs_rule45/lag_hamming.png,/Users/amrkandil/github_repos/thesis/Distributed-Tsetlin-Machines/experiments/results_minority/I_x_III/rule168_vs_rule45/metrics.json
168,60,I_x_III,near_cycle,48,0,0.09868504502980856,0.09868504502980846,0.222318407960199,0.046739540423436816,0.20537313432835824,coexist,,0.427910447761194,0.572089552238806,late,200,near_cycle,48,/Users/amrkandil/github_repos/thesis/Distributed-Tsetlin-Machines/experiments/results_minority/I_x_III/rule168_vs_rule60/hamming_distance.png,/Users/amrkandil/github_repos/thesis/Distributed-Tsetlin-Machines/experiments/results_minority/I_x_III/rule168_vs_rule60/lag_hamming.png,/Users/amrkandil/github_repos/thesis/Distributed-Tsetlin-Machines/experiments/results_minority/I_x_III/rule168_vs_rule60/metrics.json
168,90,I_x_III,cycle,84,0,0.0,0.0,0.10540298507462686,0.03267691233103446,0.09712686567164179,coexist,,0.44159203980099504,0.558407960199005,late,200,near_cycle,12,/Users/amrkandil/github_repos/thesis/Distributed-Tsetlin-Machines/experiments/results_minority/I_x_III/rule168_vs_rule90/hamming_distance.png,/Users/amrkandil/github_repos/thesis/Distributed-Tsetlin-Machines/experiments/results_minority/I_x_III/rule168_vs_rule90/lag_hamming.png,/Users/amrkandil/github_repos/thesis/Distributed-Tsetlin-Machines/experiments/results_minority/I_x_III/rule168_vs_rule90/metrics.json
168,105,I_x_III,near_cycle,12,0,0.10261034160815463,0.1026103416081546,0.4401094527363184,0.024513057295466885,0.4382089552238806,coexist,,0.3964676616915423,0.6035323383084578,late,334,near_cycle,12,/Users/amrkandil/github_repos/thesis/Distributed-Tsetlin-Machines/experiments/results_minority/I_x_III/rule168_vs_rule105/hamming_distance.png,/Users/amrkandil/github_repos/thesis/Distributed-Tsetlin-Machines/experiments/results_minority/I_x_III/rule168_vs_rule105/lag_hamming.png,/Users/amrkandil/github_repos/thesis/Distributed-Tsetlin-Machines/experiments/results_minority/I_x_III/rule168_vs_rule105/metrics.json
168,122,I_x_III,near_cycle,1,1,0.15293532338308463,0.582910447761194,0.582407960199005,0.03480308565230261,0.5829104477611939,coexist,,0.45990049751243783,0.5400995024875622,early,0,near_cycle,1,/Users/amrkandil/github_repos/thesis/Distributed-Tsetlin-Machines/experiments/results_minority/I_x_III/rule168_vs_rule122/hamming_distance.png,/Users/amrkandil/github_repos/thesis/Distributed-Tsetlin-Machines/experiments/results_minority/I_x_III/rule168_vs_rule122/lag_hamming.png,/Users/amrkandil/github_repos/thesis/Distributed-Tsetlin-Machines/experiments/results_minority/I_x_III/rule168_vs_rule122/metrics.json
168,126,I_x_III,aperiodic,,,0.3252611940298507,0.42921641791044773,0.42842786069651745,0.03138392847557861,0.4292164179104478,coexist,,0.4949253731343284,0.5050746268656716,never,,aperiodic,,/Users/amrkandil/github_repos/thesis/Distributed-Tsetlin-Machines/experiments/results_minority/I_x_III/rule168_vs_rule126/hamming_distance.png,/Users/amrkandil/github_repos/thesis/Distributed-Tsetlin-Machines/experiments/results_minority/I_x_III/rule168_vs_rule126/lag_hamming.png,/Users/amrkandil/github_repos/thesis/Distributed-Tsetlin-Machines/experiments/results_minority/I_x_III/rule168_vs_rule126/metrics.json
168,146,I_x_III,cycle,28,0,2.1210230918211945e-16,0.0,0.06612935323383085,0.029034757671466217,0.06181592039800995,coexist,,0.46129353233830844,0.5387064676616915,early,50,cycle,28,/Users/amrkandil/github_repos/thesis/Distributed-Tsetlin-Machines/experiments/results_minority/I_x_III/rule168_vs_rule146/hamming_distance.png,/Users/amrkandil/github_repos/thesis/Distributed-Tsetlin-Machines/experiments/results_minority/I_x_III/rule168_vs_rule146/lag_hamming.png,/Users/amrkandil/github_repos/thesis/Distributed-Tsetlin-Machines/experiments/results_minority/I_x_III/rule168_vs_rule146/metrics.json
168,150,I_x_III,near_cycle,4,0,0.11713472937579099,0.11713472937579107,0.4649353233830846,0.042931517215404516,0.47317164179104476,coexist,,0.4146268656716418,0.5853731343283582,late,150,cycle,24,/Users/amrkandil/github_repos/thesis/Distributed-Tsetlin-Machines/experiments/results_minority/I_x_III/rule168_vs_rule150/hamming_distance.png,/Users/amrkandil/github_repos/thesis/Distributed-Tsetlin-Machines/experiments/results_minority/I_x_III/rule168_vs_rule150/lag_hamming.png,/Users/amrkandil/github_repos/thesis/Distributed-Tsetlin-Machines/experiments/results_minority/I_x_III/rule168_vs_rule150/metrics.json
0,41,I_x_IV,cycle,2,0,0.0,0.0,0.5263781094527366,0.012152749261830645,0.5273631840796021,coexist,,0.43034825870646765,0.5696517412935324,early,50,cycle,2,/Users/amrkandil/github_repos/thesis/Distributed-Tsetlin-Machines/experiments/results_minority/I_x_IV/rule0_vs_rule41/hamming_distance.png,/Users/amrkandil/github_repos/thesis/Distributed-Tsetlin-Machines/experiments/results_minority/I_x_IV/rule0_vs_rule41/lag_hamming.png,/Users/amrkandil/github_repos/thesis/Distributed-Tsetlin-Machines/experiments/results_minority/I_x_IV/rule0_vs_rule41/metrics.json
0,54,I_x_IV,cycle,84,0,7.070076972737315e-17,0.0,0.08805970149253732,0.0381336062605868,0.08444029850746268,coexist,,0.4853233830845771,0.5146766169154229,early,50,near_cycle,4,/Users/amrkandil/github_repos/thesis/Distributed-Tsetlin-Machines/experiments/results_minority/I_x_IV/rule0_vs_rule54/hamming_distance.png,/Users/amrkandil/github_repos/thesis/Distributed-Tsetlin-Machines/experiments/results_minority/I_x_IV/rule0_vs_rule54/lag_hamming.png,/Users/amrkandil/github_repos/thesis/Distributed-Tsetlin-Machines/experiments/results_minority/I_x_IV/rule0_vs_rule54/metrics.json
0,106,I_x_IV,fixed,1,0,0.0,0.0,0.002189054726368159,0.025206947715134747,0.0,coexist,,0.5,0.5,early,50,fixed,1,/Users/amrkandil/github_repos/thesis/Distributed-Tsetlin-Machines/experiments/results_minority/I_x_IV/rule0_vs_rule106/hamming_distance.png,/Users/amrkandil/github_repos/thesis/Distributed-Tsetlin-Machines/experiments/results_minority/I_x_IV/rule0_vs_rule106/lag_hamming.png,/Users/amrkandil/github_repos/thesis/Distributed-Tsetlin-Machines/experiments/results_minority/I_x_IV/rule0_vs_rule106/metrics.json
0,110,I_x_IV,cycle,6,0,2.1210230918211945e-16,0.0,0.12774129353233832,0.016294594929462027,0.12769900497512437,coexist,,0.44865671641791044,0.5513432835820895,early,50,cycle,6,/Users/amrkandil/github_repos/thesis/Distributed-Tsetlin-Machines/experiments/results_minority/I_x_IV/rule0_vs_rule110/hamming_distance.png,/Users/amrkandil/github_repos/thesis/Distributed-Tsetlin-Machines/experiments/results_minority/I_x_IV/rule0_vs_rule110/lag_hamming.png,/Users/amrkandil/github_repos/thesis/Distributed-Tsetlin-Machines/experiments/results_minority/I_x_IV/rule0_vs_rule110/metrics.json
8,41,I_x_IV,cycle,60,0,7.070076972737315e-17,0.0,0.4612537313432836,0.013383968603475663,0.4623258706467662,coexist,,0.3927860696517413,0.6072139303482587,late,300,near_cycle,2,/Users/amrkandil/github_repos/thesis/Distributed-Tsetlin-Machines/experiments/results_minority/I_x_IV/rule8_vs_rule41/hamming_distance.png,/Users/amrkandil/github_repos/thesis/Distributed-Tsetlin-Machines/experiments/results_minority/I_x_IV/rule8_vs_rule41/lag_hamming.png,/Users/amrkandil/github_repos/thesis/Distributed-Tsetlin-Machines/experiments/results_minority/I_x_IV/rule8_vs_rule41/metrics.json
8,54,I_x_IV,aperiodic,,,0.26106965174129365,0.30276119402985074,0.29279601990049753,0.054296387728406545,0.30276119402985074,coexist,,0.4652238805970149,0.5347761194029851,never,,aperiodic,,/Users/amrkandil/github_repos/thesis/Distributed-Tsetlin-Machines/experiments/results_minority/I_x_IV/rule8_vs_rule54/hamming_distance.png,/Users/amrkandil/github_repos/thesis/Distributed-Tsetlin-Machines/experiments/results_minority/I_x_IV/rule8_vs_rule54/lag_hamming.png,/Users/amrkandil/github_repos/thesis/Distributed-Tsetlin-Machines/experiments/results_minority/I_x_IV/rule8_vs_rule54/metrics.json
8,106,I_x_IV,fixed,1,0,0.0,0.0,0.00254726368159204,0.02441253331542349,0.0,coexist,,0.5,0.5,early,50,fixed,1,/Users/amrkandil/github_repos/thesis/Distributed-Tsetlin-Machines/experiments/results_minority/I_x_IV/rule8_vs_rule106/hamming_distance.png,/Users/amrkandil/github_repos/thesis/Distributed-Tsetlin-Machines/experiments/results_minority/I_x_IV/rule8_vs_rule106/lag_hamming.png,/Users/amrkandil/github_repos/thesis/Distributed-Tsetlin-Machines/experiments/results_minority/I_x_IV/rule8_vs_rule106/metrics.json
8,110,I_x_IV,near_cycle,24,0,0.035472504849756455,0.035472504849756524,0.206318407960199,0.029932351142364002,0.21309701492537314,coexist,,0.42014925373134326,0.5798507462686567,late,200,near_cycle,24,/Users/amrkandil/github_repos/thesis/Distributed-Tsetlin-Machines/experiments/results_minority/I_x_IV/rule8_vs_rule110/hamming_distance.png,/Users/amrkandil/github_repos/thesis/Distributed-Tsetlin-Machines/experiments/results_minority/I_x_IV/rule8_vs_rule110/lag_hamming.png,/Users/amrkandil/github_repos/thesis/Distributed-Tsetlin-Machines/experiments/results_minority/I_x_IV/rule8_vs_rule110/metrics.json
32,41,I_x_IV,cycle,24,0,0.0,0.0,0.5883880597014924,0.01808048363616446,0.5903731343283581,coexist,,0.4562686567164179,0.5437313432835821,early,100,cycle,24,/Users/amrkandil/github_repos/thesis/Distributed-Tsetlin-Machines/experiments/results_minority/I_x_IV/rule32_vs_rule41/hamming_distance.png,/Users/amrkandil/github_repos/thesis/Distributed-Tsetlin-Machines/experiments/results_minority/I_x_IV/rule32_vs_rule41/lag_hamming.png,/Users/amrkandil/github_repos/thesis/Distributed-Tsetlin-Machines/experiments/results_minority/I_x_IV/rule32_vs_rule41/metrics.json
32,54,I_x_IV,cycle,84,0,2.1210230918211945e-16,0.0,0.12387064676616916,0.033482105072931846,0.1220771144278607,coexist,,0.48587064676616915,0.5141293532338308,late,150,near_cycle,28,/Users/amrkandil/github_repos/thesis/Distributed-Tsetlin-Machines/experiments/results_minority/I_x_IV/rule32_vs_rule54/hamming_distance.png,/Users/amrkandil/github_repos/thesis/Distributed-Tsetlin-Machines/experiments/results_minority/I_x_IV/rule32_vs_rule54/lag_hamming.png,/Users/amrkandil/github_repos/thesis/Distributed-Tsetlin-Machines/experiments/results_minority/I_x_IV/rule32_vs_rule54/metrics.json
32,106,I_x_IV,fixed,1,0,0.0,0.0,0.003383084577114428,0.03255176394920172,0.0,coexist,,0.5,0.5,early,50,fixed,1,/Users/amrkandil/github_repos/thesis/Distributed-Tsetlin-Machines/experiments/results_minority/I_x_IV/rule32_vs_rule106/hamming_distance.png,/Users/amrkandil/github_repos/thesis/Distributed-Tsetlin-Machines/experiments/results_minority/I_x_IV/rule32_vs_rule106/lag_hamming.png,/Users/amrkandil/github_repos/thesis/Distributed-Tsetlin-Machines/experiments/results_minority/I_x_IV/rule32_vs_rule106/metrics.json
32,110,I_x_IV,near_cycle,4,0,0.10841259696479809,0.10841259696479817,0.22728358208955224,0.02974281649060396,0.2275995024875622,coexist,,0.4355223880597015,0.5644776119402986,early,50,near_cycle,4,/Users/amrkandil/github_repos/thesis/Distributed-Tsetlin-Machines/experiments/results_minority/I_x_IV/rule32_vs_rule110/hamming_distance.png,/Users/amrkandil/github_repos/thesis/Distributed-Tsetlin-Machines/experiments/results_minority/I_x_IV/rule32_vs_rule110/lag_hamming.png,/Users/amrkandil/github_repos/thesis/Distributed-Tsetlin-Machines/experiments/results_minority/I_x_IV/rule32_vs_rule110/metrics.json
40,41,I_x_IV,near_cycle,20,0,0.16336950418511118,0.1633695041851112,0.4768955223880597,0.02653158032115245,0.47402985074626863,coexist,,0.4815422885572139,0.5184577114427861,late,334,near_cycle,12,/Users/amrkandil/github_repos/thesis/Distributed-Tsetlin-Machines/experiments/results_minority/I_x_IV/rule40_vs_rule41/hamming_distance.png,/Users/amrkandil/github_repos/thesis/Distributed-Tsetlin-Machines/experiments/results_minority/I_x_IV/rule40_vs_rule41/lag_hamming.png,/Users/amrkandil/github_repos/thesis/Distributed-Tsetlin-Machines/experiments/results_minority/I_x_IV/rule40_vs_rule41/metrics.json
40,54,I_x_IV,aperiodic,,,0.2222442165828682,0.22224421658286816,0.43703482587064674,0.06386704650069597,0.44845771144278607,coexist,,0.4456716417910448,0.5543283582089552,late,334,near_cycle,24,/Users/amrkandil/github_repos/thesis/Distributed-Tsetlin-Machines/experiments/results_minority/I_x_IV/rule40_vs_rule54/hamming_distance.png,/Users/amrkandil/github_repos/thesis/Distributed-Tsetlin-Machines/experiments/results_minority/I_x_IV/rule40_vs_rule54/lag_hamming.png,/Users/amrkandil/github_repos/thesis/Distributed-Tsetlin-Machines/experiments/results_minority/I_x_IV/rule40_vs_rule54/metrics.json
40,106,I_x_IV,fixed,1,0,0.0,0.0,0.003980099502487562,0.03168025447812748,0.0,coexist,,0.5,0.5,early,50,fixed,1,/Users/amrkandil/github_repos/thesis/Distributed-Tsetlin-Machines/experiments/results_minority/I_x_IV/rule40_vs_rule106/hamming_distance.png,/Users/amrkandil/github_repos/thesis/Distributed-Tsetlin-Machines/experiments/results_minority/I_x_IV/rule40_vs_rule106/lag_hamming.png,/Users/amrkandil/github_repos/thesis/Distributed-Tsetlin-Machines/experiments/results_minority/I_x_IV/rule40_vs_rule106/metrics.json
40,110,I_x_IV,near_cycle,1,1,0.0897388059701493,0.11680348258706467,0.13268656716417912,0.045994775984194027,0.11680348258706466,coexist,,0.4944776119402985,0.5055223880597015,late,334,near_cycle,1,/Users/amrkandil/github_repos/thesis/Distributed-Tsetlin-Machines/experiments/results_minority/I_x_IV/rule40_vs_rule110/hamming_distance.png,/Users/amrkandil/github_repos/thesis/Distributed-Tsetlin-Machines/experiments/results_minority/I_x_IV/rule40_vs_rule110/lag_hamming.png,/Users/amrkandil/github_repos/thesis/Distributed-Tsetlin-Machines/experiments/results_minority/I_x_IV/rule40_vs_rule110/metrics.json
128,41,I_x_IV,cycle,4,0,0.0,0.0,0.5107960199004976,0.013175252841724886,0.5124378109452737,coexist,,0.43532338308457713,0.5646766169154229,early,50,cycle,4,/Users/amrkandil/github_repos/thesis/Distributed-Tsetlin-Machines/experiments/results_minority/I_x_IV/rule128_vs_rule41/hamming_distance.png,/Users/amrkandil/github_repos/thesis/Distributed-Tsetlin-Machines/experiments/results_minority/I_x_IV/rule128_vs_rule41/lag_hamming.png,/Users/amrkandil/github_repos/thesis/Distributed-Tsetlin-Machines/experiments/results_minority/I_x_IV/rule128_vs_rule41/metrics.json
128,54,I_x_IV,near_cycle,28,0,0.062435810225014224,0.06243581022501434,0.14507462686567163,0.03419123235988817,0.142773631840796,coexist,,0.477363184079602,0.522636815920398,early,50,near_cycle,28,/Users/amrkandil/github_repos/thesis/Distributed-Tsetlin-Machines/experiments/results_minority/I_x_IV/rule128_vs_rule54/hamming_distance.png,/Users/amrkandil/github_repos/thesis/Distributed-Tsetlin-Machines/experiments/results_minority/I_x_IV/rule128_vs_rule54/lag_hamming.png,/Users/amrkandil/github_repos/thesis/Distributed-Tsetlin-Machines/experiments/results_minority/I_x_IV/rule128_vs_rule54/metrics.json
128,106,I_x_IV,fixed,1,0,0.0,0.0,0.002447761194029851,0.024491530241856723,0.0,coexist,,0.5,0.5,early,50,fixed,1,/Users/amrkandil/github_repos/thesis/Distributed-Tsetlin-Machines/experiments/results_minority/I_x_IV/rule128_vs_rule106/hamming_distance.png,/Users/amrkandil/github_repos/thesis/Distributed-Tsetlin-Machines/experiments/results_minority/I_x_IV/rule128_vs_rule106/lag_hamming.png,/Users/amrkandil/github_repos/thesis/Distributed-Tsetlin-Machines/experiments/results_minority/I_x_IV/rule128_vs_rule106/metrics.json
128,110,I_x_IV,cycle,6,0,2.1210230918211945e-16,0.0,0.1165870646766169,0.014097824117058769,0.11609452736318407,coexist,,0.45432835820895523,0.5456716417910448,early,50,cycle,6,/Users/amrkandil/github_repos/thesis/Distributed-Tsetlin-Machines/experiments/results_minority/I_x_IV/rule128_vs_rule110/hamming_distance.png,/Users/amrkandil/github_repos/thesis/Distributed-Tsetlin-Machines/experiments/results_minority/I_x_IV/rule128_vs_rule110/lag_hamming.png,/Users/amrkandil/github_repos/thesis/Distributed-Tsetlin-Machines/experiments/results_minority/I_x_IV/rule128_vs_rule110/metrics.json
136,41,I_x_IV,cycle,72,0,0.0,0.0,0.44881592039801,0.014228382554843582,0.44970149253731345,coexist,,0.37721393034825873,0.6227860696517413,late,334,near_cycle,2,/Users/amrkandil/github_repos/thesis/Distributed-Tsetlin-Machines/experiments/results_minority/I_x_IV/rule136_vs_rule41/hamming_distance.png,/Users/amrkandil/github_repos/thesis/Distributed-Tsetlin-Machines/experiments/results_minority/I_x_IV/rule136_vs_rule41/lag_hamming.png,/Users/amrkandil/github_repos/thesis/Distributed-Tsetlin-Machines/experiments/results_minority/I_x_IV/rule136_vs_rule41/metrics.json
136,54,I_x_IV,aperiodic,,,0.25092039800995025,0.3011442786069652,0.29877611940298504,0.04351771865385089,0.30114427860696513,coexist,,0.4618407960199005,0.5381592039800995,never,,aperiodic,,/Users/amrkandil/github_repos/thesis/Distributed-Tsetlin-Machines/experiments/results_minority/I_x_IV/rule136_vs_rule54/hamming_distance.png,/Users/amrkandil/github_repos/thesis/Distributed-Tsetlin-Machines/experiments/results_minority/I_x_IV/rule136_vs_rule54/lag_hamming.png,/Users/amrkandil/github_repos/thesis/Distributed-Tsetlin-Machines/experiments/results_minority/I_x_IV/rule136_vs_rule54/metrics.json
136,106,I_x_IV,fixed,1,0,0.0,0.0,0.003243781094527363,0.024246214423869764,0.0,coexist,,0.5,0.5,early,50,fixed,1,/Users/amrkandil/github_repos/thesis/Distributed-Tsetlin-Machines/experiments/results_minority/I_x_IV/rule136_vs_rule106/hamming_distance.png,/Users/amrkandil/github_repos/thesis/Distributed-Tsetlin-Machines/experiments/results_minority/I_x_IV/rule136_vs_rule106/lag_hamming.png,/Users/amrkandil/github_repos/thesis/Distributed-Tsetlin-Machines/experiments/results_minority/I_x_IV/rule136_vs_rule106/metrics.json
136,110,I_x_IV,near_cycle,1,0,0.15833333333333335,0.15833333333333333,0.15992039800995025,0.02555261077517885,0.15833333333333333,coexist,,0.46124378109452735,0.5387562189054727,late,334,near_cycle,1,/Users/amrkandil/github_repos/thesis/Distributed-Tsetlin-Machines/experiments/results_minority/I_x_IV/rule136_vs_rule110/hamming_distance.png,/Users/amrkandil/github_repos/thesis/Distributed-Tsetlin-Machines/experiments/results_minority/I_x_IV/rule136_vs_rule110/lag_hamming.png,/Users/amrkandil/github_repos/thesis/Distributed-Tsetlin-Machines/experiments/results_minority/I_x_IV/rule136_vs_rule110/metrics.json
160,41,I_x_IV,near_cycle,4,0,0.0899783199869669,0.08997831998696693,0.5244776119402985,0.025791881627600013,0.5248383084577114,coexist,,0.4618905472636816,0.5381094527363184,late,150,near_cycle,4,/Users/amrkandil/github_repos/thesis/Distributed-Tsetlin-Machines/experiments/results_minority/I_x_IV/rule160_vs_rule41/hamming_distance.png,/Users/amrkandil/github_repos/thesis/Distributed-Tsetlin-Machines/experiments/results_minority/I_x_IV/rule160_vs_rule41/lag_hamming.png,/Users/amrkandil/github_repos/thesis/Distributed-Tsetlin-Machines/experiments/results_minority/I_x_IV/rule160_vs_rule41/metrics.json
160,54,I_x_IV,near_cycle,24,0,0.05999181809783978,0.05999181809783971,0.18466666666666662,0.044017924573072506,0.1725995024875622,coexist,,0.4854726368159204,0.5145273631840797,late,150,near_cycle,24,/Users/amrkandil/github_repos/thesis/Distributed-Tsetlin-Machines/experiments/results_minority/I_x_IV/rule160_vs_rule54/hamming_distance.png,/Users/amrkandil/github_repos/thesis/Distributed-Tsetlin-Machines/experiments/results_minority/I_x_IV/rule160_vs_rule54/lag_hamming.png,/Users/amrkandil/github_repos/thesis/Distributed-Tsetlin-Machines/experiments/results_minority/I_x_IV/rule160_vs_rule54/metrics.json
160,106,I_x_IV,fixed,1,0,0.0,0.0,0.004497512437810945,0.03654559352952942,0.0,coexist,,0.5,0.5,early,50,fixed,1,/Users/amrkandil/github_repos/thesis/Distributed-Tsetlin-Machines/experiments/results_minority/I_x_IV/rule160_vs_rule106/hamming_distance.png,/Users/amrkandil/github_repos/thesis/Distributed-Tsetlin-Machines/experiments/results_minority/I_x_IV/rule160_vs_rule106/lag_hamming.png,/Users/amrkandil/github_repos/thesis/Distributed-Tsetlin-Machines/experiments/results_minority/I_x_IV/rule160_vs_rule106/metrics.json
160,110,I_x_IV,cycle,2,0,7.070076972737315e-17,0.0,0.055034825870646766,0.038118075742674874,0.044776119402985086,coexist,,0.47761194029850745,0.5223880597014925,early,100,cycle,2,/Users/amrkandil/github_repos/thesis/Distributed-Tsetlin-Machines/experiments/results_minority/I_x_IV/rule160_vs_rule110/hamming_distance.png,/Users/amrkandil/github_repos/thesis/Distributed-Tsetlin-Machines/experiments/results_minority/I_x_IV/rule160_vs_rule110/lag_hamming.png,/Users/amrkandil/github_repos/thesis/Distributed-Tsetlin-Machines/experiments/results_minority/I_x_IV/rule160_vs_rule110/metrics.json
168,41,I_x_IV,near_cycle,4,0,0.1573868691805456,0.15738686918054565,0.4514626865671642,0.024233740453792372,0.4482960199004975,coexist,,0.43522388059701494,0.5647761194029851,late,334,near_cycle,4,/Users/amrkandil/github_repos/thesis/Distributed-Tsetlin-Machines/experiments/results_minority/I_x_IV/rule168_vs_rule41/hamming_distance.png,/Users/amrkandil/github_repos/thesis/Distributed-Tsetlin-Machines/experiments/results_minority/I_x_IV/rule168_vs_rule41/lag_hamming.png,/Users/amrkandil/github_repos/thesis/Distributed-Tsetlin-Machines/experiments/results_minority/I_x_IV/rule168_vs_rule41/metrics.json
168,54,I_x_IV,aperiodic,,,0.2738308457711443,0.46878109452736316,0.4637810945273632,0.0472284760213929,0.46878109452736316,coexist,,0.4500497512437811,0.5499502487562189,never,,aperiodic,,/Users/amrkandil/github_repos/thesis/Distributed-Tsetlin-Machines/experiments/results_minority/I_x_IV/rule168_vs_rule54/hamming_distance.png,/Users/amrkandil/github_repos/thesis/Distributed-Tsetlin-Machines/experiments/results_minority/I_x_IV/rule168_vs_rule54/lag_hamming.png,/Users/amrkandil/github_repos/thesis/Distributed-Tsetlin-Machines/experiments/results_minority/I_x_IV/rule168_vs_rule54/metrics.json
168,106,I_x_IV,fixed,1,0,0.0,0.0,0.006109452736318407,0.034402550153195655,0.0,coexist,,0.5,0.5,early,50,fixed,1,/Users/amrkandil/github_repos/thesis/Distributed-Tsetlin-Machines/experiments/results_minority/I_x_IV/rule168_vs_rule106/hamming_distance.png,/Users/amrkandil/github_repos/thesis/Distributed-Tsetlin-Machines/experiments/results_minority/I_x_IV/rule168_vs_rule106/lag_hamming.png,/Users/amrkandil/github_repos/thesis/Distributed-Tsetlin-Machines/experiments/results_minority/I_x_IV/rule168_vs_rule106/metrics.json
168,110,I_x_IV,aperiodic,,,0.23259950248756217,0.2706094527363184,0.26943283582089556,0.030994531352131684,0.2706094527363184,coexist,,0.4553233830845771,0.5446766169154229,late,334,near_cycle,16,/Users/amrkandil/github_repos/thesis/Distributed-Tsetlin-Machines/experiments/results_minority/I_x_IV/rule168_vs_rule110/hamming_distance.png,/Users/amrkandil/github_repos/thesis/Distributed-Tsetlin-Machines/experiments/results_minority/I_x_IV/rule168_vs_rule110/lag_hamming.png,/Users/amrkandil/github_repos/thesis/Distributed-Tsetlin-Machines/experiments/results_minority/I_x_IV/rule168_vs_rule110/metrics.json
1,18,II_x_III,cycle,120,0,7.070076972737315e-17,0.0,0.5713333333333332,0.025352521136214032,0.5696641791044776,coexist,,0.4539303482587065,0.5460696517412935,late,334,near_cycle,2,/Users/amrkandil/github_repos/thesis/Distributed-Tsetlin-Machines/experiments/results_minority/II_x_III/rule1_vs_rule18/hamming_distance.png,/Users/amrkandil/github_repos/thesis/Distributed-Tsetlin-Machines/experiments/results_minority/II_x_III/rule1_vs_rule18/lag_hamming.png,/Users/amrkandil/github_repos/thesis/Distributed-Tsetlin-Machines/experiments/results_minority/II_x_III/rule1_vs_rule18/metrics.json
1,22,II_x_III,cycle,72,0,7.070076972737315e-17,0.0,0.5259004975124378,0.01820077297609372,0.5257462686567165,coexist,,0.5063681592039802,0.4936318407960199,early,50,near_cycle,2,/Users/amrkandil/github_repos/thesis/Distributed-Tsetlin-Machines/experiments/results_minority/II_x_III/rule1_vs_rule22/hamming_distance.png,/Users/amrkandil/github_repos/thesis/Distributed-Tsetlin-Machines/experiments/results_minority/II_x_III/rule1_vs_rule22/lag_hamming.png,/Users/amrkandil/github_repos/thesis/Distributed-Tsetlin-Machines/experiments/results_minority/II_x_III/rule1_vs_rule22/metrics.json
1,30,II_x_III,cycle,24,0,2.1210230918211945e-16,0.0,0.3422388059701492,0.02159335805407954,0.3391293532338308,coexist,,0.49691542288557217,0.5030845771144279,early,100,cycle,24,/Users/amrkandil/github_repos/thesis/Distributed-Tsetlin-Machines/experiments/results_minority/II_x_III/rule1_vs_rule30/hamming_distance.png,/Users/amrkandil/github_repos/thesis/Distributed-Tsetlin-Machines/experiments/results_minority/II_x_III/rule1_vs_rule30/lag_hamming.png,/Users/amrkandil/github_repos/thesis/Distributed-Tsetlin-Machines/experiments/results_minority/II_x_III/rule1_vs_rule30/metrics.json
1,45,II_x_III,cycle,2,0,2.1210230918211945e-16,0.0,0.3072437810945273,0.023096831538934996,0.3034825870646766,coexist,,0.5049751243781094,0.49502487562189057,early,50,cycle,2,/Users/amrkandil/github_repos/thesis/Distributed-Tsetlin-Machines/experiments/results_minority/II_x_III/rule1_vs_rule45/hamming_distance.png,/Users/amrkandil/github_repos/thesis/Distributed-Tsetlin-Machines/experiments/results_minority/II_x_III/rule1_vs_rule45/lag_hamming.png,/Users/amrkandil/github_repos/thesis/Distributed-Tsetlin-Machines/experiments/results_minority/II_x_III/rule1_vs_rule45/metrics.json
1,60,II_x_III,cycle,2,0,0.0,0.0,0.22174129353233824,0.023605955972955096,0.21890547263681584,coexist,,0.527363184079602,0.472636815920398,early,50,cycle,2,/Users/amrkandil/github_repos/thesis/Distributed-Tsetlin-Machines/experiments/results_minority/II_x_III/rule1_vs_rule60/hamming_distance.png,/Users/amrkandil/github_repos/thesis/Distributed-Tsetlin-Machines/experiments/results_minority/II_x_III/rule1_vs_rule60/lag_hamming.png,/Users/amrkandil/github_repos/thesis/Distributed-Tsetlin-Machines/experiments/results_minority/II_x_III/rule1_vs_rule60/metrics.json
1,90,II_x_III,near_cycle,4,0,0.14866473676955286,0.14866473676955275,0.6352835820895523,0.03163535088877308,0.638594527363184,coexist,,0.31328358208955226,0.6867164179104478,late,334,near_cycle,4,/Users/amrkandil/github_repos/thesis/Distributed-Tsetlin-Machines/experiments/results_minority/II_x_III/rule1_vs_rule90/hamming_distance.png,/Users/amrkandil/github_repos/thesis/Distributed-Tsetlin-Machines/experiments/results_minority/II_x_III/rule1_vs_rule90/lag_hamming.png,/Users/amrkandil/github_repos/thesis/Distributed-Tsetlin-Machines/experiments/results_minority/II_x_III/rule1_vs_rule90/metrics.json
1,105,II_x_III,cycle,24,0,2.1210230918211945e-16,0.0,0.7414328358208956,0.0243604444069005,0.7463805970149253,coexist,,0.43208955223880596,0.567910447761194,early,50,cycle,24,/Users/amrkandil/github_repos/thesis/Distributed-Tsetlin-Machines/experiments/results_minority/II_x_III/rule1_vs_rule105/hamming_distance.png,/Users/amrkandil/github_repos/thesis/Distributed-Tsetlin-Machines/experiments/results_minority/II_x_III/rule1_vs_rule105/lag_hamming.png,/Users/amrkandil/github_repos/thesis/Distributed-Tsetlin-Machines/experiments/results_minority/II_x_III/rule1_vs_rule105/metrics.json
1,122,II_x_III,aperiodic,,,0.21015177278166136,0.2101517727816613,0.7956119402985076,0.0689939220738795,0.8100497512437812,coexist,,0.30592039800995025,0.6940796019900497,late,334,near_cycle,2,/Users/amrkandil/github_repos/thesis/Distributed-Tsetlin-Machines/experiments/results_minority/II_x_III/rule1_vs_rule122/hamming_distance.png,/Users/amrkandil/github_repos/thesis/Distributed-Tsetlin-Machines/experiments/results_minority/II_x_III/rule1_vs_rule122/lag_hamming.png,/Users/amrkandil/github_repos/thesis/Distributed-Tsetlin-Machines/experiments/results_minority/II_x_III/rule1_vs_rule122/metrics.json
1,126,II_x_III,cycle,4,0,4.949053880916121e-16,0.0,0.23403980099502492,0.020871957809615423,0.23134328358208955,coexist,,0.472636815920398,0.527363184079602,early,50,cycle,4,/Users/amrkandil/github_repos/thesis/Distributed-Tsetlin-Machines/experiments/results_minority/II_x_III/rule1_vs_rule126/hamming_distance.png,/Users/amrkandil/github_repos/thesis/Distributed-Tsetlin-Machines/experiments/results_minority/II_x_III/rule1_vs_rule126/lag_hamming.png,/Users/amrkandil/github_repos/thesis/Distributed-Tsetlin-Machines/experiments/results_minority/II_x_III/rule1_vs_rule126/metrics.json
1,146,II_x_III,cycle,12,0,0.0,0.0,0.538049751243781,0.026998976445244433,0.5365174129353234,coexist,,0.41865671641791047,0.5813432835820895,early,50,cycle,12,/Users/amrkandil/github_repos/thesis/Distributed-Tsetlin-Machines/experiments/results_minority/II_x_III/rule1_vs_rule146/hamming_distance.png,/Users/amrkandil/github_repos/thesis/Distributed-Tsetlin-Machines/experiments/results_minority/II_x_III/rule1_vs_rule146/lag_hamming.png,/Users/amrkandil/github_repos/thesis/Distributed-Tsetlin-Machines/experiments/results_minority/II_x_III/rule1_vs_rule146/metrics.json
1,150,II_x_III,near_cycle,2,0,0.13031334555293717,0.13031334555293708,0.4636218905472637,0.019905879869149615,0.463818407960199,coexist,,0.48681592039800997,0.5131840796019901,late,300,near_cycle,2,/Users/amrkandil/github_repos/thesis/Distributed-Tsetlin-Machines/experiments/results_minority/II_x_III/rule1_vs_rule150/hamming_distance.png,/Users/amrkandil/github_repos/thesis/Distributed-Tsetlin-Machines/experiments/results_minority/II_x_III/rule1_vs_rule150/lag_hamming.png,/Users/amrkandil/github_repos/thesis/Distributed-Tsetlin-Machines/experiments/results_minority/II_x_III/rule1_vs_rule150/metrics.json
2,18,II_x_III,near_cycle,96,0,0.041252752630291,0.04125275263029117,0.37992039800995026,0.03378673741511295,0.38337064676616917,coexist,,0.4462686567164179,0.5537313432835821,never,,aperiodic,,/Users/amrkandil/github_repos/thesis/Distributed-Tsetlin-Machines/experiments/results_minority/II_x_III/rule2_vs_rule18/hamming_distance.png,/Users/amrkandil/github_repos/thesis/Distributed-Tsetlin-Machines/experiments/results_minority/II_x_III/rule2_vs_rule18/lag_hamming.png,/Users/amrkandil/github_repos/thesis/Distributed-Tsetlin-Machines/experiments/results_minority/II_x_III/rule2_vs_rule18/metrics.json
2,22,II_x_III,aperiodic,,,0.3190671641791046,0.4482462686567164,0.44653731343283587,0.04957618055352076,0.44824626865671646,coexist,,0.48139303482587065,0.5186069651741294,never,,aperiodic,,/Users/amrkandil/github_repos/thesis/Distributed-Tsetlin-Machines/experiments/results_minority/II_x_III/rule2_vs_rule22/hamming_distance.png,/Users/amrkandil/github_repos/thesis/Distributed-Tsetlin-Machines/experiments/results_minority/II_x_III/rule2_vs_rule22/lag_hamming.png,/Users/amrkandil/github_repos/thesis/Distributed-Tsetlin-Machines/experiments/results_minority/II_x_III/rule2_vs_rule22/metrics.json
2,30,II_x_III,aperiodic,,,0.37863184079601986,0.47965174129353233,0.47635820895522385,0.04593968967837455,0.4796517412935324,coexist,,0.448955223880597,0.551044776119403,never,,aperiodic,,/Users/amrkandil/github_repos/thesis/Distributed-Tsetlin-Machines/experiments/results_minority/II_x_III/rule2_vs_rule30/hamming_distance.png,/Users/amrkandil/github_repos/thesis/Distributed-Tsetlin-Machines/experiments/results_minority/II_x_III/rule2_vs_rule30/lag_hamming.png,/Users/amrkandil/github_repos/thesis/Distributed-Tsetlin-Machines/experiments/results_minority/II_x_III/rule2_vs_rule30/metrics.json
2,45,II_x_III,near_cycle,6,0,0.1512941621008879,0.15129416210088797,0.5326666666666667,0.0273268161757804,0.5364179104477613,coexist,,0.4815422885572139,0.5184577114427861,late,150,near_cycle,6,/Users/amrkandil/github_repos/thesis/Distributed-Tsetlin-Machines/experiments/results_minority/II_x_III/rule2_vs_rule45/hamming_distance.png,/Users/amrkandil/github_repos/thesis/Distributed-Tsetlin-Machines/experiments/results_minority/II_x_III/rule2_vs_rule45/lag_hamming.png,/Users/amrkandil/github_repos/thesis/Distributed-Tsetlin-Machines/experiments/results_minority/II_x_III/rule2_vs_rule45/metrics.json
2,60,II_x_III,aperiodic,,,0.32154228855721406,0.35375621890547265,0.3463681592039801,0.05045659200285588,0.35375621890547265,coexist,,0.43532338308457713,0.5646766169154229,never,,aperiodic,,/Users/amrkandil/github_repos/thesis/Distributed-Tsetlin-Machines/experiments/results_minority/II_x_III/rule2_vs_rule60/hamming_distance.png,/Users/amrkandil/github_repos/thesis/Distributed-Tsetlin-Machines/experiments/results_minority/II_x_III/rule2_vs_rule60/lag_hamming.png,/Users/amrkandil/github_repos/thesis/Distributed-Tsetlin-Machines/experiments/results_minority/II_x_III/rule2_vs_rule60/metrics.json
2,90,II_x_III,near_cycle,48,0,0.04622778458979889,0.046227784589798884,0.41437810945273634,0.019709217541737215,0.41437810945273634,coexist,,0.4299004975124378,0.5700995024875621,late,334,near_cycle,48,/Users/amrkandil/github_repos/thesis/Distributed-Tsetlin-Machines/experiments/results_minority/II_x_III/rule2_vs_rule90/hamming_distance.png,/Users/amrkandil/github_repos/thesis/Distributed-Tsetlin-Machines/experiments/results_minority/II_x_III/rule2_vs_rule90/lag_hamming.png,/Users/amrkandil/github_repos/thesis/Distributed-Tsetlin-Machines/experiments/results_minority/II_x_III/rule2_vs_rule90/metrics.json
2,105,II_x_III,cycle,2,0,7.070076972737315e-17,0.0,0.532049751243781,0.010692045808367473,0.5323383084577114,coexist,,0.4502487562189055,0.5497512437810945,early,100,cycle,2,/Users/amrkandil/github_repos/thesis/Distributed-Tsetlin-Machines/experiments/results_minority/II_x_III/rule2_vs_rule105/hamming_distance.png,/Users/amrkandil/github_repos/thesis/Distributed-Tsetlin-Machines/experiments/results_minority/II_x_III/rule2_vs_rule105/lag_hamming.png,/Users/amrkandil/github_repos/thesis/Distributed-Tsetlin-Machines/experiments/results_minority/II_x_III/rule2_vs_rule105/metrics.json
2,122,II_x_III,cycle,12,0,0.0,0.0,0.8108855721393036,0.04648264217813781,0.8225746268656718,coexist,,0.27109452736318407,0.7289054726368159,early,100,cycle,12,/Users/amrkandil/github_repos/thesis/Distributed-Tsetlin-Machines/experiments/results_minority/II_x_III/rule2_vs_rule122/hamming_distance.png,/Users/amrkandil/github_repos/thesis/Distributed-Tsetlin-Machines/experiments/results_minority/II_x_III/rule2_vs_rule122/lag_hamming.png,/Users/amrkandil/github_repos/thesis/Distributed-Tsetlin-Machines/experiments/results_minority/II_x_III/rule2_vs_rule122/metrics.json
2,126,II_x_III,cycle,10,0,0.0,0.0,0.18629850746268659,0.027621164700056346,0.1810945273631841,coexist,,0.47512437810945274,0.5248756218905473,early,50,cycle,10,/Users/amrkandil/github_repos/thesis/Distributed-Tsetlin-Machines/experiments/results_minority/II_x_III/rule2_vs_rule126/hamming_distance.png,/Users/amrkandil/github_repos/thesis/Distributed-Tsetlin-Machines/experiments/results_minority/II_x_III/rule2_vs_rule126/lag_hamming.png,/Users/amrkandil/github_repos/thesis/Distributed-Tsetlin-Machines/experiments/results_minority/II_x_III/rule2_vs_rule126/metrics.json
2,146,II_x_III,near_cycle,48,0,0.07936239482474312,0.07936239482474314,0.3764179104477612,0.02471610546104815,0.3758457711442786,coexist,,0.44870646766169153,0.5512935323383085,late,334,near_cycle,32,/Users/amrkandil/github_repos/thesis/Distributed-Tsetlin-Machines/experiments/results_minority/II_x_III/rule2_vs_rule146/hamming_distance.png,/Users/amrkandil/github_repos/thesis/Distributed-Tsetlin-Machines/experiments/results_minority/II_x_III/rule2_vs_rule146/lag_hamming.png,/Users/amrkandil/github_repos/thesis/Distributed-Tsetlin-Machines/experiments/results_minority/II_x_III/rule2_vs_rule146/metrics.json
2,150,II_x_III,aperiodic,,,0.38963930348258713,0.46043532338308457,0.4540497512437811,0.04210798556632989,0.46043532338308457,coexist,,0.453681592039801,0.546318407960199,never,,aperiodic,,/Users/amrkandil/github_repos/thesis/Distributed-Tsetlin-Machines/experiments/results_minority/II_x_III/rule2_vs_rule150/hamming_distance.png,/Users/amrkandil/github_repos/thesis/Distributed-Tsetlin-Machines/experiments/results_minority/II_x_III/rule2_vs_rule150/lag_hamming.png,/Users/amrkandil/github_repos/thesis/Distributed-Tsetlin-Machines/experiments/results_minority/II_x_III/rule2_vs_rule150/metrics.json
3,18,II_x_III,aperiodic,,,0.31111360490779194,0.3111136049077919,0.6678009950248757,0.02726623077017368,0.666679104477612,coexist,,0.46383084577114425,0.5361691542288557,never,,aperiodic,,/Users/amrkandil/github_repos/thesis/Distributed-Tsetlin-Machines/experiments/results_minority/II_x_III/rule3_vs_rule18/hamming_distance.png,/Users/amrkandil/github_repos/thesis/Distributed-Tsetlin-Machines/experiments/results_minority/II_x_III/rule3_vs_rule18/lag_hamming.png,/Users/amrkandil/github_repos/thesis/Distributed-Tsetlin-Machines/experiments/results_minority/II_x_III/rule3_vs_rule18/metrics.json
3,22,II_x_III,near_cycle,32,0,0.18615594116140163,0.18615594116140166,0.7299004975124378,0.02596514505455375,0.7312313432835822,coexist,,0.48641791044776117,0.5135820895522388,late,150,near_cycle,32,/Users/amrkandil/github_repos/thesis/Distributed-Tsetlin-Machines/experiments/results_minority/II_x_III/rule3_vs_rule22/hamming_distance.png,/Users/amrkandil/github_repos/thesis/Distributed-Tsetlin-Machines/experiments/results_minority/II_x_III/rule3_vs_rule22/lag_hamming.png,/Users/amrkandil/github_repos/thesis/Distributed-Tsetlin-Machines/experiments/results_minority/II_x_III/rule3_vs_rule22/metrics.json
3,30,II_x_III,near_cycle,4,0,0.19357870596638968,0.1935787059663897,0.7267562189054727,0.03270285001493039,0.7348880597014926,coexist,,0.4632835820895522,0.5367164179104478,late,200,near_cycle,4,/Users/amrkandil/github_repos/thesis/Distributed-Tsetlin-Machines/experiments/results_minority/II_x_III/rule3_vs_rule30/hamming_distance.png,/Users/amrkandil/github_repos/thesis/Distributed-Tsetlin-Machines/experiments/results_minority/II_x_III/rule3_vs_rule30/lag_hamming.png,/Users/amrkandil/github_repos/thesis/Distributed-Tsetlin-Machines/experiments/results_minority/II_x_III/rule3_vs_rule30/metrics.json
3,45,II_x_III,near_cycle,4,0,0.12649598355827915,0.12649598355827912,0.7713731343283581,0.02978428920701715,0.7781965174129354,coexist,,0.44786069651741295,0.5521393034825871,early,50,near_cycle,4,/Users/amrkandil/github_repos/thesis/Distributed-Tsetlin-Machines/experiments/results_minority/II_x_III/rule3_vs_rule45/hamming_distance.png,/Users/amrkandil/github_repos/thesis/Distributed-Tsetlin-Machines/experiments/results_minority/II_x_III/rule3_vs_rule45/lag_hamming.png,/Users/amrkandil/github_repos/thesis/Distributed-Tsetlin-Machines/experiments/results_minority/II_x_III/rule3_vs_rule45/metrics.json
3,60,II_x_III,near_cycle,4,0,0.20169931200421073,0.20169931200421068,0.6595422885572139,0.03349015460820971,0.6619900497512439,coexist,,0.44159203980099504,0.558407960199005,early,50,near_cycle,4,/Users/amrkandil/github_repos/thesis/Distributed-Tsetlin-Machines/experiments/results_minority/II_x_III/rule3_vs_rule60/hamming_distance.png,/Users/amrkandil/github_repos/thesis/Distributed-Tsetlin-Machines/experiments/results_minority/II_x_III/rule3_vs_rule60/lag_hamming.png,/Users/amrkandil/github_repos/thesis/Distributed-Tsetlin-Machines/experiments/results_minority/II_x_III/rule3_vs_rule60/metrics.json
3,90,II_x_III,aperiodic,,,0.40807213930348263,0.6311318407960199,0.6296616915422885,0.031238930763989748,0.6311318407960199,coexist,,0.38800995024875623,0.6119900497512438,never,,aperiodic,,/Users/amrkandil/github_repos/thesis/Distributed-Tsetlin-Machines/experiments/results_minority/II_x_III/rule3_vs_rule90/hamming_distance.png,/Users/amrkandil/github_repos/thesis/Distributed-Tsetlin-Machines/experiments/results_minority/II_x_III/rule3_vs_rule90/lag_hamming.png,/Users/amrkandil/github_repos/thesis/Distributed-Tsetlin-Machines/experiments/results_minority/II_x_III/rule3_vs_rule90/metrics.json
3,105,II_x_III,near_cycle,4,0,0.16370289609885086,0.16370289609885083,0.6919303482587066,0.024532920969218056,0.6950124378109453,coexist,,0.4304975124378109,0.569502487562189,late,300,near_cycle,4,/Users/amrkandil/github_repos/thesis/Distributed-Tsetlin-Machines/experiments/results_minority/II_x_III/rule3_vs_rule105/hamming_distance.png,/Users/amrkandil/github_repos/thesis/Distributed-Tsetlin-Machines/experiments/results_minority/II_x_III/rule3_vs_rule105/lag_hamming.png,/Users/amrkandil/github_repos/thesis/Distributed-Tsetlin-Machines/experiments/results_minority/II_x_III/rule3_vs_rule105/metrics.json
3,122,II_x_III,aperiodic,,,0.38488569809181933,0.3848856980918194,0.7313532338308458,0.03392801235010913,0.7329975124378109,coexist,,0.39621890547263683,0.6037810945273632,never,,aperiodic,,/Users/amrkandil/github_repos/thesis/Distributed-Tsetlin-Machines/experiments/results_minority/II_x_III/rule3_vs_rule122/hamming_distance.png,/Users/amrkandil/github_repos/thesis/Distributed-Tsetlin-Machines/experiments/results_minority/II_x_III/rule3_vs_rule122/lag_hamming.png,/Users/amrkandil/github_repos/thesis/Distributed-Tsetlin-Machines/experiments/results_minority/II_x_III/rule3_vs_rule122/metrics.json
3,126,II_x_III,cycle,12,0,2.1210230918211945e-16,0.0,0.2421691542288557,0.03174543555999959,0.23715174129353234,coexist,,0.4411442786069652,0.5588557213930349,early,50,cycle,12,/Users/amrkandil/github_repos/thesis/Distributed-Tsetlin-Machines/experiments/results_minority/II_x_III/rule3_vs_rule126/hamming_distance.png,/Users/amrkandil/github_repos/thesis/Distributed-Tsetlin-Machines/experiments/results_minority/II_x_III/rule3_vs_rule126/lag_hamming.png,/Users/amrkandil/github_repos/thesis/Distributed-Tsetlin-Machines/experiments/results_minority/II_x_III/rule3_vs_rule126/metrics.json
3,146,II_x_III,aperiodic,,,0.24523758021486763,0.2452375802148677,0.6094427860696517,0.030130527984353773,0.6059328358208955,coexist,,0.4271641791044776,0.5728358208955224,never,,aperiodic,,/Users/amrkandil/github_repos/thesis/Distributed-Tsetlin-Machines/experiments/results_minority/II_x_III/rule3_vs_rule146/hamming_distance.png,/Users/amrkandil/github_repos/thesis/Distributed-Tsetlin-Machines/experiments/results_minority/II_x_III/rule3_vs_rule146/lag_hamming.png,/Users/amrkandil/github_repos/thesis/Distributed-Tsetlin-Machines/experiments/results_minority/II_x_III/rule3_vs_rule146/metrics.json
3,150,II_x_III,aperiodic,,,0.38878290252995673,0.38878290252995673,0.5884676616915424,0.032223476178391754,0.5895273631840796,coexist,,0.4456716417910448,0.5543283582089552,never,,aperiodic,,/Users/amrkandil/github_repos/thesis/Distributed-Tsetlin-Machines/experiments/results_minority/II_x_III/rule3_vs_rule150/hamming_distance.png,/Users/amrkandil/github_repos/thesis/Distributed-Tsetlin-Machines/experiments/results_minority/II_x_III/rule3_vs_rule150/lag_hamming.png,/Users/amrkandil/github_repos/thesis/Distributed-Tsetlin-Machines/experiments/results_minority/II_x_III/rule3_vs_rule150/metrics.json
4,18,II_x_III,cycle,84,0,2.1210230918211945e-16,0.0,0.11841791044776119,0.02180376057356001,0.1153731343283582,coexist,,0.4292039800995025,0.5707960199004976,early,100,near_cycle,6,/Users/amrkandil/github_repos/thesis/Distributed-Tsetlin-Machines/experiments/results_minority/II_x_III/rule4_vs_rule18/hamming_distance.png,/Users/amrkandil/github_repos/thesis/Distributed-Tsetlin-Machines/experiments/results_minority/II_x_III/rule4_vs_rule18/lag_hamming.png,/Users/amrkandil/github_repos/thesis/Distributed-Tsetlin-Machines/experiments/results_minority/II_x_III/rule4_vs_rule18/metrics.json
4,22,II_x_III,cycle,12,0,2.1210230918211945e-16,0.0,0.04319402985074627,0.030180957994892545,0.03813432835820896,coexist,,0.4925373134328358,0.5074626865671642,early,50,cycle,12,/Users/amrkandil/github_repos/thesis/Distributed-Tsetlin-Machines/experiments/results_minority/II_x_III/rule4_vs_rule22/hamming_distance.png,/Users/amrkandil/github_repos/thesis/Distributed-Tsetlin-Machines/experiments/results_minority/II_x_III/rule4_vs_rule22/lag_hamming.png,/Users/amrkandil/github_repos/thesis/Distributed-Tsetlin-Machines/experiments/results_minority/II_x_III/rule4_vs_rule22/metrics.json
4,30,II_x_III,cycle,24,0,0.0,0.0,0.16064676616915424,0.02723983959510046,0.15766169154228857,coexist,,0.4741293532338308,0.5258706467661691,early,100,cycle,24,/Users/amrkandil/github_repos/thesis/Distributed-Tsetlin-Machines/experiments/results_minority/II_x_III/rule4_vs_rule30/hamming_distance.png,/Users/amrkandil/github_repos/thesis/Distributed-Tsetlin-Machines/experiments/results_minority/II_x_III/rule4_vs_rule30/lag_hamming.png,/Users/amrkandil/github_repos/thesis/Distributed-Tsetlin-Machines/experiments/results_minority/II_x_III/rule4_vs_rule30/metrics.json
4,45,II_x_III,cycle,4,0,5.656061578189852e-16,0.0,0.08592039800995024,0.01978642680165091,0.0845771144278607,coexist,,0.4465174129353234,0.5534825870646766,early,50,cycle,4,/Users/amrkandil/github_repos/thesis/Distributed-Tsetlin-Machines/experiments/results_minority/II_x_III/rule4_vs_rule45/hamming_distance.png,/Users/amrkandil/github_repos/thesis/Distributed-Tsetlin-Machines/experiments/results_minority/II_x_III/rule4_vs_rule45/lag_hamming.png,/Users/amrkandil/github_repos/thesis/Distributed-Tsetlin-Machines/experiments/results_minority/II_x_III/rule4_vs_rule45/metrics.json
4,60,II_x_III,cycle,2,0,0.0,0.0,0.10053731343283581,0.016192280438326812,0.09950248756218906,coexist,,0.4601990049751244,0.5398009950248757,early,50,cycle,2,/Users/amrkandil/github_repos/thesis/Distributed-Tsetlin-Machines/experiments/results_minority/II_x_III/rule4_vs_rule60/hamming_distance.png,/Users/amrkandil/github_repos/thesis/Distributed-Tsetlin-Machines/experiments/results_minority/II_x_III/rule4_vs_rule60/lag_hamming.png,/Users/amrkandil/github_repos/thesis/Distributed-Tsetlin-Machines/experiments/results_minority/II_x_III/rule4_vs_rule60/metrics.json
4,90,II_x_III,cycle,84,0,0.0,0.0,0.14171144278606967,0.020273704483586244,0.13860696517412938,coexist,,0.42074626865671644,0.5792537313432836,late,250,near_cycle,6,/Users/amrkandil/github_repos/thesis/Distributed-Tsetlin-Machines/experiments/results_minority/II_x_III/rule4_vs_rule90/hamming_distance.png,/Users/amrkandil/github_repos/thesis/Distributed-Tsetlin-Machines/experiments/results_minority/II_x_III/rule4_vs_rule90/lag_hamming.png,/Users/amrkandil/github_repos/thesis/Distributed-Tsetlin-Machines/experiments/results_minority/II_x_III/rule4_vs_rule90/metrics.json
4,105,II_x_III,cycle,2,0,2.1210230918211945e-16,0.0,0.45108457711442784,0.012469388769929191,0.45273631840796014,coexist,,0.44029850746268656,0.5597014925373134,early,50,cycle,2,/Users/amrkandil/github_repos/thesis/Distributed-Tsetlin-Machines/experiments/results_minority/II_x_III/rule4_vs_rule105/hamming_distance.png,/Users/amrkandil/github_repos/thesis/Distributed-Tsetlin-Machines/experiments/results_minority/II_x_III/rule4_vs_rule105/lag_hamming.png,/Users/amrkandil/github_repos/thesis/Distributed-Tsetlin-Machines/experiments/results_minority/II_x_III/rule4_vs_rule105/metrics.json
4,122,II_x_III,cycle,2,0,4.949053880916121e-16,0.0,0.4401691542288556,0.020268563905834095,0.4427860696517412,coexist,,0.3009950248756219,0.6990049751243781,early,50,cycle,2,/Users/amrkandil/github_repos/thesis/Distributed-Tsetlin-Machines/experiments/results_minority/II_x_III/rule4_vs_rule122/hamming_distance.png,/Users/amrkandil/github_repos/thesis/Distributed-Tsetlin-Machines/experiments/results_minority/II_x_III/rule4_vs_rule122/lag_hamming.png,/Users/amrkandil/github_repos/thesis/Distributed-Tsetlin-Machines/experiments/results_minority/II_x_III/rule4_vs_rule122/metrics.json
4,126,II_x_III,cycle,12,0,2.828030789094926e-16,0.0,0.22006965174129353,0.01509623920739782,0.2189054726368159,coexist,,0.4647761194029851,0.535223880597015,early,50,cycle,12,/Users/amrkandil/github_repos/thesis/Distributed-Tsetlin-Machines/experiments/results_minority/II_x_III/rule4_vs_rule126/hamming_distance.png,/Users/amrkandil/github_repos/thesis/Distributed-Tsetlin-Machines/experiments/results_minority/II_x_III/rule4_vs_rule126/lag_hamming.png,/Users/amrkandil/github_repos/thesis/Distributed-Tsetlin-Machines/experiments/results_minority/II_x_III/rule4_vs_rule126/metrics.json
4,146,II_x_III,cycle,84,0,7.070076972737315e-17,0.0,0.13282587064676618,0.022168517814672526,0.12864427860696515,coexist,,0.4208955223880597,0.5791044776119403,early,100,near_cycle,6,/Users/amrkandil/github_repos/thesis/Distributed-Tsetlin-Machines/experiments/results_minority/II_x_III/rule4_vs_rule146/hamming_distance.png,/Users/amrkandil/github_repos/thesis/Distributed-Tsetlin-Machines/experiments/results_minority/II_x_III/rule4_vs_rule146/lag_hamming.png,/Users/amrkandil/github_repos/thesis/Distributed-Tsetlin-Machines/experiments/results_minority/II_x_III/rule4_vs_rule146/metrics.json
4,150,II_x_III,cycle,24,0,2.828030789094926e-16,0.0,0.0802089552238806,0.031891717677081044,0.07463930348258707,coexist,,0.4867164179104478,0.5132835820895523,early,100,cycle,24,/Users/amrkandil/github_repos/thesis/Distributed-Tsetlin-Machines/experiments/results_minority/II_x_III/rule4_vs_rule150/hamming_distance.png,/Users/amrkandil/github_repos/thesis/Distributed-Tsetlin-Machines/experiments/results_minority/II_x_III/rule4_vs_rule150/lag_hamming.png,/Users/amrkandil/github_repos/thesis/Distributed-Tsetlin-Machines/experiments/results_minority/II_x_III/rule4_vs_rule150/metrics.json
5,18,II_x_III,near_cycle,4,0,0.0948907853678711,0.09489078536787098,0.545273631840796,0.027257144148479885,0.5464303482587064,coexist,,0.5301492537313433,0.4698507462686567,early,100,near_cycle,4,/Users/amrkandil/github_repos/thesis/Distributed-Tsetlin-Machines/experiments/results_minority/II_x_III/rule5_vs_rule18/hamming_distance.png,/Users/amrkandil/github_repos/thesis/Distributed-Tsetlin-Machines/experiments/results_minority/II_x_III/rule5_vs_rule18/lag_hamming.png,/Users/amrkandil/github_repos/thesis/Distributed-Tsetlin-Machines/experiments/results_minority/II_x_III/rule5_vs_rule18/metrics.json
5,22,II_x_III,cycle,24,0,7.070076972737315e-17,0.0,0.3557611940298508,0.030444320684880004,0.3532462686567165,coexist,,0.6575621890547264,0.34243781094527365,early,100,cycle,24,/Users/amrkandil/github_repos/thesis/Distributed-Tsetlin-Machines/experiments/results_minority/II_x_III/rule5_vs_rule22/hamming_distance.png,/Users/amrkandil/github_repos/thesis/Distributed-Tsetlin-Machines/experiments/results_minority/II_x_III/rule5_vs_rule22/lag_hamming.png,/Users/amrkandil/github_repos/thesis/Distributed-Tsetlin-Machines/experiments/results_minority/II_x_III/rule5_vs_rule22/metrics.json
5,30,II_x_III,cycle,12,0,2.828030789094926e-16,0.0,0.18862686567164177,0.027401422400227766,0.1840422885572139,coexist,,0.5924378109452736,0.40756218905472635,early,50,cycle,12,/Users/amrkandil/github_repos/thesis/Distributed-Tsetlin-Machines/experiments/results_minority/II_x_III/rule5_vs_rule30/hamming_distance.png,/Users/amrkandil/github_repos/thesis/Distributed-Tsetlin-Machines/experiments/results_minority/II_x_III/rule5_vs_rule30/lag_hamming.png,/Users/amrkandil/github_repos/thesis/Distributed-Tsetlin-Machines/experiments/results_minority/II_x_III/rule5_vs_rule30/metrics.json
5,45,II_x_III,cycle,2,0,0.0,0.0,0.2923980099502487,0.024561204994309728,0.2885572139303482,coexist,,0.527363184079602,0.472636815920398,early,50,cycle,2,/Users/amrkandil/github_repos/thesis/Distributed-Tsetlin-Machines/experiments/results_minority/II_x_III/rule5_vs_rule45/hamming_distance.png,/Users/amrkandil/github_repos/thesis/Distributed-Tsetlin-Machines/experiments/results_minority/II_x_III/rule5_vs_rule45/lag_hamming.png,/Users/amrkandil/github_repos/thesis/Distributed-Tsetlin-Machines/experiments/results_minority/II_x_III/rule5_vs_rule45/metrics.json
5,60,II_x_III,cycle,4,0,0.0,0.0,0.2035422885572139,0.026884209561459337,0.1990049751243781,coexist,,0.5447761194029851,0.4552238805970149,early,50,cycle,4,/Users/amrkandil/github_repos/thesis/Distributed-Tsetlin-Machines/experiments/results_minority/II_x_III/rule5_vs_rule60/hamming_distance.png,/Users/amrkandil/github_repos/thesis/Distributed-Tsetlin-Machines/experiments/results_minority/II_x_III/rule5_vs_rule60/lag_hamming.png,/Users/amrkandil/github_repos/thesis/Distributed-Tsetlin-Machines/experiments/results_minority/II_x_III/rule5_vs_rule60/metrics.json
5,90,II_x_III,near_cycle,4,0,0.09328671503941265,0.09328671503941251,0.5702388059701493,0.032159504148641,0.5807960199004976,coexist,,0.4387562189054726,0.5612437810945273,late,200,near_cycle,4,/Users/amrkandil/github_repos/thesis/Distributed-Tsetlin-Machines/experiments/results_minority/II_x_III/rule5_vs_rule90/hamming_distance.png,/Users/amrkandil/github_repos/thesis/Distributed-Tsetlin-Machines/experiments/results_minority/II_x_III/rule5_vs_rule90/lag_hamming.png,/Users/amrkandil/github_repos/thesis/Distributed-Tsetlin-Machines/experiments/results_minority/II_x_III/rule5_vs_rule90/metrics.json
5,105,II_x_III,cycle,20,0,0.0,0.0,0.7172039800995026,0.02894523600626243,0.7243781094527364,coexist,,0.4987562189054726,0.5012437810945274,early,100,cycle,20,/Users/amrkandil/github_repos/thesis/Distributed-Tsetlin-Machines/experiments/results_minority/II_x_III/rule5_vs_rule105/hamming_distance.png,/Users/amrkandil/github_repos/thesis/Distributed-Tsetlin-Machines/experiments/results_minority/II_x_III/rule5_vs_rule105/lag_hamming.png,/Users/amrkandil/github_repos/thesis/Distributed-Tsetlin-Machines/experiments/results_minority/II_x_III/rule5_vs_rule105/metrics.json
5,122,II_x_III,cycle,36,0,0.0,0.0,0.8749054726368158,0.07309459508877723,0.8974378109452736,coexist,,0.24935323383084576,0.7506467661691543,early,100,cycle,36,/Users/amrkandil/github_repos/thesis/Distributed-Tsetlin-Machines/experiments/results_minority/II_x_III/rule5_vs_rule122/hamming_distance.png,/Users/amrkandil/github_repos/thesis/Distributed-Tsetlin-Machines/experiments/results_minority/II_x_III/rule5_vs_rule122/lag_hamming.png,/Users/amrkandil/github_repos/thesis/Distributed-Tsetlin-Machines/experiments/results_minority/II_x_III/rule5_vs_rule122/metrics.json
5,126,II_x_III,cycle,4,0,0.0,0.0,0.18172139303482587,0.02228795974678959,0.1791044776119403,coexist,,0.5248756218905473,0.47512437810945274,early,50,cycle,4,/Users/amrkandil/github_repos/thesis/Distributed-Tsetlin-Machines/experiments/results_minority/II_x_III/rule5_vs_rule126/hamming_distance.png,/Users/amrkandil/github_repos/thesis/Distributed-Tsetlin-Machines/experiments/results_minority/II_x_III/rule5_vs_rule126/lag_hamming.png,/Users/amrkandil/github_repos/thesis/Distributed-Tsetlin-Machines/experiments/results_minority/II_x_III/rule5_vs_rule126/metrics.json
5,146,II_x_III,cycle,120,0,7.070076972737315e-17,0.0,0.5827562189054727,0.03252530854044428,0.5887810945273632,coexist,,0.4475124378109453,0.5524875621890547,late,334,near_cycle,4,/Users/amrkandil/github_repos/thesis/Distributed-Tsetlin-Machines/experiments/results_minority/II_x_III/rule5_vs_rule146/hamming_distance.png,/Users/amrkandil/github_repos/thesis/Distributed-Tsetlin-Machines/experiments/results_minority/II_x_III/rule5_vs_rule146/lag_hamming.png,/Users/amrkandil/github_repos/thesis/Distributed-Tsetlin-Machines/experiments/results_minority/II_x_III/rule5_vs_rule146/metrics.json
5,150,II_x_III,near_cycle,4,0,0.051756331691667566,0.05175633169166761,0.35508457711442787,0.020224731796569324,0.35518656716417907,coexist,,0.6028855721393035,0.3971144278606965,late,200,near_cycle,4,/Users/amrkandil/github_repos/thesis/Distributed-Tsetlin-Machines/experiments/results_minority/II_x_III/rule5_vs_rule150/hamming_distance.png,/Users/amrkandil/github_repos/thesis/Distributed-Tsetlin-Machines/experiments/results_minority/II_x_III/rule5_vs_rule150/lag_hamming.png,/Users/amrkandil/github_repos/thesis/Distributed-Tsetlin-Machines/experiments/results_minority/II_x_III/rule5_vs_rule150/metrics.json
6,18,II_x_III,aperiodic,,,0.28508706467661693,0.5218283582089552,0.5189353233830846,0.04054783261206939,0.5218283582089552,coexist,,0.3647761194029851,0.635223880597015,never,,aperiodic,,/Users/amrkandil/github_repos/thesis/Distributed-Tsetlin-Machines/experiments/results_minority/II_x_III/rule6_vs_rule18/hamming_distance.png,/Users/amrkandil/github_repos/thesis/Distributed-Tsetlin-Machines/experiments/results_minority/II_x_III/rule6_vs_rule18/lag_hamming.png,/Users/amrkandil/github_repos/thesis/Distributed-Tsetlin-Machines/experiments/results_minority/II_x_III/rule6_vs_rule18/metrics.json
6,22,II_x_III,aperiodic,,,0.3046172645544209,0.46292347784885096,0.4490149253731343,0.05401997655848733,0.4538059701492537,coexist,,0.4866169154228856,0.5133830845771145,never,,aperiodic,,/Users/amrkandil/github_repos/thesis/Distributed-Tsetlin-Machines/experiments/results_minority/II_x_III/rule6_vs_rule22/hamming_distance.png,/Users/amrkandil/github_repos/thesis/Distributed-Tsetlin-Machines/experiments/results_minority/II_x_III/rule6_vs_rule22/lag_hamming.png,/Users/amrkandil/github_repos/thesis/Distributed-Tsetlin-Machines/experiments/results_minority/II_x_III/rule6_vs_rule22/metrics.json
6,30,II_x_III,aperiodic,,,0.3742910447761194,0.4849129353233831,0.48194029850746267,0.04136752347213773,0.4849129353233831,coexist,,0.4488557213930348,0.5511442786069651,never,,aperiodic,,/Users/amrkandil/github_repos/thesis/Distributed-Tsetlin-Machines/experiments/results_minority/II_x_III/rule6_vs_rule30/hamming_distance.png,/Users/amrkandil/github_repos/thesis/Distributed-Tsetlin-Machines/experiments/results_minority/II_x_III/rule6_vs_rule30/lag_hamming.png,/Users/amrkandil/github_repos/thesis/Distributed-Tsetlin-Machines/experiments/results_minority/II_x_III/rule6_vs_rule30/metrics.json
6,45,II_x_III,near_cycle,6,0,0.07447572265255994,0.07447572265255999,0.5375522388059701,0.023852437792474073,0.542549751243781,coexist,,0.5059701492537313,0.49402985074626865,early,50,near_cycle,6,/Users/amrkandil/github_repos/thesis/Distributed-Tsetlin-Machines/experiments/results_minority/II_x_III/rule6_vs_rule45/hamming_distance.png,/Users/amrkandil/github_repos/thesis/Distributed-Tsetlin-Machines/experiments/results_minority/II_x_III/rule6_vs_rule45/lag_hamming.png,/Users/amrkandil/github_repos/thesis/Distributed-Tsetlin-Machines/experiments/results_minority/II_x_III/rule6_vs_rule45/metrics.json
6,60,II_x_III,aperiodic,,,0.339726368159204,0.3742786069651741,0.3634228855721393,0.05330531676694052,0.3742786069651741,coexist,,0.43338308457711444,0.5666169154228856,never,,aperiodic,,/Users/amrkandil/github_repos/thesis/Distributed-Tsetlin-Machines/experiments/results_minority/II_x_III/rule6_vs_rule60/hamming_distance.png,/Users/amrkandil/github_repos/thesis/Distributed-Tsetlin-Machines/experiments/results_minority/II_x_III/rule6_vs_rule60/lag_hamming.png,/Users/amrkandil/github_repos/thesis/Distributed-Tsetlin-Machines/experiments/results_minority/II_x_III/rule6_vs_rule60/metrics.json
6,90,II_x_III,aperiodic,,,0.304660541304619,0.30466054130461895,0.527363184079602,0.0352595597469772,0.5289800995024876,coexist,,0.34422885572139306,0.6557711442786069,never,,aperiodic,,/Users/amrkandil/github_repos/thesis/Distributed-Tsetlin-Machines/experiments/results_minority/II_x_III/rule6_vs_rule90/hamming_distance.png,/Users/amrkandil/github_repos/thesis/Distributed-Tsetlin-Machines/experiments/results_minority/II_x_III/rule6_vs_rule90/lag_hamming.png,/Users/amrkandil/github_repos/thesis/Distributed-Tsetlin-Machines/experiments/results_minority/II_x_III/rule6_vs_rule90/metrics.json
6,105,II_x_III,cycle,12,0,3.535038486368658e-16,0.0,0.544049751243781,0.012586852297974288,0.5456218905472636,coexist,,0.462636815920398,0.537363184079602,early,50,cycle,12,/Users/amrkandil/github_repos/thesis/Distributed-Tsetlin-Machines/experiments/results_minority/II_x_III/rule6_vs_rule105/hamming_distance.png,/Users/amrkandil/github_repos/thesis/Distributed-Tsetlin-Machines/experiments/results_minority/II_x_III/rule6_vs_rule105/lag_hamming.png,/Users/amrkandil/github_repos/thesis/Distributed-Tsetlin-Machines/experiments/results_minority/II_x_III/rule6_vs_rule105/metrics.json
6,122,II_x_III,near_cycle,2,0,0.09118567563186565,0.09118567563186573,0.8758208955223882,0.0799294260623995,0.9026741293532339,coexist,,0.19119402985074627,0.8088059701492537,late,300,cycle,12,/Users/amrkandil/github_repos/thesis/Distributed-Tsetlin-Machines/experiments/results_minority/II_x_III/rule6_vs_rule122/hamming_distance.png,/Users/amrkandil/github_repos/thesis/Distributed-Tsetlin-Machines/experiments/results_minority/II_x_III/rule6_vs_rule122/lag_hamming.png,/Users/amrkandil/github_repos/thesis/Distributed-Tsetlin-Machines/experiments/results_minority/II_x_III/rule6_vs_rule122/metrics.json
6,126,II_x_III,cycle,24,0,2.828030789094926e-16,0.0,0.1519303482587065,0.03122244573690719,0.1455099502487562,coexist,,0.5339800995024876,0.46601990049751246,early,50,cycle,24,/Users/amrkandil/github_repos/thesis/Distributed-Tsetlin-Machines/experiments/results_minority/II_x_III/rule6_vs_rule126/hamming_distance.png,/Users/amrkandil/github_repos/thesis/Distributed-Tsetlin-Machines/experiments/results_minority/II_x_III/rule6_vs_rule126/lag_hamming.png,/Users/amrkandil/github_repos/thesis/Distributed-Tsetlin-Machines/experiments/results_minority/II_x_III/rule6_vs_rule126/metrics.json
6,146,II_x_III,aperiodic,,,0.295634328358209,0.5391915422885573,0.5358507462686568,0.04191038515868002,0.5391915422885571,coexist,,0.3586069651741294,0.6413930348258706,never,,aperiodic,,/Users/amrkandil/github_repos/thesis/Distributed-Tsetlin-Machines/experiments/results_minority/II_x_III/rule6_vs_rule146/hamming_distance.png,/Users/amrkandil/github_repos/thesis/Distributed-Tsetlin-Machines/experiments/results_minority/II_x_III/rule6_vs_rule146/lag_hamming.png,/Users/amrkandil/github_repos/thesis/Distributed-Tsetlin-Machines/experiments/results_minority/II_x_III/rule6_vs_rule146/metrics.json
6,150,II_x_III,aperiodic,,,0.3649546752453272,0.4229354480729186,0.43460696517412933,0.0447565639994748,0.4354601990049751,coexist,,0.4609950248756219,0.5390049751243781,never,,aperiodic,,/Users/amrkandil/github_repos/thesis/Distributed-Tsetlin-Machines/experiments/results_minority/II_x_III/rule6_vs_rule150/hamming_distance.png,/Users/amrkandil/github_repos/thesis/Distributed-Tsetlin-Machines/experiments/results_minority/II_x_III/rule6_vs_rule150/lag_hamming.png,/Users/amrkandil/github_repos/thesis/Distributed-Tsetlin-Machines/experiments/results_minority/II_x_III/rule6_vs_rule150/metrics.json
7,18,II_x_III,aperiodic,,,0.21992560855030846,0.2199256085503084,0.7234129353233831,0.027577255791757717,0.7252363184079601,coexist,,0.416318407960199,0.583681592039801,never,,aperiodic,,/Users/amrkandil/github_repos/thesis/Distributed-Tsetlin-Machines/experiments/results_minority/II_x_III/rule7_vs_rule18/hamming_distance.png,/Users/amrkandil/github_repos/thesis/Distributed-Tsetlin-Machines/experiments/results_minority/II_x_III/rule7_vs_rule18/lag_hamming.png,/Users/amrkandil/github_repos/thesis/Distributed-Tsetlin-Machines/experiments/results_minority/II_x_III/rule7_vs_rule18/metrics.json
7,22,II_x_III,near_cycle,4,0,0.17760066167901056,0.17760066167901048,0.7324278606965176,0.024654979680963758,0.7356094527363184,coexist,,0.48855721393034823,0.5114427860696518,late,150,near_cycle,4,/Users/amrkandil/github_repos/thesis/Distributed-Tsetlin-Machines/experiments/results_minority/II_x_III/rule7_vs_rule22/hamming_distance.png,/Users/amrkandil/github_repos/thesis/Distributed-Tsetlin-Machines/experiments/results_minority/II_x_III/rule7_vs_rule22/lag_hamming.png,/Users/amrkandil/github_repos/thesis/Distributed-Tsetlin-Machines/experiments/results_minority/II_x_III/rule7_vs_rule22/metrics.json
7,30,II_x_III,aperiodic,,,0.33332067398377074,0.3333206739837707,0.6176119402985075,0.04007752196848599,0.6212189054726367,coexist,,0.4326865671641791,0.5673134328358209,never,,aperiodic,,/Users/amrkandil/github_repos/thesis/Distributed-Tsetlin-Machines/experiments/results_minority/II_x_III/rule7_vs_rule30/hamming_distance.png,/Users/amrkandil/github_repos/thesis/Distributed-Tsetlin-Machines/experiments/results_minority/II_x_III/rule7_vs_rule30/lag_hamming.png,/Users/amrkandil/github_repos/thesis/Distributed-Tsetlin-Machines/experiments/results_minority/II_x_III/rule7_vs_rule30/metrics.json
7,45,II_x_III,near_cycle,2,-2,0.2005386600830435,0.2580206735744835,0.7740099502487563,0.02078162752703,0.7740796019900498,coexist,,0.4562686567164179,0.5437313432835821,early,100,near_cycle,2,/Users/amrkandil/github_repos/thesis/Distributed-Tsetlin-Machines/experiments/results_minority/II_x_III/rule7_vs_rule45/hamming_distance.png,/Users/amrkandil/github_repos/thesis/Distributed-Tsetlin-Machines/experiments/results_minority/II_x_III/rule7_vs_rule45/lag_hamming.png,/Users/amrkandil/github_repos/thesis/Distributed-Tsetlin-Machines/experiments/results_minority/II_x_III/rule7_vs_rule45/metrics.json
7,60,II_x_III,near_cycle,12,0,0.17178887055723946,0.17178887055723951,0.6179203980099504,0.028038344435684717,0.6190049751243781,coexist,,0.4442786069651741,0.5557213930348258,late,150,near_cycle,12,/Users/amrkandil/github_repos/thesis/Distributed-Tsetlin-Machines/experiments/results_minority/II_x_III/rule7_vs_rule60/hamming_distance.png,/Users/amrkandil/github_repos/thesis/Distributed-Tsetlin-Machines/experiments/results_minority/II_x_III/rule7_vs_rule60/lag_hamming.png,/Users/amrkandil/github_repos/thesis/Distributed-Tsetlin-Machines/experiments/results_minority/II_x_III/rule7_vs_rule60/metrics.json
7,90,II_x_III,aperiodic,,,0.40802414661908964,0.40802414661908964,0.6226965174129354,0.03090019112143651,0.6234203980099502,coexist,,0.38288557213930347,0.6171144278606965,never,,aperiodic,,/Users/amrkandil/github_repos/thesis/Distributed-Tsetlin-Machines/experiments/results_minority/II_x_III/rule7_vs_rule90/hamming_distance.png,/Users/amrkandil/github_repos/thesis/Distributed-Tsetlin-Machines/experiments/results_minority/II_x_III/rule7_vs_rule90/lag_hamming.png,/Users/amrkandil/github_repos/thesis/Distributed-Tsetlin-Machines/experiments/results_minority/II_x_III/rule7_vs_rule90/metrics.json
7,105,II_x_III,near_cycle,4,0,0.10382595836936244,0.10382595836936226,0.5676119402985076,0.023796441684954164,0.5633955223880597,coexist,,0.40681592039800996,0.59318407960199,late,250,cycle,48,/Users/amrkandil/github_repos/thesis/Distributed-Tsetlin-Machines/experiments/results_minority/II_x_III/rule7_vs_rule105/hamming_distance.png,/Users/amrkandil/github_repos/thesis/Distributed-Tsetlin-Machines/experiments/results_minority/II_x_III/rule7_vs_rule105/lag_hamming.png,/Users/amrkandil/github_repos/thesis/Distributed-Tsetlin-Machines/experiments/results_minority/II_x_III/rule7_vs_rule105/metrics.json
7,122,II_x_III,aperiodic,,,0.3130619396590314,0.31306193965903134,0.720726368159204,0.03363274013340228,0.7223507462686567,coexist,,0.41577114427860695,0.584228855721393,never,,aperiodic,,/Users/amrkandil/github_repos/thesis/Distributed-Tsetlin-Machines/experiments/results_minority/II_x_III/rule7_vs_rule122/hamming_distance.png,/Users/amrkandil/github_repos/thesis/Distributed-Tsetlin-Machines/experiments/results_minority/II_x_III/rule7_vs_rule122/lag_hamming.png,/Users/amrkandil/github_repos/thesis/Distributed-Tsetlin-Machines/experiments/results_minority/II_x_III/rule7_vs_rule122/metrics.json
7,126,II_x_III,cycle,12,0,7.070076972737315e-17,0.0,0.23637810945273635,0.031535325753462115,0.23133084577114427,coexist,,0.5041791044776119,0.49582089552238806,early,100,cycle,12,/Users/amrkandil/github_repos/thesis/Distributed-Tsetlin-Machines/experiments/results_minority/II_x_III/rule7_vs_rule126/hamming_distance.png,/Users/amrkandil/github_repos/thesis/Distributed-Tsetlin-Machines/experiments/results_minority/II_x_III/rule7_vs_rule126/lag_hamming.png,/Users/amrkandil/github_repos/thesis/Distributed-Tsetlin-Machines/experiments/results_minority/II_x_III/rule7_vs_rule126/metrics.json
7,146,II_x_III,aperiodic,,,0.33482461746682207,0.33482461746682207,0.6410248756218906,0.03191932325332996,0.6394029850746269,coexist,,0.39308457711442785,0.6069154228855721,never,,aperiodic,,/Users/amrkandil/github_repos/thesis/Distributed-Tsetlin-Machines/experiments/results_minority/II_x_III/rule7_vs_rule146/hamming_distance.png,/Users/amrkandil/github_repos/thesis/Distributed-Tsetlin-Machines/experiments/results_minority/II_x_III/rule7_vs_rule146/lag_hamming.png,/Users/amrkandil/github_repos/thesis/Distributed-Tsetlin-Machines/experiments/results_minority/II_x_III/rule7_vs_rule146/metrics.json
7,150,II_x_III,aperiodic,,,0.4186835247322286,0.44564146685120765,0.554,0.03514589421752555,0.5555099502487562,coexist,,0.4539303482587065,0.5460696517412935,never,,aperiodic,,/Users/amrkandil/github_repos/thesis/Distributed-Tsetlin-Machines/experiments/results_minority/II_x_III/rule7_vs_rule150/hamming_distance.png,/Users/amrkandil/github_repos/thesis/Distributed-Tsetlin-Machines/experiments/results_minority/II_x_III/rule7_vs_rule150/lag_hamming.png,/Users/amrkandil/github_repos/thesis/Distributed-Tsetlin-Machines/experiments/results_minority/II_x_III/rule7_vs_rule150/metrics.json
9,18,II_x_III,near_cycle,2,0,0.13855534358283791,0.1385553435828377,0.5774626865671642,0.020898542780994327,0.5780099502487562,coexist,,0.46368159203980097,0.536318407960199,late,334,near_cycle,2,/Users/amrkandil/github_repos/thesis/Distributed-Tsetlin-Machines/experiments/results_minority/II_x_III/rule9_vs_rule18/hamming_distance.png,/Users/amrkandil/github_repos/thesis/Distributed-Tsetlin-Machines/experiments/results_minority/II_x_III/rule9_vs_rule18/lag_hamming.png,/Users/amrkandil/github_repos/thesis/Distributed-Tsetlin-Machines/experiments/results_minority/II_x_III/rule9_vs_rule18/metrics.json
9,22,II_x_III,near_cycle,2,0,0.16173518373047047,0.16173518373047047,0.4444179104477612,0.023274021084125567,0.44439054726368155,coexist,,0.5322885572139303,0.46771144278606963,early,100,near_cycle,2,/Users/amrkandil/github_repos/thesis/Distributed-Tsetlin-Machines/experiments/results_minority/II_x_III/rule9_vs_rule22/hamming_distance.png,/Users/amrkandil/github_repos/thesis/Distributed-Tsetlin-Machines/experiments/results_minority/II_x_III/rule9_vs_rule22/lag_hamming.png,/Users/amrkandil/github_repos/thesis/Distributed-Tsetlin-Machines/experiments/results_minority/II_x_III/rule9_vs_rule22/metrics.json
9,30,II_x_III,near_cycle,2,0,0.06604820508983908,0.06604820508983902,0.275134328358209,0.023070202678507942,0.2718781094527363,coexist,,0.49388059701492537,0.5061194029850746,early,50,near_cycle,2,/Users/amrkandil/github_repos/thesis/Distributed-Tsetlin-Machines/experiments/results_minority/II_x_III/rule9_vs_rule30/hamming_distance.png,/Users/amrkandil/github_repos/thesis/Distributed-Tsetlin-Machines/experiments/results_minority/II_x_III/rule9_vs_rule30/lag_hamming.png,/Users/amrkandil/github_repos/thesis/Distributed-Tsetlin-Machines/experiments/results_minority/II_x_III/rule9_vs_rule30/metrics.json
9,45,II_x_III,cycle,2,0,0.0,0.0,0.05801990049751244,0.0446642483072819,0.04975124378109453,coexist,,0.472636815920398,0.527363184079602,early,50,cycle,2,/Users/amrkandil/github_repos/thesis/Distributed-Tsetlin-Machines/experiments/results_minority/II_x_III/rule9_vs_rule45/hamming_distance.png,/Users/amrkandil/github_repos/thesis/Distributed-Tsetlin-Machines/experiments/results_minority/II_x_III/rule9_vs_rule45/lag_hamming.png,/Users/amrkandil/github_repos/thesis/Distributed-Tsetlin-Machines/experiments/results_minority/II_x_III/rule9_vs_rule45/metrics.json
9,60,II_x_III,cycle,2,0,0.0,0.0,0.2164477611940298,0.020696735073482325,0.21393034825870644,coexist,,0.527363184079602,0.472636815920398,early,50,cycle,2,/Users/amrkandil/github_repos/thesis/Distributed-Tsetlin-Machines/experiments/results_minority/II_x_III/rule9_vs_rule60/hamming_distance.png,/Users/amrkandil/github_repos/thesis/Distributed-Tsetlin-Machines/experiments/results_minority/II_x_III/rule9_vs_rule60/lag_hamming.png,/Users/amrkandil/github_repos/thesis/Distributed-Tsetlin-Machines/experiments/results_minority/II_x_III/rule9_vs_rule60/metrics.json
9,90,II_x_III,aperiodic,,,0.4228731343283582,0.5202860696517413,0.5186865671641793,0.03127073020985009,0.5202860696517413,coexist,,0.46766169154228854,0.5323383084577115,never,,aperiodic,,/Users/amrkandil/github_repos/thesis/Distributed-Tsetlin-Machines/experiments/results_minority/II_x_III/rule9_vs_rule90/hamming_distance.png,/Users/amrkandil/github_repos/thesis/Distributed-Tsetlin-Machines/experiments/results_minority/II_x_III/rule9_vs_rule90/lag_hamming.png,/Users/amrkandil/github_repos/thesis/Distributed-Tsetlin-Machines/experiments/results_minority/II_x_III/rule9_vs_rule90/metrics.json
9,105,II_x_III,aperiodic,,,0.37213680968590634,0.4241324704796818,0.5614726368159205,0.03281442993878789,0.563407960199005,coexist,,0.4399004975124378,0.5600995024875622,never,,aperiodic,,/Users/amrkandil/github_repos/thesis/Distributed-Tsetlin-Machines/experiments/results_minority/II_x_III/rule9_vs_rule105/hamming_distance.png,/Users/amrkandil/github_repos/thesis/Distributed-Tsetlin-Machines/experiments/results_minority/II_x_III/rule9_vs_rule105/lag_hamming.png,/Users/amrkandil/github_repos/thesis/Distributed-Tsetlin-Machines/experiments/results_minority/II_x_III/rule9_vs_rule105/metrics.json
9,122,II_x_III,aperiodic,,,0.41802238805970154,0.5733457711442786,0.5712537313432836,0.03542425370492269,0.5733457711442785,coexist,,0.4299502487562189,0.5700497512437811,never,,aperiodic,,/Users/amrkandil/github_repos/thesis/Distributed-Tsetlin-Machines/experiments/results_minority/II_x_III/rule9_vs_rule122/hamming_distance.png,/Users/amrkandil/github_repos/thesis/Distributed-Tsetlin-Machines/experiments/results_minority/II_x_III/rule9_vs_rule122/lag_hamming.png,/Users/amrkandil/github_repos/thesis/Distributed-Tsetlin-Machines/experiments/results_minority/II_x_III/rule9_vs_rule122/metrics.json
9,126,II_x_III,cycle,12,0,0.0,0.0,0.20508457711442785,0.022028464229401745,0.20236318407960197,coexist,,0.4892537313432836,0.5107462686567165,early,50,cycle,12,/Users/amrkandil/github_repos/thesis/Distributed-Tsetlin-Machines/experiments/results_minority/II_x_III/rule9_vs_rule126/hamming_distance.png,/Users/amrkandil/github_repos/thesis/Distributed-Tsetlin-Machines/experiments/results_minority/II_x_III/rule9_vs_rule126/lag_hamming.png,/Users/amrkandil/github_repos/thesis/Distributed-Tsetlin-Machines/experiments/results_minority/II_x_III/rule9_vs_rule126/metrics.json
9,146,II_x_III,near_cycle,36,0,0.19163088666257758,0.19163088666257752,0.5191542288557214,0.026535421810816452,0.5179477611940299,coexist,,0.44975124378109455,0.5502487562189055,late,334,near_cycle,24,/Users/amrkandil/github_repos/thesis/Distributed-Tsetlin-Machines/experiments/results_minority/II_x_III/rule9_vs_rule146/hamming_distance.png,/Users/amrkandil/github_repos/thesis/Distributed-Tsetlin-Machines/experiments/results_minority/II_x_III/rule9_vs_rule146/lag_hamming.png,/Users/amrkandil/github_repos/thesis/Distributed-Tsetlin-Machines/experiments/results_minority/II_x_III/rule9_vs_rule146/metrics.json
9,150,II_x_III,near_cycle,4,0,0.14704813464165326,0.1470481346416532,0.35912437810945275,0.024024310517766437,0.35626865671641794,coexist,,0.5249253731343284,0.47507462686567165,late,200,near_cycle,4,/Users/amrkandil/github_repos/thesis/Distributed-Tsetlin-Machines/experiments/results_minority/II_x_III/rule9_vs_rule150/hamming_distance.png,/Users/amrkandil/github_repos/thesis/Distributed-Tsetlin-Machines/experiments/results_minority/II_x_III/rule9_vs_rule150/lag_hamming.png,/Users/amrkandil/github_repos/thesis/Distributed-Tsetlin-Machines/experiments/results_minority/II_x_III/rule9_vs_rule150/metrics.json
10,18,II_x_III,near_cycle,2,2,0.10412848040499258,0.2567488372672976,0.3777313432835821,0.030179870502537152,0.37874378109452733,coexist,,0.43024875621890546,0.5697512437810945,late,334,near_cycle,2,/Users/amrkandil/github_repos/thesis/Distributed-Tsetlin-Machines/experiments/results_minority/II_x_III/rule10_vs_rule18/hamming_distance.png,/Users/amrkandil/github_repos/thesis/Distributed-Tsetlin-Machines/experiments/results_minority/II_x_III/rule10_vs_rule18/lag_hamming.png,/Users/amrkandil/github_repos/thesis/Distributed-Tsetlin-Machines/experiments/results_minority/II_x_III/rule10_vs_rule18/metrics.json
10,22,II_x_III,aperiodic,,,0.19254546937443934,0.19254546937443928,0.4384378109452737,0.04222064315413496,0.4418407960199005,coexist,,0.45940298507462685,0.5405970149253732,never,,aperiodic,,/Users/amrkandil/github_repos/thesis/Distributed-Tsetlin-Machines/experiments/results_minority/II_x_III/rule10_vs_rule22/hamming_distance.png,/Users/amrkandil/github_repos/thesis/Distributed-Tsetlin-Machines/experiments/results_minority/II_x_III/rule10_vs_rule22/lag_hamming.png,/Users/amrkandil/github_repos/thesis/Distributed-Tsetlin-Machines/experiments/results_minority/II_x_III/rule10_vs_rule22/metrics.json
10,30,II_x_III,aperiodic,,,0.2889707633119039,0.28897076331190397,0.47058706467661693,0.026666971112838483,0.47310945273631844,coexist,,0.5092537313432836,0.49074626865671644,never,,aperiodic,,/Users/amrkandil/github_repos/thesis/Distributed-Tsetlin-Machines/experiments/results_minority/II_x_III/rule10_vs_rule30/hamming_distance.png,/Users/amrkandil/github_repos/thesis/Distributed-Tsetlin-Machines/experiments/results_minority/II_x_III/rule10_vs_rule30/lag_hamming.png,/Users/amrkandil/github_repos/thesis/Distributed-Tsetlin-Machines/experiments/results_minority/II_x_III/rule10_vs_rule30/metrics.json
10,45,II_x_III,near_cycle,12,0,0.1364642085203802,0.1364642085203801,0.45116417910447765,0.03333412934372935,0.4533582089552239,coexist,,0.4717910447761194,0.5282089552238806,late,334,near_cycle,12,/Users/amrkandil/github_repos/thesis/Distributed-Tsetlin-Machines/experiments/results_minority/II_x_III/rule10_vs_rule45/hamming_distance.png,/Users/amrkandil/github_repos/thesis/Distributed-Tsetlin-Machines/experiments/results_minority/II_x_III/rule10_vs_rule45/lag_hamming.png,/Users/amrkandil/github_repos/thesis/Distributed-Tsetlin-Machines/experiments/results_minority/II_x_III/rule10_vs_rule45/metrics.json
10,60,II_x_III,aperiodic,,,0.19192789850141387,0.1919278985014139,0.37245771144278605,0.03632505357313546,0.3775124378109453,coexist,,0.4741293532338308,0.5258706467661691,never,,aperiodic,,/Users/amrkandil/github_repos/thesis/Distributed-Tsetlin-Machines/experiments/results_minority/II_x_III/rule10_vs_rule60/hamming_distance.png,/Users/amrkandil/github_repos/thesis/Distributed-Tsetlin-Machines/experiments/results_minority/II_x_III/rule10_vs_rule60/lag_hamming.png,/Users/amrkandil/github_repos/thesis/Distributed-Tsetlin-Machines/experiments/results_minority/II_x_III/rule10_vs_rule60/metrics.json
10,90,II_x_III,near_cycle,2,2,0.20925447948228773,0.4878365066896096,0.4856318407960199,0.036596582068054995,0.4881467661691542,coexist,,0.47194029850746266,0.5280597014925373,never,,aperiodic,,/Users/amrkandil/github_repos/thesis/Distributed-Tsetlin-Machines/experiments/results_minority/II_x_III/rule10_vs_rule90/hamming_distance.png,/Users/amrkandil/github_repos/thesis/Distributed-Tsetlin-Machines/experiments/results_minority/II_x_III/rule10_vs_rule90/lag_hamming.png,/Users/amrkandil/github_repos/thesis/Distributed-Tsetlin-Machines/experiments/results_minority/II_x_III/rule10_vs_rule90/metrics.json
10,105,II_x_III,aperiodic,,,0.3355970149253732,0.4721393034825871,0.47261691542288553,0.03140717802374267,0.4721393034825871,coexist,,0.44587064676616917,0.5541293532338308,never,,aperiodic,,/Users/amrkandil/github_repos/thesis/Distributed-Tsetlin-Machines/experiments/results_minority/II_x_III/rule10_vs_rule105/hamming_distance.png,/Users/amrkandil/github_repos/thesis/Distributed-Tsetlin-Machines/experiments/results_minority/II_x_III/rule10_vs_rule105/lag_hamming.png,/Users/amrkandil/github_repos/thesis/Distributed-Tsetlin-Machines/experiments/results_minority/II_x_III/rule10_vs_rule105/metrics.json
10,122,II_x_III,aperiodic,,,0.2773974737839624,0.4508909088642003,0.5663880597014925,0.03866400361595349,0.5667039800995025,coexist,,0.4167164179104478,0.5832835820895522,never,,aperiodic,,/Users/amrkandil/github_repos/thesis/Distributed-Tsetlin-Machines/experiments/results_minority/II_x_III/rule10_vs_rule122/hamming_distance.png,/Users/amrkandil/github_repos/thesis/Distributed-Tsetlin-Machines/experiments/results_minority/II_x_III/rule10_vs_rule122/lag_hamming.png,/Users/amrkandil/github_repos/thesis/Distributed-Tsetlin-Machines/experiments/results_minority/II_x_III/rule10_vs_rule122/metrics.json
10,126,II_x_III,cycle,4,0,4.949053880916121e-16,0.0,0.209910447761194,0.030226137130921656,0.20149253731343278,coexist,,0.47885572139303484,0.5211442786069652,early,100,cycle,4,/Users/amrkandil/github_repos/thesis/Distributed-Tsetlin-Machines/experiments/results_minority/II_x_III/rule10_vs_rule126/hamming_distance.png,/Users/amrkandil/github_repos/thesis/Distributed-Tsetlin-Machines/experiments/results_minority/II_x_III/rule10_vs_rule126/lag_hamming.png,/Users/amrkandil/github_repos/thesis/Distributed-Tsetlin-Machines/experiments/results_minority/II_x_III/rule10_vs_rule126/metrics.json
10,146,II_x_III,near_cycle,2,2,0.10374194191947533,0.26194840334667513,0.3848059701492537,0.03242097508946697,0.3831467661691543,coexist,,0.43960199004975126,0.5603980099502488,early,100,near_cycle,2,/Users/amrkandil/github_repos/thesis/Distributed-Tsetlin-Machines/experiments/results_minority/II_x_III/rule10_vs_rule146/hamming_distance.png,/Users/amrkandil/github_repos/thesis/Distributed-Tsetlin-Machines/experiments/results_minority/II_x_III/rule10_vs_rule146/lag_hamming.png,/Users/amrkandil/github_repos/thesis/Distributed-Tsetlin-Machines/experiments/results_minority/II_x_III/rule10_vs_rule146/metrics.json
10,150,II_x_III,near_cycle,12,0,0.1688856488764403,0.16888564887644042,0.45403980099502483,0.026783251128759785,0.456542288557214,coexist,,0.4608955223880597,0.5391044776119402,early,50,near_cycle,24,/Users/amrkandil/github_repos/thesis/Distributed-Tsetlin-Machines/experiments/results_minority/II_x_III/rule10_vs_rule150/hamming_distance.png,/Users/amrkandil/github_repos/thesis/Distributed-Tsetlin-Machines/experiments/results_minority/II_x_III/rule10_vs_rule150/lag_hamming.png,/Users/amrkandil/github_repos/thesis/Distributed-Tsetlin-Machines/experiments/results_minority/II_x_III/rule10_vs_rule150/metrics.json
11,18,II_x_III,aperiodic,,,0.2678506203161408,0.2678506203161408,0.6411044776119403,0.01961168283223777,0.6402985074626865,coexist,,0.5433830845771144,0.45661691542288557,never,,aperiodic,,/Users/amrkandil/github_repos/thesis/Distributed-Tsetlin-Machines/experiments/results_minority/II_x_III/rule11_vs_rule18/hamming_distance.png,/Users/amrkandil/github_repos/thesis/Distributed-Tsetlin-Machines/experiments/results_minority/II_x_III/rule11_vs_rule18/lag_hamming.png,/Users/amrkandil/github_repos/thesis/Distributed-Tsetlin-Machines/experiments/results_minority/II_x_III/rule11_vs_rule18/metrics.json
11,22,II_x_III,near_cycle,8,0,0.20886660843365876,0.20886660843365867,0.6442388059701493,0.022425582706669413,0.6454975124378108,coexist,,0.49402985074626865,0.5059701492537313,late,150,near_cycle,8,/Users/amrkandil/github_repos/thesis/Distributed-Tsetlin-Machines/experiments/results_minority/II_x_III/rule11_vs_rule22/hamming_distance.png,/Users/amrkandil/github_repos/thesis/Distributed-Tsetlin-Machines/experiments/results_minority/II_x_III/rule11_vs_rule22/lag_hamming.png,/Users/amrkandil/github_repos/thesis/Distributed-Tsetlin-Machines/experiments/results_minority/II_x_III/rule11_vs_rule22/metrics.json
11,30,II_x_III,aperiodic,,,0.3173855035598948,0.6185114527612564,0.5564676616915423,0.0276303107730265,0.5568407960199004,coexist,,0.48890547263681594,0.5110945273631841,never,,aperiodic,,/Users/amrkandil/github_repos/thesis/Distributed-Tsetlin-Machines/experiments/results_minority/II_x_III/rule11_vs_rule30/hamming_distance.png,/Users/amrkandil/github_repos/thesis/Distributed-Tsetlin-Machines/experiments/results_minority/II_x_III/rule11_vs_rule30/lag_hamming.png,/Users/amrkandil/github_repos/thesis/Distributed-Tsetlin-Machines/experiments/results_minority/II_x_III/rule11_vs_rule30/metrics.json
11,45,II_x_III,near_cycle,2,-2,0.18724672377461066,0.6233868252721355,0.539273631840796,0.023915171902840197,0.5379601990049752,coexist,,0.4444278606965174,0.5555721393034826,late,300,near_cycle,32,/Users/amrkandil/github_repos/thesis/Distributed-Tsetlin-Machines/experiments/results_minority/II_x_III/rule11_vs_rule45/hamming_distance.png,/Users/amrkandil/github_repos/thesis/Distributed-Tsetlin-Machines/experiments/results_minority/II_x_III/rule11_vs_rule45/lag_hamming.png,/Users/amrkandil/github_repos/thesis/Distributed-Tsetlin-Machines/experiments/results_minority/II_x_III/rule11_vs_rule45/metrics.json
11,60,II_x_III,near_cycle,4,0,0.15001817110918975,0.15001817110918958,0.5272139303482587,0.028658227917572988,0.5268407960199005,coexist,,0.4600995024875622,0.5399004975124378,late,334,near_cycle,4,/Users/amrkandil/github_repos/thesis/Distributed-Tsetlin-Machines/experiments/results_minority/II_x_III/rule11_vs_rule60/hamming_distance.png,/Users/amrkandil/github_repos/thesis/Distributed-Tsetlin-Machines/experiments/results_minority/II_x_III/rule11_vs_rule60/lag_hamming.png,/Users/amrkandil/github_repos/thesis/Distributed-Tsetlin-Machines/experiments/results_minority/II_x_III/rule11_vs_rule60/metrics.json
11,90,II_x_III,aperiodic,,,0.3716169154228856,0.5668407960199005,0.5657313432835821,0.03376092276497966,0.5668407960199005,coexist,,0.4975124378109453,0.5024875621890548,never,,aperiodic,,/Users/amrkandil/github_repos/thesis/Distributed-Tsetlin-Machines/experiments/results_minority/II_x_III/rule11_vs_rule90/hamming_distance.png,/Users/amrkandil/github_repos/thesis/Distributed-Tsetlin-Machines/experiments/results_minority/II_x_III/rule11_vs_rule90/lag_hamming.png,/Users/amrkandil/github_repos/thesis/Distributed-Tsetlin-Machines/experiments/results_minority/II_x_III/rule11_vs_rule90/metrics.json
11,105,II_x_III,aperiodic,,,0.20325851657741828,0.20325851657741825,0.5411741293532338,0.032121671610993066,0.5369402985074627,coexist,,0.41213930348258704,0.5878606965174129,late,250,near_cycle,24,/Users/amrkandil/github_repos/thesis/Distributed-Tsetlin-Machines/experiments/results_minority/II_x_III/rule11_vs_rule105/hamming_distance.png,/Users/amrkandil/github_repos/thesis/Distributed-Tsetlin-Machines/experiments/results_minority/II_x_III/rule11_vs_rule105/lag_hamming.png,/Users/amrkandil/github_repos/thesis/Distributed-Tsetlin-Machines/experiments/results_minority/II_x_III/rule11_vs_rule105/metrics.json
11,122,II_x_III,aperiodic,,,0.3857213930348259,0.5992786069651741,0.5999203980099502,0.03238456087665362,0.5992786069651741,coexist,,0.4918905472636816,0.5081094527363184,never,,aperiodic,,/Users/amrkandil/github_repos/thesis/Distributed-Tsetlin-Machines/experiments/results_minority/II_x_III/rule11_vs_rule122/hamming_distance.png,/Users/amrkandil/github_repos/thesis/Distributed-Tsetlin-Machines/experiments/results_minority/II_x_III/rule11_vs_rule122/lag_hamming.png,/Users/amrkandil/github_repos/thesis/Distributed-Tsetlin-Machines/experiments/results_minority/II_x_III/rule11_vs_rule122/metrics.json
11,126,II_x_III,cycle,4,0,0.0,0.0,0.26719402985074636,0.02944482043684686,0.263681592039801,coexist,,0.4527363184079602,0.5472636815920398,early,50,cycle,4,/Users/amrkandil/github_repos/thesis/Distributed-Tsetlin-Machines/experiments/results_minority/II_x_III/rule11_vs_rule126/hamming_distance.png,/Users/amrkandil/github_repos/thesis/Distributed-Tsetlin-Machines/experiments/results_minority/II_x_III/rule11_vs_rule126/lag_hamming.png,/Users/amrkandil/github_repos/thesis/Distributed-Tsetlin-Machines/experiments/results_minority/II_x_III/rule11_vs_rule126/metrics.json
11,146,II_x_III,aperiodic,,,0.2073178411738775,0.20731784117387744,0.6289154228855722,0.022467661691542296,0.6296268656716418,coexist,,0.5589054726368159,0.44109452736318405,never,,aperiodic,,/Users/amrkandil/github_repos/thesis/Distributed-Tsetlin-Machines/experiments/results_minority/II_x_III/rule11_vs_rule146/hamming_distance.png,/Users/amrkandil/github_repos/thesis/Distributed-Tsetlin-Machines/experiments/results_minority/II_x_III/rule11_vs_rule146/lag_hamming.png,/Users/amrkandil/github_repos/thesis/Distributed-Tsetlin-Machines/experiments/results_minority/II_x_III/rule11_vs_rule146/metrics.json
11,150,II_x_III,aperiodic,,,0.34504170874948575,0.5454432100150874,0.550318407960199,0.030244911709079142,0.5501990049751244,coexist,,0.46746268656716417,0.5325373134328358,never,,aperiodic,,/Users/amrkandil/github_repos/thesis/Distributed-Tsetlin-Machines/experiments/results_minority/II_x_III/rule11_vs_rule150/hamming_distance.png,/Users/amrkandil/github_repos/thesis/Distributed-Tsetlin-Machines/experiments/results_minority/II_x_III/rule11_vs_rule150/lag_hamming.png,/Users/amrkandil/github_repos/thesis/Distributed-Tsetlin-Machines/experiments/results_minority/II_x_III/rule11_vs_rule150/metrics.json
12,18,II_x_III,aperiodic,,,0.19250789753034314,0.19250789753034314,0.25895522388059705,0.052787804586490975,0.2646517412935323,coexist,,0.4702487562189055,0.5297512437810945,late,334,near_cycle,10,/Users/amrkandil/github_repos/thesis/Distributed-Tsetlin-Machines/experiments/results_minority/II_x_III/rule12_vs_rule18/hamming_distance.png,/Users/amrkandil/github_repos/thesis/Distributed-Tsetlin-Machines/experiments/results_minority/II_x_III/rule12_vs_rule18/lag_hamming.png,/Users/amrkandil/github_repos/thesis/Distributed-Tsetlin-Machines/experiments/results_minority/II_x_III/rule12_vs_rule18/metrics.json
12,22,II_x_III,aperiodic,,,0.2059701492537313,0.20597014925373133,0.3124179104477612,0.05268522447422106,0.328271144278607,coexist,,0.5356218905472637,0.46437810945273633,never,,aperiodic,,/Users/amrkandil/github_repos/thesis/Distributed-Tsetlin-Machines/experiments/results_minority/II_x_III/rule12_vs_rule22/hamming_distance.png,/Users/amrkandil/github_repos/thesis/Distributed-Tsetlin-Machines/experiments/results_minority/II_x_III/rule12_vs_rule22/lag_hamming.png,/Users/amrkandil/github_repos/thesis/Distributed-Tsetlin-Machines/experiments/results_minority/II_x_III/rule12_vs_rule22/metrics.json
12,30,II_x_III,near_cycle,4,0,0.07457673847387747,0.07457673847387747,0.2562189054726368,0.026577596848496882,0.2587313432835821,coexist,,0.5483084577114428,0.45169154228855724,late,334,near_cycle,4,/Users/amrkandil/github_repos/thesis/Distributed-Tsetlin-Machines/experiments/results_minority/II_x_III/rule12_vs_rule30/hamming_distance.png,/Users/amrkandil/github_repos/thesis/Distributed-Tsetlin-Machines/experiments/results_minority/II_x_III/rule12_vs_rule30/lag_hamming.png,/Users/amrkandil/github_repos/thesis/Distributed-Tsetlin-Machines/experiments/results_minority/II_x_III/rule12_vs_rule30/metrics.json
12,45,II_x_III,cycle,8,0,2.1210230918211945e-16,0.0,0.06100497512437811,0.021812023341915367,0.05970149253731342,coexist,,0.47378109452736317,0.5262189054726368,early,50,cycle,8,/Users/amrkandil/github_repos/thesis/Distributed-Tsetlin-Machines/experiments/results_minority/II_x_III/rule12_vs_rule45/hamming_distance.png,/Users/amrkandil/github_repos/thesis/Distributed-Tsetlin-Machines/experiments/results_minority/II_x_III/rule12_vs_rule45/lag_hamming.png,/Users/amrkandil/github_repos/thesis/Distributed-Tsetlin-Machines/experiments/results_minority/II_x_III/rule12_vs_rule45/metrics.json
12,60,II_x_III,cycle,2,0,7.070076972737315e-17,0.0,0.13041791044776121,0.012985173747739331,0.1293532338308458,coexist,,0.5124378109452736,0.48756218905472637,early,50,cycle,2,/Users/amrkandil/github_repos/thesis/Distributed-Tsetlin-Machines/experiments/results_minority/II_x_III/rule12_vs_rule60/hamming_distance.png,/Users/amrkandil/github_repos/thesis/Distributed-Tsetlin-Machines/experiments/results_minority/II_x_III/rule12_vs_rule60/lag_hamming.png,/Users/amrkandil/github_repos/thesis/Distributed-Tsetlin-Machines/experiments/results_minority/II_x_III/rule12_vs_rule60/metrics.json
12,90,II_x_III,near_cycle,6,0,0.04483909566093586,0.04483909566093583,0.2232437810945274,0.035880138958398256,0.2081467661691542,coexist,,0.4361194029850746,0.5638805970149253,late,250,near_cycle,6,/Users/amrkandil/github_repos/thesis/Distributed-Tsetlin-Machines/experiments/results_minority/II_x_III/rule12_vs_rule90/hamming_distance.png,/Users/amrkandil/github_repos/thesis/Distributed-Tsetlin-Machines/experiments/results_minority/II_x_III/rule12_vs_rule90/lag_hamming.png,/Users/amrkandil/github_repos/thesis/Distributed-Tsetlin-Machines/experiments/results_minority/II_x_III/rule12_vs_rule90/metrics.json
12,105,II_x_III,cycle,12,0,0.0,0.0,0.29058706467661694,0.009499147650916293,0.29019900497512435,coexist,,0.5248258706467662,0.47517412935323383,early,50,cycle,12,/Users/amrkandil/github_repos/thesis/Distributed-Tsetlin-Machines/experiments/results_minority/II_x_III/rule12_vs_rule105/hamming_distance.png,/Users/amrkandil/github_repos/thesis/Distributed-Tsetlin-Machines/experiments/results_minority/II_x_III/rule12_vs_rule105/lag_hamming.png,/Users/amrkandil/github_repos/thesis/Distributed-Tsetlin-Machines/experiments/results_minority/II_x_III/rule12_vs_rule105/metrics.json
12,122,II_x_III,cycle,4,0,7.070076972737315e-17,0.0,0.44668656716417904,0.02444874728955684,0.44776119402985076,coexist,,0.4253731343283582,0.5746268656716418,early,100,cycle,4,/Users/amrkandil/github_repos/thesis/Distributed-Tsetlin-Machines/experiments/results_minority/II_x_III/rule12_vs_rule122/hamming_distance.png,/Users/amrkandil/github_repos/thesis/Distributed-Tsetlin-Machines/experiments/results_minority/II_x_III/rule12_vs_rule122/lag_hamming.png,/Users/amrkandil/github_repos/thesis/Distributed-Tsetlin-Machines/experiments/results_minority/II_x_III/rule12_vs_rule122/metrics.json
12,126,II_x_III,cycle,40,0,7.070076972737315e-17,0.0,0.2199502487562189,0.012532870570287003,0.21990049751243781,coexist,,0.6151741293532338,0.38482587064676615,early,50,cycle,40,/Users/amrkandil/github_repos/thesis/Distributed-Tsetlin-Machines/experiments/results_minority/II_x_III/rule12_vs_rule126/hamming_distance.png,/Users/amrkandil/github_repos/thesis/Distributed-Tsetlin-Machines/experiments/results_minority/II_x_III/rule12_vs_rule126/lag_hamming.png,/Users/amrkandil/github_repos/thesis/Distributed-Tsetlin-Machines/experiments/results_minority/II_x_III/rule12_vs_rule126/metrics.json
12,146,II_x_III,aperiodic,,,0.14412591772594807,0.14412591772594827,0.22090547263681592,0.037988714080176615,0.2197139303482587,coexist,,0.4436318407960199,0.5563681592039801,never,,aperiodic,,/Users/amrkandil/github_repos/thesis/Distributed-Tsetlin-Machines/experiments/results_minority/II_x_III/rule12_vs_rule146/hamming_distance.png,/Users/amrkandil/github_repos/thesis/Distributed-Tsetlin-Machines/experiments/results_minority/II_x_III/rule12_vs_rule146/lag_hamming.png,/Users/amrkandil/github_repos/thesis/Distributed-Tsetlin-Machines/experiments/results_minority/II_x_III/rule12_vs_rule146/metrics.json
12,150,II_x_III,near_cycle,4,0,0.11329999874682005,0.11329999874682005,0.28581094527363177,0.03444830727498852,0.2953233830845771,coexist,,0.5836318407960199,0.4163681592039801,late,334,near_cycle,4,/Users/amrkandil/github_repos/thesis/Distributed-Tsetlin-Machines/experiments/results_minority/II_x_III/rule12_vs_rule150/hamming_distance.png,/Users/amrkandil/github_repos/thesis/Distributed-Tsetlin-Machines/experiments/results_minority/II_x_III/rule12_vs_rule150/lag_hamming.png,/Users/amrkandil/github_repos/thesis/Distributed-Tsetlin-Machines/experiments/results_minority/II_x_III/rule12_vs_rule150/metrics.json
13,18,II_x_III,cycle,12,0,2.1210230918211945e-16,0.0,0.36735323383084584,0.03016245052130155,0.3647636815920398,coexist,,0.757363184079602,0.242636815920398,early,100,cycle,12,/Users/amrkandil/github_repos/thesis/Distributed-Tsetlin-Machines/experiments/results_minority/II_x_III/rule13_vs_rule18/hamming_distance.png,/Users/amrkandil/github_repos/thesis/Distributed-Tsetlin-Machines/experiments/results_minority/II_x_III/rule13_vs_rule18/lag_hamming.png,/Users/amrkandil/github_repos/thesis/Distributed-Tsetlin-Machines/experiments/results_minority/II_x_III/rule13_vs_rule18/metrics.json
13,22,II_x_III,cycle,24,0,7.070076972737315e-17,0.0,0.2437313432835821,0.02472887061022773,0.24129353233830847,coexist,,0.7237810945273632,0.27621890547263683,early,50,cycle,24,/Users/amrkandil/github_repos/thesis/Distributed-Tsetlin-Machines/experiments/results_minority/II_x_III/rule13_vs_rule22/hamming_distance.png,/Users/amrkandil/github_repos/thesis/Distributed-Tsetlin-Machines/experiments/results_minority/II_x_III/rule13_vs_rule22/lag_hamming.png,/Users/amrkandil/github_repos/thesis/Distributed-Tsetlin-Machines/experiments/results_minority/II_x_III/rule13_vs_rule22/metrics.json
13,30,II_x_III,cycle,72,0,7.070076972737315e-17,0.0,0.24834825870646768,0.01615136871042264,0.24733830845771146,coexist,,0.5945273631840796,0.4054726368159204,early,100,near_cycle,2,/Users/amrkandil/github_repos/thesis/Distributed-Tsetlin-Machines/experiments/results_minority/II_x_III/rule13_vs_rule30/hamming_distance.png,/Users/amrkandil/github_repos/thesis/Distributed-Tsetlin-Machines/experiments/results_minority/II_x_III/rule13_vs_rule30/lag_hamming.png,/Users/amrkandil/github_repos/thesis/Distributed-Tsetlin-Machines/experiments/results_minority/II_x_III/rule13_vs_rule30/metrics.json
13,45,II_x_III,fixed,1,0,0.0,0.0,0.0072537313432835815,0.04264010622575987,0.0,coexist,,0.5970149253731343,0.40298507462686567,early,50,fixed,1,/Users/amrkandil/github_repos/thesis/Distributed-Tsetlin-Machines/experiments/results_minority/II_x_III/rule13_vs_rule45/hamming_distance.png,/Users/amrkandil/github_repos/thesis/Distributed-Tsetlin-Machines/experiments/results_minority/II_x_III/rule13_vs_rule45/lag_hamming.png,/Users/amrkandil/github_repos/thesis/Distributed-Tsetlin-Machines/experiments/results_minority/II_x_III/rule13_vs_rule45/metrics.json
13,60,II_x_III,cycle,2,0,0.0,0.0,0.1572537313432836,0.021517821869406647,0.15422885572139303,coexist,,0.6393034825870647,0.36069651741293535,early,50,cycle,2,/Users/amrkandil/github_repos/thesis/Distributed-Tsetlin-Machines/experiments/results_minority/II_x_III/rule13_vs_rule60/hamming_distance.png,/Users/amrkandil/github_repos/thesis/Distributed-Tsetlin-Machines/experiments/results_minority/II_x_III/rule13_vs_rule60/lag_hamming.png,/Users/amrkandil/github_repos/thesis/Distributed-Tsetlin-Machines/experiments/results_minority/II_x_III/rule13_vs_rule60/metrics.json
13,90,II_x_III,near_cycle,2,0,0.1430317086247958,0.14303170862479583,0.39065671641791044,0.020598166141788995,0.39552238805970147,coexist,,0.6671641791044776,0.3328358208955224,late,250,near_cycle,2,/Users/amrkandil/github_repos/thesis/Distributed-Tsetlin-Machines/experiments/results_minority/II_x_III/rule13_vs_rule90/hamming_distance.png,/Users/amrkandil/github_repos/thesis/Distributed-Tsetlin-Machines/experiments/results_minority/II_x_III/rule13_vs_rule90/lag_hamming.png,/Users/amrkandil/github_repos/thesis/Distributed-Tsetlin-Machines/experiments/results_minority/II_x_III/rule13_vs_rule90/metrics.json
13,105,II_x_III,cycle,8,0,7.070076972737315e-17,0.0,0.17357213930348256,0.035351910560221696,0.16666666666666663,coexist,,0.7319402985074627,0.26805970149253733,early,50,cycle,8,/Users/amrkandil/github_repos/thesis/Distributed-Tsetlin-Machines/experiments/results_minority/II_x_III/rule13_vs_rule105/hamming_distance.png,/Users/amrkandil/github_repos/thesis/Distributed-Tsetlin-Machines/experiments/results_minority/II_x_III/rule13_vs_rule105/lag_hamming.png,/Users/amrkandil/github_repos/thesis/Distributed-Tsetlin-Machines/experiments/results_minority/II_x_III/rule13_vs_rule105/metrics.json
13,122,II_x_III,near_cycle,2,0,0.07142233693686965,0.07142233693686954,0.35312437810945274,0.019254127292263556,0.3490049751243781,coexist,,0.6957213930348258,0.3042786069651741,late,200,cycle,12,/Users/amrkandil/github_repos/thesis/Distributed-Tsetlin-Machines/experiments/results_minority/II_x_III/rule13_vs_rule122/hamming_distance.png,/Users/amrkandil/github_repos/thesis/Distributed-Tsetlin-Machines/experiments/results_minority/II_x_III/rule13_vs_rule122/lag_hamming.png,/Users/amrkandil/github_repos/thesis/Distributed-Tsetlin-Machines/experiments/results_minority/II_x_III/rule13_vs_rule122/metrics.json
13,126,II_x_III,cycle,4,0,0.0,0.0,0.1976318407960199,0.017225590621315776,0.1965174129353234,coexist,,0.6169154228855721,0.38308457711442784,early,50,cycle,4,/Users/amrkandil/github_repos/thesis/Distributed-Tsetlin-Machines/experiments/results_minority/II_x_III/rule13_vs_rule126/hamming_distance.png,/Users/amrkandil/github_repos/thesis/Distributed-Tsetlin-Machines/experiments/results_minority/II_x_III/rule13_vs_rule126/lag_hamming.png,/Users/amrkandil/github_repos/thesis/Distributed-Tsetlin-Machines/experiments/results_minority/II_x_III/rule13_vs_rule126/metrics.json
13,146,II_x_III,cycle,80,0,0.0,0.0,0.3285174129353234,0.01956367698040526,0.3248756218905473,coexist,,0.7385074626865672,0.26149253731343286,early,100,near_cycle,2,/Users/amrkandil/github_repos/thesis/Distributed-Tsetlin-Machines/experiments/results_minority/II_x_III/rule13_vs_rule146/hamming_distance.png,/Users/amrkandil/github_repos/thesis/Distributed-Tsetlin-Machines/experiments/results_minority/II_x_III/rule13_vs_rule146/lag_hamming.png,/Users/amrkandil/github_repos/thesis/Distributed-Tsetlin-Machines/experiments/results_minority/II_x_III/rule13_vs_rule146/metrics.json
13,150,II_x_III,cycle,8,0,7.070076972737315e-17,0.0,0.15020895522388059,0.030777945008770433,0.14427860696517414,coexist,,0.7488059701492538,0.2511940298507463,early,50,cycle,8,/Users/amrkandil/github_repos/thesis/Distributed-Tsetlin-Machines/experiments/results_minority/II_x_III/rule13_vs_rule150/hamming_distance.png,/Users/amrkandil/github_repos/thesis/Distributed-Tsetlin-Machines/experiments/results_minority/II_x_III/rule13_vs_rule150/lag_hamming.png,/Users/amrkandil/github_repos/thesis/Distributed-Tsetlin-Machines/experiments/results_minority/II_x_III/rule13_vs_rule150/metrics.json
14,18,II_x_III,aperiodic,,,0.24692786069651745,0.4439179104477612,0.4458606965174129,0.0397225832083232,0.4439179104477612,coexist,,0.45686567164179104,0.543134328358209,never,,aperiodic,,/Users/amrkandil/github_repos/thesis/Distributed-Tsetlin-Machines/experiments/results_minority/II_x_III/rule14_vs_rule18/hamming_distance.png,/Users/amrkandil/github_repos/thesis/Distributed-Tsetlin-Machines/experiments/results_minority/II_x_III/rule14_vs_rule18/lag_hamming.png,/Users/amrkandil/github_repos/thesis/Distributed-Tsetlin-Machines/experiments/results_minority/II_x_III/rule14_vs_rule18/metrics.json
14,22,II_x_III,aperiodic,,,0.34070895522388067,0.4513557213930348,0.4482786069651742,0.03678268770359408,0.4513557213930348,coexist,,0.4945273631840796,0.5054726368159204,never,,aperiodic,,/Users/amrkandil/github_repos/thesis/Distributed-Tsetlin-Machines/experiments/results_minority/II_x_III/rule14_vs_rule22/hamming_distance.png,/Users/amrkandil/github_repos/thesis/Distributed-Tsetlin-Machines/experiments/results_minority/II_x_III/rule14_vs_rule22/lag_hamming.png,/Users/amrkandil/github_repos/thesis/Distributed-Tsetlin-Machines/experiments/results_minority/II_x_III/rule14_vs_rule22/metrics.json
14,30,II_x_III,aperiodic,,,0.34004164640456874,0.5757553086696842,0.4519203980099503,0.03244189456333192,0.4524004975124378,coexist,,0.5076119402985074,0.4923880597014925,never,,aperiodic,,/Users/amrkandil/github_repos/thesis/Distributed-Tsetlin-Machines/experiments/results_minority/II_x_III/rule14_vs_rule30/hamming_distance.png,/Users/amrkandil/github_repos/thesis/Distributed-Tsetlin-Machines/experiments/results_minority/II_x_III/rule14_vs_rule30/lag_hamming.png,/Users/amrkandil/github_repos/thesis/Distributed-Tsetlin-Machines/experiments/results_minority/II_x_III/rule14_vs_rule30/metrics.json
14,45,II_x_III,near_cycle,8,0,0.15757092400592454,0.15757092400592457,0.4482786069651742,0.030897558837235724,0.4539054726368159,coexist,,0.437363184079602,0.562636815920398,early,100,near_cycle,8,/Users/amrkandil/github_repos/thesis/Distributed-Tsetlin-Machines/experiments/results_minority/II_x_III/rule14_vs_rule45/hamming_distance.png,/Users/amrkandil/github_repos/thesis/Distributed-Tsetlin-Machines/experiments/results_minority/II_x_III/rule14_vs_rule45/lag_hamming.png,/Users/amrkandil/github_repos/thesis/Distributed-Tsetlin-Machines/experiments/results_minority/II_x_III/rule14_vs_rule45/metrics.json
14,60,II_x_III,aperiodic,,,0.27101574195889855,0.2710157419588985,0.4051044776119403,0.038433125310861294,0.40886815920398006,coexist,,0.45422885572139304,0.545771144278607,never,,aperiodic,,/Users/amrkandil/github_repos/thesis/Distributed-Tsetlin-Machines/experiments/results_minority/II_x_III/rule14_vs_rule60/hamming_distance.png,/Users/amrkandil/github_repos/thesis/Distributed-Tsetlin-Machines/experiments/results_minority/II_x_III/rule14_vs_rule60/lag_hamming.png,/Users/amrkandil/github_repos/thesis/Distributed-Tsetlin-Machines/experiments/results_minority/II_x_III/rule14_vs_rule60/metrics.json
14,90,II_x_III,aperiodic,,,0.29986774985830345,0.29986774985830345,0.47027860696517415,0.0337448878719233,0.4716666666666666,coexist,,0.4762189054726368,0.5237810945273632,never,,aperiodic,,/Users/amrkandil/github_repos/thesis/Distributed-Tsetlin-Machines/experiments/results_minority/II_x_III/rule14_vs_rule90/hamming_distance.png,/Users/amrkandil/github_repos/thesis/Distributed-Tsetlin-Machines/experiments/results_minority/II_x_III/rule14_vs_rule90/lag_hamming.png,/Users/amrkandil/github_repos/thesis/Distributed-Tsetlin-Machines/experiments/results_minority/II_x_III/rule14_vs_rule90/metrics.json
14,105,II_x_III,aperiodic,,,0.27179623510944007,0.27179623510944007,0.4714228855721393,0.02822279969480884,0.4719527363184079,coexist,,0.4645273631840796,0.5354726368159204,never,,aperiodic,,/Users/amrkandil/github_repos/thesis/Distributed-Tsetlin-Machines/experiments/results_minority/II_x_III/rule14_vs_rule105/hamming_distance.png,/Users/amrkandil/github_repos/thesis/Distributed-Tsetlin-Machines/experiments/results_minority/II_x_III/rule14_vs_rule105/lag_hamming.png,/Users/amrkandil/github_repos/thesis/Distributed-Tsetlin-Machines/experiments/results_minority/II_x_III/rule14_vs_rule105/metrics.json
14,122,II_x_III,aperiodic,,,0.29944263644185093,0.5382984825247198,0.5001990049751244,0.03364464415247293,0.4998134328358209,coexist,,0.46676616915422886,0.5332338308457711,never,,aperiodic,,/Users/amrkandil/github_repos/thesis/Distributed-Tsetlin-Machines/experiments/results_minority/II_x_III/rule14_vs_rule122/hamming_distance.png,/Users/amrkandil/github_repos/thesis/Distributed-Tsetlin-Machines/experiments/results_minority/II_x_III/rule14_vs_rule122/lag_hamming.png,/Users/amrkandil/github_repos/thesis/Distributed-Tsetlin-Machines/experiments/results_minority/II_x_III/rule14_vs_rule122/metrics.json
14,126,II_x_III,cycle,4,0,0.0,0.0,0.19674626865671638,0.027694906505356488,0.18905472636815923,coexist,,0.5634328358208955,0.43656716417910446,early,100,cycle,4,/Users/amrkandil/github_repos/thesis/Distributed-Tsetlin-Machines/experiments/results_minority/II_x_III/rule14_vs_rule126/hamming_distance.png,/Users/amrkandil/github_repos/thesis/Distributed-Tsetlin-Machines/experiments/results_minority/II_x_III/rule14_vs_rule126/lag_hamming.png,/Users/amrkandil/github_repos/thesis/Distributed-Tsetlin-Machines/experiments/results_minority/II_x_III/rule14_vs_rule126/metrics.json
14,146,II_x_III,aperiodic,,,0.25600746268656727,0.46568407960199004,0.46785074626865675,0.0365841014012203,0.46568407960199004,coexist,,0.4450746268656716,0.5549253731343283,never,,aperiodic,,/Users/amrkandil/github_repos/thesis/Distributed-Tsetlin-Machines/experiments/results_minority/II_x_III/rule14_vs_rule146/hamming_distance.png,/Users/amrkandil/github_repos/thesis/Distributed-Tsetlin-Machines/experiments/results_minority/II_x_III/rule14_vs_rule146/lag_hamming.png,/Users/amrkandil/github_repos/thesis/Distributed-Tsetlin-Machines/experiments/results_minority/II_x_III/rule14_vs_rule146/metrics.json
14,150,II_x_III,aperiodic,,,0.3644933228593873,0.5746954450803626,0.4415422885572139,0.03532110566549459,0.4423134328358209,coexist,,0.4828358208955224,0.5171641791044777,never,,aperiodic,,/Users/amrkandil/github_repos/thesis/Distributed-Tsetlin-Machines/experiments/results_minority/II_x_III/rule14_vs_rule150/hamming_distance.png,/Users/amrkandil/github_repos/thesis/Distributed-Tsetlin-Machines/experiments/results_minority/II_x_III/rule14_vs_rule150/lag_hamming.png,/Users/amrkandil/github_repos/thesis/Distributed-Tsetlin-Machines/experiments/results_minority/II_x_III/rule14_vs_rule150/metrics.json
15,18,II_x_III,aperiodic,,,0.31130063965884863,0.37733637576528384,0.6470149253731342,0.0319647385610218,0.6482711442786069,coexist,,0.5134328358208955,0.48656716417910445,never,,aperiodic,,/Users/amrkandil/github_repos/thesis/Distributed-Tsetlin-Machines/experiments/results_minority/II_x_III/rule15_vs_rule18/hamming_distance.png,/Users/amrkandil/github_repos/thesis/Distributed-Tsetlin-Machines/experiments/results_minority/II_x_III/rule15_vs_rule18/lag_hamming.png,/Users/amrkandil/github_repos/thesis/Distributed-Tsetlin-Machines/experiments/results_minority/II_x_III/rule15_vs_rule18/metrics.json
15,22,II_x_III,near_cycle,8,0,0.1799273353335106,0.17992733533351057,0.6571542288557214,0.030914806393140943,0.6622512437810946,coexist,,0.5213930348258706,0.4786069651741294,late,200,near_cycle,8,/Users/amrkandil/github_repos/thesis/Distributed-Tsetlin-Machines/experiments/results_minority/II_x_III/rule15_vs_rule22/hamming_distance.png,/Users/amrkandil/github_repos/thesis/Distributed-Tsetlin-Machines/experiments/results_minority/II_x_III/rule15_vs_rule22/lag_hamming.png,/Users/amrkandil/github_repos/thesis/Distributed-Tsetlin-Machines/experiments/results_minority/II_x_III/rule15_vs_rule22/metrics.json
15,30,II_x_III,aperiodic,,,0.25063903539944393,0.500342897043604,0.4956318407960199,0.03466598550775644,0.49670398009950245,coexist,,0.4929850746268657,0.5070149253731343,never,,aperiodic,,/Users/amrkandil/github_repos/thesis/Distributed-Tsetlin-Machines/experiments/results_minority/II_x_III/rule15_vs_rule30/hamming_distance.png,/Users/amrkandil/github_repos/thesis/Distributed-Tsetlin-Machines/experiments/results_minority/II_x_III/rule15_vs_rule30/lag_hamming.png,/Users/amrkandil/github_repos/thesis/Distributed-Tsetlin-Machines/experiments/results_minority/II_x_III/rule15_vs_rule30/metrics.json
15,45,II_x_III,near_cycle,2,-2,0.1595406426514047,0.5914662277584508,0.5203482587064677,0.01758542850939417,0.5180348258706468,coexist,,0.4808457711442786,0.5191542288557214,late,150,near_cycle,2,/Users/amrkandil/github_repos/thesis/Distributed-Tsetlin-Machines/experiments/results_minority/II_x_III/rule15_vs_rule45/hamming_distance.png,/Users/amrkandil/github_repos/thesis/Distributed-Tsetlin-Machines/experiments/results_minority/II_x_III/rule15_vs_rule45/lag_hamming.png,/Users/amrkandil/github_repos/thesis/Distributed-Tsetlin-Machines/experiments/results_minority/II_x_III/rule15_vs_rule45/metrics.json
15,60,II_x_III,near_cycle,4,0,0.058673884983144575,0.05867388498314473,0.5088656716417911,0.01729632310637649,0.5074875621890548,coexist,,0.48766169154228856,0.5123383084577114,late,150,cycle,8,/Users/amrkandil/github_repos/thesis/Distributed-Tsetlin-Machines/experiments/results_minority/II_x_III/rule15_vs_rule60/hamming_distance.png,/Users/amrkandil/github_repos/thesis/Distributed-Tsetlin-Machines/experiments/results_minority/II_x_III/rule15_vs_rule60/lag_hamming.png,/Users/amrkandil/github_repos/thesis/Distributed-Tsetlin-Machines/experiments/results_minority/II_x_III/rule15_vs_rule60/metrics.json
15,90,II_x_III,aperiodic,,,0.4275188940792222,0.4275188940792222,0.5266268656716417,0.033054486746610205,0.5274129353233831,coexist,,0.4707462686567164,0.5292537313432836,never,,aperiodic,,/Users/amrkandil/github_repos/thesis/Distributed-Tsetlin-Machines/experiments/results_minority/II_x_III/rule15_vs_rule90/hamming_distance.png,/Users/amrkandil/github_repos/thesis/Distributed-Tsetlin-Machines/experiments/results_minority/II_x_III/rule15_vs_rule90/lag_hamming.png,/Users/amrkandil/github_repos/thesis/Distributed-Tsetlin-Machines/experiments/results_minority/II_x_III/rule15_vs_rule90/metrics.json
15,105,II_x_III,cycle,12,0,7.070076972737315e-17,0.0,0.5111343283582089,0.020336855299509342,0.5100373134328358,coexist,,0.4141791044776119,0.585820895522388,early,50,cycle,12,/Users/amrkandil/github_repos/thesis/Distributed-Tsetlin-Machines/experiments/results_minority/II_x_III/rule15_vs_rule105/hamming_distance.png,/Users/amrkandil/github_repos/thesis/Distributed-Tsetlin-Machines/experiments/results_minority/II_x_III/rule15_vs_rule105/lag_hamming.png,/Users/amrkandil/github_repos/thesis/Distributed-Tsetlin-Machines/experiments/results_minority/II_x_III/rule15_vs_rule105/metrics.json
15,122,II_x_III,aperiodic,,,0.3801595039875997,0.5021125528138204,0.5798009950248757,0.03135212700007806,0.5789179104477612,coexist,,0.48835820895522386,0.5116417910447761,never,,aperiodic,,/Users/amrkandil/github_repos/thesis/Distributed-Tsetlin-Machines/experiments/results_minority/II_x_III/rule15_vs_rule122/hamming_distance.png,/Users/amrkandil/github_repos/thesis/Distributed-Tsetlin-Machines/experiments/results_minority/II_x_III/rule15_vs_rule122/lag_hamming.png,/Users/amrkandil/github_repos/thesis/Distributed-Tsetlin-Machines/experiments/results_minority/II_x_III/rule15_vs_rule122/metrics.json
15,126,II_x_III,cycle,2,0,4.949053880916121e-16,0.0,0.22505472636815915,0.02980938427918598,0.21890547263681584,coexist,,0.6044776119402985,0.39552238805970147,early,100,cycle,2,/Users/amrkandil/github_repos/thesis/Distributed-Tsetlin-Machines/experiments/results_minority/II_x_III/rule15_vs_rule126/hamming_distance.png,/Users/amrkandil/github_repos/thesis/Distributed-Tsetlin-Machines/experiments/results_minority/II_x_III/rule15_vs_rule126/lag_hamming.png,/Users/amrkandil/github_repos/thesis/Distributed-Tsetlin-Machines/experiments/results_minority/II_x_III/rule15_vs_rule126/metrics.json
15,146,II_x_III,aperiodic,,,0.40398009950248764,0.56681592039801,0.5677014925373135,0.0323606260532985,0.56681592039801,coexist,,0.47766169154228855,0.5223383084577115,never,,aperiodic,,/Users/amrkandil/github_repos/thesis/Distributed-Tsetlin-Machines/experiments/results_minority/II_x_III/rule15_vs_rule146/hamming_distance.png,/Users/amrkandil/github_repos/thesis/Distributed-Tsetlin-Machines/experiments/results_minority/II_x_III/rule15_vs_rule146/lag_hamming.png,/Users/amrkandil/github_repos/thesis/Distributed-Tsetlin-Machines/experiments/results_minority/II_x_III/rule15_vs_rule146/metrics.json
15,150,II_x_III,aperiodic,,,0.31485429992892683,0.49413334330852005,0.49695522388059704,0.03326251331766909,0.4992164179104478,coexist,,0.5133333333333333,0.4866666666666667,never,,aperiodic,,/Users/amrkandil/github_repos/thesis/Distributed-Tsetlin-Machines/experiments/results_minority/II_x_III/rule15_vs_rule150/hamming_distance.png,/Users/amrkandil/github_repos/thesis/Distributed-Tsetlin-Machines/experiments/results_minority/II_x_III/rule15_vs_rule150/lag_hamming.png,/Users/amrkandil/github_repos/thesis/Distributed-Tsetlin-Machines/experiments/results_minority/II_x_III/rule15_vs_rule150/metrics.json
19,18,II_x_III,cycle,2,0,0.0,0.0,0.8058109452736318,0.0052344739782299605,0.8059701492537313,coexist,,0.4626865671641791,0.5373134328358209,early,50,cycle,2,/Users/amrkandil/github_repos/thesis/Distributed-Tsetlin-Machines/experiments/results_minority/II_x_III/rule19_vs_rule18/hamming_distance.png,/Users/amrkandil/github_repos/thesis/Distributed-Tsetlin-Machines/experiments/results_minority/II_x_III/rule19_vs_rule18/lag_hamming.png,/Users/amrkandil/github_repos/thesis/Distributed-Tsetlin-Machines/experiments/results_minority/II_x_III/rule19_vs_rule18/metrics.json
19,22,II_x_III,cycle,2,0,4.949053880916121e-16,0.0,0.8594427860696515,0.010365103014967018,0.8606965174129351,coexist,,0.48507462686567165,0.5149253731343284,early,50,cycle,2,/Users/amrkandil/github_repos/thesis/Distributed-Tsetlin-Machines/experiments/results_minority/II_x_III/rule19_vs_rule22/hamming_distance.png,/Users/amrkandil/github_repos/thesis/Distributed-Tsetlin-Machines/experiments/results_minority/II_x_III/rule19_vs_rule22/lag_hamming.png,/Users/amrkandil/github_repos/thesis/Distributed-Tsetlin-Machines/experiments/results_minority/II_x_III/rule19_vs_rule22/metrics.json
19,30,II_x_III,near_cycle,12,0,0.1078156773970763,0.10781567739707631,0.7762587064676616,0.03557517156473876,0.778818407960199,coexist,,0.42706467661691544,0.5729353233830846,early,50,near_cycle,12,/Users/amrkandil/github_repos/thesis/Distributed-Tsetlin-Machines/experiments/results_minority/II_x_III/rule19_vs_rule30/hamming_distance.png,/Users/amrkandil/github_repos/thesis/Distributed-Tsetlin-Machines/experiments/results_minority/II_x_III/rule19_vs_rule30/lag_hamming.png,/Users/amrkandil/github_repos/thesis/Distributed-Tsetlin-Machines/experiments/results_minority/II_x_III/rule19_vs_rule30/metrics.json
19,45,II_x_III,cycle,24,0,2.1210230918211945e-16,0.0,0.76636815920398,0.029474578427785964,0.7644776119402985,coexist,,0.41243781094527365,0.5875621890547263,early,50,cycle,24,/Users/amrkandil/github_repos/thesis/Distributed-Tsetlin-Machines/experiments/results_minority/II_x_III/rule19_vs_rule45/hamming_distance.png,/Users/amrkandil/github_repos/thesis/Distributed-Tsetlin-Machines/experiments/results_minority/II_x_III/rule19_vs_rule45/lag_hamming.png,/Users/amrkandil/github_repos/thesis/Distributed-Tsetlin-Machines/experiments/results_minority/II_x_III/rule19_vs_rule45/metrics.json
19,60,II_x_III,near_cycle,4,0,0.10169555246437845,0.10169555246437836,0.7385174129353234,0.024630953979962303,0.7418781094527364,coexist,,0.4664179104477612,0.5335820895522388,late,150,near_cycle,4,/Users/amrkandil/github_repos/thesis/Distributed-Tsetlin-Machines/experiments/results_minority/II_x_III/rule19_vs_rule60/hamming_distance.png,/Users/amrkandil/github_repos/thesis/Distributed-Tsetlin-Machines/experiments/results_minority/II_x_III/rule19_vs_rule60/lag_hamming.png,/Users/amrkandil/github_repos/thesis/Distributed-Tsetlin-Machines/experiments/results_minority/II_x_III/rule19_vs_rule60/metrics.json
19,90,II_x_III,aperiodic,,,0.45318395170676185,0.45318395170676185,0.6561492537313434,0.035585532739345935,0.6573756218905473,coexist,,0.35378109452736317,0.6462189054726368,never,,aperiodic,,/Users/amrkandil/github_repos/thesis/Distributed-Tsetlin-Machines/experiments/results_minority/II_x_III/rule19_vs_rule90/hamming_distance.png,/Users/amrkandil/github_repos/thesis/Distributed-Tsetlin-Machines/experiments/results_minority/II_x_III/rule19_vs_rule90/lag_hamming.png,/Users/amrkandil/github_repos/thesis/Distributed-Tsetlin-Machines/experiments/results_minority/II_x_III/rule19_vs_rule90/metrics.json
19,105,II_x_III,aperiodic,,,0.3122047194756695,0.3122047194756695,0.6308557213930348,0.03895582622816366,0.6201990049751244,coexist,,0.41497512437810946,0.5850248756218905,never,,aperiodic,,/Users/amrkandil/github_repos/thesis/Distributed-Tsetlin-Machines/experiments/results_minority/II_x_III/rule19_vs_rule105/hamming_distance.png,/Users/amrkandil/github_repos/thesis/Distributed-Tsetlin-Machines/experiments/results_minority/II_x_III/rule19_vs_rule105/lag_hamming.png,/Users/amrkandil/github_repos/thesis/Distributed-Tsetlin-Machines/experiments/results_minority/II_x_III/rule19_vs_rule105/metrics.json
19,122,II_x_III,near_cycle,6,0,0.19302223061905666,0.19302223061905663,0.7491940298507463,0.04151002888408982,0.7531840796019901,coexist,,0.43134328358208956,0.5686567164179105,late,334,near_cycle,6,/Users/amrkandil/github_repos/thesis/Distributed-Tsetlin-Machines/experiments/results_minority/II_x_III/rule19_vs_rule122/hamming_distance.png,/Users/amrkandil/github_repos/thesis/Distributed-Tsetlin-Machines/experiments/results_minority/II_x_III/rule19_vs_rule122/lag_hamming.png,/Users/amrkandil/github_repos/thesis/Distributed-Tsetlin-Machines/experiments/results_minority/II_x_III/rule19_vs_rule122/metrics.json
19,126,II_x_III,near_cycle,4,0,0.10959058611225986,0.10959058611225986,0.31676616915422884,0.05254944360945015,0.3068905472636816,coexist,,0.47497512437810946,0.5250248756218906,early,50,near_cycle,4,/Users/amrkandil/github_repos/thesis/Distributed-Tsetlin-Machines/experiments/results_minority/II_x_III/rule19_vs_rule126/hamming_distance.png,/Users/amrkandil/github_repos/thesis/Distributed-Tsetlin-Machines/experiments/results_minority/II_x_III/rule19_vs_rule126/lag_hamming.png,/Users/amrkandil/github_repos/thesis/Distributed-Tsetlin-Machines/experiments/results_minority/II_x_III/rule19_vs_rule126/metrics.json
19,146,II_x_III,cycle,6,0,2.828030789094926e-16,0.0,0.7742686567164178,0.01152427828006978,0.7745149253731343,coexist,,0.45592039800995027,0.5440796019900498,early,50,cycle,6,/Users/amrkandil/github_repos/thesis/Distributed-Tsetlin-Machines/experiments/results_minority/II_x_III/rule19_vs_rule146/hamming_distance.png,/Users/amrkandil/github_repos/thesis/Distributed-Tsetlin-Machines/experiments/results_minority/II_x_III/rule19_vs_rule146/lag_hamming.png,/Users/amrkandil/github_repos/thesis/Distributed-Tsetlin-Machines/experiments/results_minority/II_x_III/rule19_vs_rule146/metrics.json
19,150,II_x_III,cycle,24,0,2.1210230918211945e-16,0.0,0.7405671641791046,0.029122409749794225,0.7429228855721394,coexist,,0.4665174129353234,0.5334825870646767,early,50,cycle,24,/Users/amrkandil/github_repos/thesis/Distributed-Tsetlin-Machines/experiments/results_minority/II_x_III/rule19_vs_rule150/hamming_distance.png,/Users/amrkandil/github_repos/thesis/Distributed-Tsetlin-Machines/experiments/results_minority/II_x_III/rule19_vs_rule150/lag_hamming.png,/Users/amrkandil/github_repos/thesis/Distributed-Tsetlin-Machines/experiments/results_minority/II_x_III/rule19_vs_rule150/metrics.json
23,18,II_x_III,cycle,2,0,0.0,0.0,0.9066368159203981,0.020230622510838858,0.9104477611940299,coexist,,0.43034825870646765,0.5696517412935324,early,50,cycle,2,/Users/amrkandil/github_repos/thesis/Distributed-Tsetlin-Machines/experiments/results_minority/II_x_III/rule23_vs_rule18/hamming_distance.png,/Users/amrkandil/github_repos/thesis/Distributed-Tsetlin-Machines/experiments/results_minority/II_x_III/rule23_vs_rule18/lag_hamming.png,/Users/amrkandil/github_repos/thesis/Distributed-Tsetlin-Machines/experiments/results_minority/II_x_III/rule23_vs_rule18/metrics.json
23,22,II_x_III,cycle,12,0,7.070076972737315e-17,0.0,0.930308457711443,0.029877241972469416,0.9353233830845773,coexist,,0.47691542288557215,0.5230845771144279,early,50,cycle,12,/Users/amrkandil/github_repos/thesis/Distributed-Tsetlin-Machines/experiments/results_minority/II_x_III/rule23_vs_rule22/hamming_distance.png,/Users/amrkandil/github_repos/thesis/Distributed-Tsetlin-Machines/experiments/results_minority/II_x_III/rule23_vs_rule22/lag_hamming.png,/Users/amrkandil/github_repos/thesis/Distributed-Tsetlin-Machines/experiments/results_minority/II_x_III/rule23_vs_rule22/metrics.json
23,30,II_x_III,near_cycle,12,0,0.16613590146951623,0.16613590146951618,0.7291343283582089,0.03007167991684967,0.730721393034826,coexist,,0.4078109452736318,0.5921890547263682,early,50,near_cycle,12,/Users/amrkandil/github_repos/thesis/Distributed-Tsetlin-Machines/experiments/results_minority/II_x_III/rule23_vs_rule30/hamming_distance.png,/Users/amrkandil/github_repos/thesis/Distributed-Tsetlin-Machines/experiments/results_minority/II_x_III/rule23_vs_rule30/lag_hamming.png,/Users/amrkandil/github_repos/thesis/Distributed-Tsetlin-Machines/experiments/results_minority/II_x_III/rule23_vs_rule30/metrics.json
23,45,II_x_III,cycle,16,0,7.070076972737315e-17,0.0,0.8045472636815921,0.02687129294424504,0.8053482587064678,coexist,,0.4298507462686567,0.5701492537313433,early,50,cycle,16,/Users/amrkandil/github_repos/thesis/Distributed-Tsetlin-Machines/experiments/results_minority/II_x_III/rule23_vs_rule45/hamming_distance.png,/Users/amrkandil/github_repos/thesis/Distributed-Tsetlin-Machines/experiments/results_minority/II_x_III/rule23_vs_rule45/lag_hamming.png,/Users/amrkandil/github_repos/thesis/Distributed-Tsetlin-Machines/experiments/results_minority/II_x_III/rule23_vs_rule45/metrics.json
23,60,II_x_III,cycle,32,0,7.070076972737315e-17,0.0,0.7494925373134329,0.02123865155310158,0.751268656716418,coexist,,0.44472636815920397,0.555273631840796,early,100,cycle,32,/Users/amrkandil/github_repos/thesis/Distributed-Tsetlin-Machines/experiments/results_minority/II_x_III/rule23_vs_rule60/hamming_distance.png,/Users/amrkandil/github_repos/thesis/Distributed-Tsetlin-Machines/experiments/results_minority/II_x_III/rule23_vs_rule60/lag_hamming.png,/Users/amrkandil/github_repos/thesis/Distributed-Tsetlin-Machines/experiments/results_minority/II_x_III/rule23_vs_rule60/metrics.json
23,90,II_x_III,aperiodic,,,0.45549885533770734,0.45549885533770734,0.6525273631840796,0.033202026966561105,0.6516044776119404,coexist,,0.35776119402985074,0.6422388059701493,never,,aperiodic,,/Users/amrkandil/github_repos/thesis/Distributed-Tsetlin-Machines/experiments/results_minority/II_x_III/rule23_vs_rule90/hamming_distance.png,/Users/amrkandil/github_repos/thesis/Distributed-Tsetlin-Machines/experiments/results_minority/II_x_III/rule23_vs_rule90/lag_hamming.png,/Users/amrkandil/github_repos/thesis/Distributed-Tsetlin-Machines/experiments/results_minority/II_x_III/rule23_vs_rule90/metrics.json
23,105,II_x_III,cycle,12,0,0.0,0.0,0.530676616915423,0.043435555242465874,0.5224129353233831,coexist,,0.4171641791044776,0.5828358208955224,early,50,cycle,12,/Users/amrkandil/github_repos/thesis/Distributed-Tsetlin-Machines/experiments/results_minority/II_x_III/rule23_vs_rule105/hamming_distance.png,/Users/amrkandil/github_repos/thesis/Distributed-Tsetlin-Machines/experiments/results_minority/II_x_III/rule23_vs_rule105/lag_hamming.png,/Users/amrkandil/github_repos/thesis/Distributed-Tsetlin-Machines/experiments/results_minority/II_x_III/rule23_vs_rule105/metrics.json
23,122,II_x_III,aperiodic,,,0.32634296870079976,0.3263429687007998,0.738358208955224,0.029447483396029726,0.7399751243781095,coexist,,0.4437810945273632,0.5562189054726369,never,,aperiodic,,/Users/amrkandil/github_repos/thesis/Distributed-Tsetlin-Machines/experiments/results_minority/II_x_III/rule23_vs_rule122/hamming_distance.png,/Users/amrkandil/github_repos/thesis/Distributed-Tsetlin-Machines/experiments/results_minority/II_x_III/rule23_vs_rule122/lag_hamming.png,/Users/amrkandil/github_repos/thesis/Distributed-Tsetlin-Machines/experiments/results_minority/II_x_III/rule23_vs_rule122/metrics.json
23,126,II_x_III,near_cycle,24,0,0.08656980350238201,0.08656980350238198,0.4985074626865672,0.03452177109287882,0.49590796019900496,coexist,,0.4684577114427861,0.531542288557214,late,334,near_cycle,24,/Users/amrkandil/github_repos/thesis/Distributed-Tsetlin-Machines/experiments/results_minority/II_x_III/rule23_vs_rule126/hamming_distance.png,/Users/amrkandil/github_repos/thesis/Distributed-Tsetlin-Machines/experiments/results_minority/II_x_III/rule23_vs_rule126/lag_hamming.png,/Users/amrkandil/github_repos/thesis/Distributed-Tsetlin-Machines/experiments/results_minority/II_x_III/rule23_vs_rule126/metrics.json
23,146,II_x_III,near_cycle,4,0,0.11170846021780255,0.11170846021780267,0.7476417910447762,0.02716974775717079,0.7527611940298508,coexist,,0.39313432835820894,0.6068656716417911,early,100,near_cycle,4,/Users/amrkandil/github_repos/thesis/Distributed-Tsetlin-Machines/experiments/results_minority/II_x_III/rule23_vs_rule146/hamming_distance.png,/Users/amrkandil/github_repos/thesis/Distributed-Tsetlin-Machines/experiments/results_minority/II_x_III/rule23_vs_rule146/lag_hamming.png,/Users/amrkandil/github_repos/thesis/Distributed-Tsetlin-Machines/experiments/results_minority/II_x_III/rule23_vs_rule146/metrics.json
23,150,II_x_III,near_cycle,4,0,0.1683521936914922,0.16835219369149215,0.6074925373134329,0.030482032869596675,0.6066791044776119,coexist,,0.4039800995024876,0.5960199004975124,late,334,near_cycle,4,/Users/amrkandil/github_repos/thesis/Distributed-Tsetlin-Machines/experiments/results_minority/II_x_III/rule23_vs_rule150/hamming_distance.png,/Users/amrkandil/github_repos/thesis/Distributed-Tsetlin-Machines/experiments/results_minority/II_x_III/rule23_vs_rule150/lag_hamming.png,/Users/amrkandil/github_repos/thesis/Distributed-Tsetlin-Machines/experiments/results_minority/II_x_III/rule23_vs_rule150/metrics.json
24,18,II_x_III,aperiodic,,,0.1303133455529371,0.2712876719161087,0.4069054726368159,0.029412645835695625,0.4101492537313433,coexist,,0.4017412935323383,0.5982587064676617,never,,aperiodic,,/Users/amrkandil/github_repos/thesis/Distributed-Tsetlin-Machines/experiments/results_minority/II_x_III/rule24_vs_rule18/hamming_distance.png,/Users/amrkandil/github_repos/thesis/Distributed-Tsetlin-Machines/experiments/results_minority/II_x_III/rule24_vs_rule18/lag_hamming.png,/Users/amrkandil/github_repos/thesis/Distributed-Tsetlin-Machines/experiments/results_minority/II_x_III/rule24_vs_rule18/metrics.json
24,22,II_x_III,aperiodic,,,0.36568407960199006,0.4468781094527363,0.44370149253731345,0.04238915281331754,0.4468781094527363,coexist,,0.5113930348258706,0.4886069651741293,never,,aperiodic,,/Users/amrkandil/github_repos/thesis/Distributed-Tsetlin-Machines/experiments/results_minority/II_x_III/rule24_vs_rule22/hamming_distance.png,/Users/amrkandil/github_repos/thesis/Distributed-Tsetlin-Machines/experiments/results_minority/II_x_III/rule24_vs_rule22/lag_hamming.png,/Users/amrkandil/github_repos/thesis/Distributed-Tsetlin-Machines/experiments/results_minority/II_x_III/rule24_vs_rule22/metrics.json
24,30,II_x_III,cycle,2,0,0.0,0.0,0.18797014925373137,0.022474391863770107,0.18407960199004975,coexist,,0.44029850746268656,0.5597014925373134,early,50,cycle,2,/Users/amrkandil/github_repos/thesis/Distributed-Tsetlin-Machines/experiments/results_minority/II_x_III/rule24_vs_rule30/hamming_distance.png,/Users/amrkandil/github_repos/thesis/Distributed-Tsetlin-Machines/experiments/results_minority/II_x_III/rule24_vs_rule30/lag_hamming.png,/Users/amrkandil/github_repos/thesis/Distributed-Tsetlin-Machines/experiments/results_minority/II_x_III/rule24_vs_rule30/metrics.json
24,45,II_x_III,cycle,4,0,2.1210230918211945e-16,0.0,0.34335323383084576,0.012417699162636787,0.34328358208955223,coexist,,0.46766169154228854,0.5323383084577115,early,50,cycle,4,/Users/amrkandil/github_repos/thesis/Distributed-Tsetlin-Machines/experiments/results_minority/II_x_III/rule24_vs_rule45/hamming_distance.png,/Users/amrkandil/github_repos/thesis/Distributed-Tsetlin-Machines/experiments/results_minority/II_x_III/rule24_vs_rule45/lag_hamming.png,/Users/amrkandil/github_repos/thesis/Distributed-Tsetlin-Machines/experiments/results_minority/II_x_III/rule24_vs_rule45/metrics.json
24,60,II_x_III,cycle,4,0,2.1210230918211945e-16,0.0,0.3021592039800995,0.011326735769606158,0.3009950248756219,coexist,,0.49129353233830847,0.5087064676616916,early,50,cycle,4,/Users/amrkandil/github_repos/thesis/Distributed-Tsetlin-Machines/experiments/results_minority/II_x_III/rule24_vs_rule60/hamming_distance.png,/Users/amrkandil/github_repos/thesis/Distributed-Tsetlin-Machines/experiments/results_minority/II_x_III/rule24_vs_rule60/lag_hamming.png,/Users/amrkandil/github_repos/thesis/Distributed-Tsetlin-Machines/experiments/results_minority/II_x_III/rule24_vs_rule60/metrics.json
24,90,II_x_III,aperiodic,,,0.12990186910061216,0.26583872616865545,0.3863283582089552,0.029742297195563858,0.38461442786069655,coexist,,0.424726368159204,0.575273631840796,never,,aperiodic,,/Users/amrkandil/github_repos/thesis/Distributed-Tsetlin-Machines/experiments/results_minority/II_x_III/rule24_vs_rule90/hamming_distance.png,/Users/amrkandil/github_repos/thesis/Distributed-Tsetlin-Machines/experiments/results_minority/II_x_III/rule24_vs_rule90/lag_hamming.png,/Users/amrkandil/github_repos/thesis/Distributed-Tsetlin-Machines/experiments/results_minority/II_x_III/rule24_vs_rule90/metrics.json
24,105,II_x_III,near_cycle,8,0,0.08429860873748304,0.08429860873748307,0.44321393034825873,0.023219819568454116,0.44355721393034825,coexist,,0.5023383084577114,0.49766169154228856,late,200,near_cycle,8,/Users/amrkandil/github_repos/thesis/Distributed-Tsetlin-Machines/experiments/results_minority/II_x_III/rule24_vs_rule105/hamming_distance.png,/Users/amrkandil/github_repos/thesis/Distributed-Tsetlin-Machines/experiments/results_minority/II_x_III/rule24_vs_rule105/lag_hamming.png,/Users/amrkandil/github_repos/thesis/Distributed-Tsetlin-Machines/experiments/results_minority/II_x_III/rule24_vs_rule105/metrics.json
24,122,II_x_III,near_cycle,4,0,0.09298595185282671,0.09298595185282654,0.7625671641791044,0.08220372340881954,0.788955223880597,coexist,,0.19313432835820896,0.806865671641791,late,334,cycle,12,/Users/amrkandil/github_repos/thesis/Distributed-Tsetlin-Machines/experiments/results_minority/II_x_III/rule24_vs_rule122/hamming_distance.png,/Users/amrkandil/github_repos/thesis/Distributed-Tsetlin-Machines/experiments/results_minority/II_x_III/rule24_vs_rule122/lag_hamming.png,/Users/amrkandil/github_repos/thesis/Distributed-Tsetlin-Machines/experiments/results_minority/II_x_III/rule24_vs_rule122/metrics.json
24,126,II_x_III,cycle,4,0,0.0,0.0,0.20519402985074628,0.020246044777937948,0.20149253731343286,coexist,,0.486318407960199,0.513681592039801,early,50,cycle,4,/Users/amrkandil/github_repos/thesis/Distributed-Tsetlin-Machines/experiments/results_minority/II_x_III/rule24_vs_rule126/hamming_distance.png,/Users/amrkandil/github_repos/thesis/Distributed-Tsetlin-Machines/experiments/results_minority/II_x_III/rule24_vs_rule126/lag_hamming.png,/Users/amrkandil/github_repos/thesis/Distributed-Tsetlin-Machines/experiments/results_minority/II_x_III/rule24_vs_rule126/metrics.json
24,146,II_x_III,aperiodic,,,0.11132947362829983,0.11132947362829979,0.4071940298507462,0.024538150675898623,0.40810945273631843,coexist,,0.42049751243781097,0.579502487562189,never,,aperiodic,,/Users/amrkandil/github_repos/thesis/Distributed-Tsetlin-Machines/experiments/results_minority/II_x_III/rule24_vs_rule146/hamming_distance.png,/Users/amrkandil/github_repos/thesis/Distributed-Tsetlin-Machines/experiments/results_minority/II_x_III/rule24_vs_rule146/lag_hamming.png,/Users/amrkandil/github_repos/thesis/Distributed-Tsetlin-Machines/experiments/results_minority/II_x_III/rule24_vs_rule146/metrics.json
24,150,II_x_III,aperiodic,,,0.4045149253731343,0.4463805970149254,0.44729353233830843,0.03564535623337815,0.4463805970149254,coexist,,0.4875124378109453,0.5124875621890548,never,,aperiodic,,/Users/amrkandil/github_repos/thesis/Distributed-Tsetlin-Machines/experiments/results_minority/II_x_III/rule24_vs_rule150/hamming_distance.png,/Users/amrkandil/github_repos/thesis/Distributed-Tsetlin-Machines/experiments/results_minority/II_x_III/rule24_vs_rule150/lag_hamming.png,/Users/amrkandil/github_repos/thesis/Distributed-Tsetlin-Machines/experiments/results_minority/II_x_III/rule24_vs_rule150/metrics.json
25,18,II_x_III,cycle,4,0,0.0,0.0,0.7337412935323384,0.01404860607287346,0.736318407960199,coexist,,0.554726368159204,0.44527363184079605,early,100,cycle,4,/Users/amrkandil/github_repos/thesis/Distributed-Tsetlin-Machines/experiments/results_minority/II_x_III/rule25_vs_rule18/hamming_distance.png,/Users/amrkandil/github_repos/thesis/Distributed-Tsetlin-Machines/experiments/results_minority/II_x_III/rule25_vs_rule18/lag_hamming.png,/Users/amrkandil/github_repos/thesis/Distributed-Tsetlin-Machines/experiments/results_minority/II_x_III/rule25_vs_rule18/metrics.json
25,22,II_x_III,cycle,4,0,0.0,0.0,0.746318407960199,0.03146934296336479,0.7512437810945274,coexist,,0.5373134328358209,0.4626865671641791,early,100,cycle,4,/Users/amrkandil/github_repos/thesis/Distributed-Tsetlin-Machines/experiments/results_minority/II_x_III/rule25_vs_rule22/hamming_distance.png,/Users/amrkandil/github_repos/thesis/Distributed-Tsetlin-Machines/experiments/results_minority/II_x_III/rule25_vs_rule22/lag_hamming.png,/Users/amrkandil/github_repos/thesis/Distributed-Tsetlin-Machines/experiments/results_minority/II_x_III/rule25_vs_rule22/metrics.json
25,30,II_x_III,cycle,4,0,0.0,0.0,0.3221293532338309,0.02355735630148155,0.318407960199005,coexist,,0.4539800995024876,0.5460199004975125,early,50,cycle,4,/Users/amrkandil/github_repos/thesis/Distributed-Tsetlin-Machines/experiments/results_minority/II_x_III/rule25_vs_rule30/hamming_distance.png,/Users/amrkandil/github_repos/thesis/Distributed-Tsetlin-Machines/experiments/results_minority/II_x_III/rule25_vs_rule30/lag_hamming.png,/Users/amrkandil/github_repos/thesis/Distributed-Tsetlin-Machines/experiments/results_minority/II_x_III/rule25_vs_rule30/metrics.json
25,45,II_x_III,cycle,12,0,0.0,0.0,0.42283582089552235,0.01861647401164149,0.42123134328358214,coexist,,0.48711442786069653,0.5128855721393035,early,50,cycle,12,/Users/amrkandil/github_repos/thesis/Distributed-Tsetlin-Machines/experiments/results_minority/II_x_III/rule25_vs_rule45/hamming_distance.png,/Users/amrkandil/github_repos/thesis/Distributed-Tsetlin-Machines/experiments/results_minority/II_x_III/rule25_vs_rule45/lag_hamming.png,/Users/amrkandil/github_repos/thesis/Distributed-Tsetlin-Machines/experiments/results_minority/II_x_III/rule25_vs_rule45/metrics.json
25,60,II_x_III,cycle,4,0,7.070076972737315e-17,0.0,0.29628855721393027,0.0211375956661532,0.29353233830845765,coexist,,0.5012437810945274,0.4987562189054726,early,50,cycle,4,/Users/amrkandil/github_repos/thesis/Distributed-Tsetlin-Machines/experiments/results_minority/II_x_III/rule25_vs_rule60/hamming_distance.png,/Users/amrkandil/github_repos/thesis/Distributed-Tsetlin-Machines/experiments/results_minority/II_x_III/rule25_vs_rule60/lag_hamming.png,/Users/amrkandil/github_repos/thesis/Distributed-Tsetlin-Machines/experiments/results_minority/II_x_III/rule25_vs_rule60/metrics.json
25,90,II_x_III,aperiodic,,,0.4469257721417973,0.49625307048716316,0.5811144278606966,0.030677435064765713,0.580820895522388,coexist,,0.498955223880597,0.501044776119403,never,,aperiodic,,/Users/amrkandil/github_repos/thesis/Distributed-Tsetlin-Machines/experiments/results_minority/II_x_III/rule25_vs_rule90/hamming_distance.png,/Users/amrkandil/github_repos/thesis/Distributed-Tsetlin-Machines/experiments/results_minority/II_x_III/rule25_vs_rule90/lag_hamming.png,/Users/amrkandil/github_repos/thesis/Distributed-Tsetlin-Machines/experiments/results_minority/II_x_III/rule25_vs_rule90/metrics.json
25,105,II_x_III,aperiodic,,,0.32524358815341575,0.32524358815341575,0.553592039800995,0.02875863578474643,0.5516169154228856,coexist,,0.5031343283582089,0.496865671641791,never,,aperiodic,,/Users/amrkandil/github_repos/thesis/Distributed-Tsetlin-Machines/experiments/results_minority/II_x_III/rule25_vs_rule105/hamming_distance.png,/Users/amrkandil/github_repos/thesis/Distributed-Tsetlin-Machines/experiments/results_minority/II_x_III/rule25_vs_rule105/lag_hamming.png,/Users/amrkandil/github_repos/thesis/Distributed-Tsetlin-Machines/experiments/results_minority/II_x_III/rule25_vs_rule105/metrics.json
25,122,II_x_III,aperiodic,,,0.44846121153028823,0.5203130078251956,0.6149751243781095,0.032005907414924775,0.6144278606965174,coexist,,0.508905472636816,0.4910945273631841,never,,aperiodic,,/Users/amrkandil/github_repos/thesis/Distributed-Tsetlin-Machines/experiments/results_minority/II_x_III/rule25_vs_rule122/hamming_distance.png,/Users/amrkandil/github_repos/thesis/Distributed-Tsetlin-Machines/experiments/results_minority/II_x_III/rule25_vs_rule122/lag_hamming.png,/Users/amrkandil/github_repos/thesis/Distributed-Tsetlin-Machines/experiments/results_minority/II_x_III/rule25_vs_rule122/metrics.json
25,126,II_x_III,cycle,2,0,2.1210230918211945e-16,0.0,0.2278407960199005,0.025952026615532944,0.22388059701492538,coexist,,0.4552238805970149,0.5447761194029851,early,50,cycle,2,/Users/amrkandil/github_repos/thesis/Distributed-Tsetlin-Machines/experiments/results_minority/II_x_III/rule25_vs_rule126/hamming_distance.png,/Users/amrkandil/github_repos/thesis/Distributed-Tsetlin-Machines/experiments/results_minority/II_x_III/rule25_vs_rule126/lag_hamming.png,/Users/amrkandil/github_repos/thesis/Distributed-Tsetlin-Machines/experiments/results_minority/II_x_III/rule25_vs_rule126/metrics.json
25,146,II_x_III,aperiodic,,,0.3798058055777094,0.37980580557770943,0.6281691542288558,0.028438115578619645,0.6265422885572139,coexist,,0.5209452736318408,0.4790547263681592,never,,aperiodic,,/Users/amrkandil/github_repos/thesis/Distributed-Tsetlin-Machines/experiments/results_minority/II_x_III/rule25_vs_rule146/hamming_distance.png,/Users/amrkandil/github_repos/thesis/Distributed-Tsetlin-Machines/experiments/results_minority/II_x_III/rule25_vs_rule146/lag_hamming.png,/Users/amrkandil/github_repos/thesis/Distributed-Tsetlin-Machines/experiments/results_minority/II_x_III/rule25_vs_rule146/metrics.json
25,150,II_x_III,aperiodic,,,0.36018790804342604,0.360187908043426,0.5911044776119403,0.02905262038302263,0.5930223880597015,coexist,,0.502587064676617,0.4974129353233831,never,,aperiodic,,/Users/amrkandil/github_repos/thesis/Distributed-Tsetlin-Machines/experiments/results_minority/II_x_III/rule25_vs_rule150/hamming_distance.png,/Users/amrkandil/github_repos/thesis/Distributed-Tsetlin-Machines/experiments/results_minority/II_x_III/rule25_vs_rule150/lag_hamming.png,/Users/amrkandil/github_repos/thesis/Distributed-Tsetlin-Machines/experiments/results_minority/II_x_III/rule25_vs_rule150/metrics.json
26,18,II_x_III,aperiodic,,,0.2536691542288557,0.507226368159204,0.5078805970149254,0.036160956320468646,0.507226368159204,coexist,,0.5149751243781094,0.48502487562189056,never,,aperiodic,,/Users/amrkandil/github_repos/thesis/Distributed-Tsetlin-Machines/experiments/results_minority/II_x_III/rule26_vs_rule18/hamming_distance.png,/Users/amrkandil/github_repos/thesis/Distributed-Tsetlin-Machines/experiments/results_minority/II_x_III/rule26_vs_rule18/lag_hamming.png,/Users/amrkandil/github_repos/thesis/Distributed-Tsetlin-Machines/experiments/results_minority/II_x_III/rule26_vs_rule18/metrics.json
26,22,II_x_III,aperiodic,,,0.3854601990049751,0.5822512437810945,0.5818706467661691,0.04101206717200979,0.5822512437810945,coexist,,0.6026865671641791,0.3973134328358209,never,,aperiodic,,/Users/amrkandil/github_repos/thesis/Distributed-Tsetlin-Machines/experiments/results_minority/II_x_III/rule26_vs_rule22/hamming_distance.png,/Users/amrkandil/github_repos/thesis/Distributed-Tsetlin-Machines/experiments/results_minority/II_x_III/rule26_vs_rule22/lag_hamming.png,/Users/amrkandil/github_repos/thesis/Distributed-Tsetlin-Machines/experiments/results_minority/II_x_III/rule26_vs_rule22/metrics.json
26,30,II_x_III,aperiodic,,,0.42115238344617767,0.5322510255738849,0.5674726368159204,0.03259300997757847,0.5677363184079602,coexist,,0.5194527363184079,0.48054726368159206,never,,aperiodic,,/Users/amrkandil/github_repos/thesis/Distributed-Tsetlin-Machines/experiments/results_minority/II_x_III/rule26_vs_rule30/hamming_distance.png,/Users/amrkandil/github_repos/thesis/Distributed-Tsetlin-Machines/experiments/results_minority/II_x_III/rule26_vs_rule30/lag_hamming.png,/Users/amrkandil/github_repos/thesis/Distributed-Tsetlin-Machines/experiments/results_minority/II_x_III/rule26_vs_rule30/metrics.json
26,45,II_x_III,aperiodic,,,0.2729456167438668,0.27294561674386686,0.5460696517412934,0.03014547699773885,0.5454726368159204,coexist,,0.514179104477612,0.48582089552238805,late,334,near_cycle,24,/Users/amrkandil/github_repos/thesis/Distributed-Tsetlin-Machines/experiments/results_minority/II_x_III/rule26_vs_rule45/hamming_distance.png,/Users/amrkandil/github_repos/thesis/Distributed-Tsetlin-Machines/experiments/results_minority/II_x_III/rule26_vs_rule45/lag_hamming.png,/Users/amrkandil/github_repos/thesis/Distributed-Tsetlin-Machines/experiments/results_minority/II_x_III/rule26_vs_rule45/metrics.json
26,60,II_x_III,aperiodic,,,0.38141784778876403,0.381417847788764,0.5576218905472636,0.03157823806326468,0.5586940298507463,coexist,,0.5372636815920399,0.4627363184079602,never,,aperiodic,,/Users/amrkandil/github_repos/thesis/Distributed-Tsetlin-Machines/experiments/results_minority/II_x_III/rule26_vs_rule60/hamming_distance.png,/Users/amrkandil/github_repos/thesis/Distributed-Tsetlin-Machines/experiments/results_minority/II_x_III/rule26_vs_rule60/lag_hamming.png,/Users/amrkandil/github_repos/thesis/Distributed-Tsetlin-Machines/experiments/results_minority/II_x_III/rule26_vs_rule60/metrics.json
26,90,II_x_III,aperiodic,,,0.35475504682103276,0.48727540243643935,0.5569054726368159,0.034698472023895366,0.5574004975124378,coexist,,0.5291044776119403,0.4708955223880597,never,,aperiodic,,/Users/amrkandil/github_repos/thesis/Distributed-Tsetlin-Machines/experiments/results_minority/II_x_III/rule26_vs_rule90/hamming_distance.png,/Users/amrkandil/github_repos/thesis/Distributed-Tsetlin-Machines/experiments/results_minority/II_x_III/rule26_vs_rule90/lag_hamming.png,/Users/amrkandil/github_repos/thesis/Distributed-Tsetlin-Machines/experiments/results_minority/II_x_III/rule26_vs_rule90/metrics.json
26,105,II_x_III,aperiodic,,,0.3704104477611941,0.523047263681592,0.5246467661691543,0.035066645999325886,0.523047263681592,coexist,,0.5251243781094528,0.4748756218905473,never,,aperiodic,,/Users/amrkandil/github_repos/thesis/Distributed-Tsetlin-Machines/experiments/results_minority/II_x_III/rule26_vs_rule105/hamming_distance.png,/Users/amrkandil/github_repos/thesis/Distributed-Tsetlin-Machines/experiments/results_minority/II_x_III/rule26_vs_rule105/lag_hamming.png,/Users/amrkandil/github_repos/thesis/Distributed-Tsetlin-Machines/experiments/results_minority/II_x_III/rule26_vs_rule105/metrics.json
26,122,II_x_III,aperiodic,,,0.3723756218905473,0.5987935323383085,0.5980696517412935,0.03418857400666331,0.5987935323383085,coexist,,0.4925373134328358,0.5074626865671642,never,,aperiodic,,/Users/amrkandil/github_repos/thesis/Distributed-Tsetlin-Machines/experiments/results_minority/II_x_III/rule26_vs_rule122/hamming_distance.png,/Users/amrkandil/github_repos/thesis/Distributed-Tsetlin-Machines/experiments/results_minority/II_x_III/rule26_vs_rule122/lag_hamming.png,/Users/amrkandil/github_repos/thesis/Distributed-Tsetlin-Machines/experiments/results_minority/II_x_III/rule26_vs_rule122/metrics.json
26,126,II_x_III,near_cycle,2,0,0.03278095736854595,0.03278095736854574,0.30525373134328354,0.03164635281112786,0.29774875621890545,coexist,,0.4356218905472637,0.5643781094527364,late,250,cycle,12,/Users/amrkandil/github_repos/thesis/Distributed-Tsetlin-Machines/experiments/results_minority/II_x_III/rule26_vs_rule126/hamming_distance.png,/Users/amrkandil/github_repos/thesis/Distributed-Tsetlin-Machines/experiments/results_minority/II_x_III/rule26_vs_rule126/lag_hamming.png,/Users/amrkandil/github_repos/thesis/Distributed-Tsetlin-Machines/experiments/results_minority/II_x_III/rule26_vs_rule126/metrics.json
26,146,II_x_III,aperiodic,,,0.25398009950248757,0.5078855721393035,0.5088557213930348,0.03830186671995003,0.5078855721393034,coexist,,0.5124378109452736,0.48756218905472637,never,,aperiodic,,/Users/amrkandil/github_repos/thesis/Distributed-Tsetlin-Machines/experiments/results_minority/II_x_III/rule26_vs_rule146/hamming_distance.png,/Users/amrkandil/github_repos/thesis/Distributed-Tsetlin-Machines/experiments/results_minority/II_x_III/rule26_vs_rule146/lag_hamming.png,/Users/amrkandil/github_repos/thesis/Distributed-Tsetlin-Machines/experiments/results_minority/II_x_III/rule26_vs_rule146/metrics.json
26,150,II_x_III,aperiodic,,,0.4172885572139303,0.5601492537313433,0.5597213930348257,0.03404889636071321,0.5601492537313433,coexist,,0.5317412935323383,0.4682587064676617,never,,aperiodic,,/Users/amrkandil/github_repos/thesis/Distributed-Tsetlin-Machines/experiments/results_minority/II_x_III/rule26_vs_rule150/hamming_distance.png,/Users/amrkandil/github_repos/thesis/Distributed-Tsetlin-Machines/experiments/results_minority/II_x_III/rule26_vs_rule150/lag_hamming.png,/Users/amrkandil/github_repos/thesis/Distributed-Tsetlin-Machines/experiments/results_minority/II_x_III/rule26_vs_rule150/metrics.json
27,18,II_x_III,cycle,4,0,0.0,0.0,0.7705671641791043,0.008470204410951258,0.7711442786069651,coexist,,0.4962686567164179,0.503731343283582,early,50,cycle,4,/Users/amrkandil/github_repos/thesis/Distributed-Tsetlin-Machines/experiments/results_minority/II_x_III/rule27_vs_rule18/hamming_distance.png,/Users/amrkandil/github_repos/thesis/Distributed-Tsetlin-Machines/experiments/results_minority/II_x_III/rule27_vs_rule18/lag_hamming.png,/Users/amrkandil/github_repos/thesis/Distributed-Tsetlin-Machines/experiments/results_minority/II_x_III/rule27_vs_rule18/metrics.json
27,22,II_x_III,cycle,4,0,7.070076972737315e-17,0.0,0.8041094527363184,0.01497018480210194,0.8059701492537314,coexist,,0.4975124378109453,0.5024875621890548,early,50,cycle,4,/Users/amrkandil/github_repos/thesis/Distributed-Tsetlin-Machines/experiments/results_minority/II_x_III/rule27_vs_rule22/hamming_distance.png,/Users/amrkandil/github_repos/thesis/Distributed-Tsetlin-Machines/experiments/results_minority/II_x_III/rule27_vs_rule22/lag_hamming.png,/Users/amrkandil/github_repos/thesis/Distributed-Tsetlin-Machines/experiments/results_minority/II_x_III/rule27_vs_rule22/metrics.json
27,30,II_x_III,near_cycle,2,-1,0.21750894649559227,0.3671118093741817,0.7194626865671642,0.022116347873156052,0.721865671641791,coexist,,0.4963681592039801,0.5036318407960199,late,334,near_cycle,2,/Users/amrkandil/github_repos/thesis/Distributed-Tsetlin-Machines/experiments/results_minority/II_x_III/rule27_vs_rule30/hamming_distance.png,/Users/amrkandil/github_repos/thesis/Distributed-Tsetlin-Machines/experiments/results_minority/II_x_III/rule27_vs_rule30/lag_hamming.png,/Users/amrkandil/github_repos/thesis/Distributed-Tsetlin-Machines/experiments/results_minority/II_x_III/rule27_vs_rule30/metrics.json
27,45,II_x_III,cycle,8,0,2.828030789094926e-16,0.0,0.7824776119402984,0.025773216843608424,0.7860696517412936,coexist,,0.42835820895522386,0.5716417910447761,early,100,cycle,8,/Users/amrkandil/github_repos/thesis/Distributed-Tsetlin-Machines/experiments/results_minority/II_x_III/rule27_vs_rule45/hamming_distance.png,/Users/amrkandil/github_repos/thesis/Distributed-Tsetlin-Machines/experiments/results_minority/II_x_III/rule27_vs_rule45/lag_hamming.png,/Users/amrkandil/github_repos/thesis/Distributed-Tsetlin-Machines/experiments/results_minority/II_x_III/rule27_vs_rule45/metrics.json
27,60,II_x_III,cycle,48,0,7.070076972737315e-17,0.0,0.7103980099502487,0.025090563915821425,0.7133830845771145,coexist,,0.4827363184079602,0.5172636815920398,early,100,cycle,48,/Users/amrkandil/github_repos/thesis/Distributed-Tsetlin-Machines/experiments/results_minority/II_x_III/rule27_vs_rule60/hamming_distance.png,/Users/amrkandil/github_repos/thesis/Distributed-Tsetlin-Machines/experiments/results_minority/II_x_III/rule27_vs_rule60/lag_hamming.png,/Users/amrkandil/github_repos/thesis/Distributed-Tsetlin-Machines/experiments/results_minority/II_x_III/rule27_vs_rule60/metrics.json
27,90,II_x_III,aperiodic,,,0.4273120612476465,0.5095824137458073,0.6069253731343284,0.03284333398142115,0.6055597014925374,coexist,,0.47492537313432837,0.5250746268656716,never,,aperiodic,,/Users/amrkandil/github_repos/thesis/Distributed-Tsetlin-Machines/experiments/results_minority/II_x_III/rule27_vs_rule90/hamming_distance.png,/Users/amrkandil/github_repos/thesis/Distributed-Tsetlin-Machines/experiments/results_minority/II_x_III/rule27_vs_rule90/lag_hamming.png,/Users/amrkandil/github_repos/thesis/Distributed-Tsetlin-Machines/experiments/results_minority/II_x_III/rule27_vs_rule90/metrics.json
27,105,II_x_III,near_cycle,4,0,0.16410391368096544,0.16410391368096544,0.732318407960199,0.04331090348325269,0.7473756218905472,coexist,,0.4543781094527363,0.5456218905472637,late,334,near_cycle,4,/Users/amrkandil/github_repos/thesis/Distributed-Tsetlin-Machines/experiments/results_minority/II_x_III/rule27_vs_rule105/hamming_distance.png,/Users/amrkandil/github_repos/thesis/Distributed-Tsetlin-Machines/experiments/results_minority/II_x_III/rule27_vs_rule105/lag_hamming.png,/Users/amrkandil/github_repos/thesis/Distributed-Tsetlin-Machines/experiments/results_minority/II_x_III/rule27_vs_rule105/metrics.json
27,122,II_x_III,aperiodic,,,0.38181245670382263,0.38181245670382263,0.6486865671641792,0.03256978160040655,0.6486442786069653,coexist,,0.48945273631840797,0.5105472636815921,never,,aperiodic,,/Users/amrkandil/github_repos/thesis/Distributed-Tsetlin-Machines/experiments/results_minority/II_x_III/rule27_vs_rule122/hamming_distance.png,/Users/amrkandil/github_repos/thesis/Distributed-Tsetlin-Machines/experiments/results_minority/II_x_III/rule27_vs_rule122/lag_hamming.png,/Users/amrkandil/github_repos/thesis/Distributed-Tsetlin-Machines/experiments/results_minority/II_x_III/rule27_vs_rule122/metrics.json
27,126,II_x_III,near_cycle,2,0,0.0680058354842331,0.06800583548423297,0.4695323383084577,0.020398388541566115,0.46696517412935323,coexist,,0.424228855721393,0.575771144278607,late,334,near_cycle,2,/Users/amrkandil/github_repos/thesis/Distributed-Tsetlin-Machines/experiments/results_minority/II_x_III/rule27_vs_rule126/hamming_distance.png,/Users/amrkandil/github_repos/thesis/Distributed-Tsetlin-Machines/experiments/results_minority/II_x_III/rule27_vs_rule126/lag_hamming.png,/Users/amrkandil/github_repos/thesis/Distributed-Tsetlin-Machines/experiments/results_minority/II_x_III/rule27_vs_rule126/metrics.json
27,146,II_x_III,cycle,48,0,0.0,0.0,0.677452736318408,0.00989509090104793,0.6772512437810946,coexist,,0.43955223880597016,0.5604477611940298,early,50,cycle,48,/Users/amrkandil/github_repos/thesis/Distributed-Tsetlin-Machines/experiments/results_minority/II_x_III/rule27_vs_rule146/hamming_distance.png,/Users/amrkandil/github_repos/thesis/Distributed-Tsetlin-Machines/experiments/results_minority/II_x_III/rule27_vs_rule146/lag_hamming.png,/Users/amrkandil/github_repos/thesis/Distributed-Tsetlin-Machines/experiments/results_minority/II_x_III/rule27_vs_rule146/metrics.json
27,150,II_x_III,near_cycle,2,0,0.19997755582987317,0.1999775558298732,0.6212736318407962,0.02147307945449092,0.6205597014925374,coexist,,0.41243781094527365,0.5875621890547263,late,200,near_cycle,2,/Users/amrkandil/github_repos/thesis/Distributed-Tsetlin-Machines/experiments/results_minority/II_x_III/rule27_vs_rule150/hamming_distance.png,/Users/amrkandil/github_repos/thesis/Distributed-Tsetlin-Machines/experiments/results_minority/II_x_III/rule27_vs_rule150/lag_hamming.png,/Users/amrkandil/github_repos/thesis/Distributed-Tsetlin-Machines/experiments/results_minority/II_x_III/rule27_vs_rule150/metrics.json
28,18,II_x_III,cycle,2,0,6.363069275463583e-16,0.0,0.16882587064676616,0.0499413393176165,0.15422885572139303,coexist,,0.7786069651741293,0.22139303482587064,early,100,cycle,2,/Users/amrkandil/github_repos/thesis/Distributed-Tsetlin-Machines/experiments/results_minority/II_x_III/rule28_vs_rule18/hamming_distance.png,/Users/amrkandil/github_repos/thesis/Distributed-Tsetlin-Machines/experiments/results_minority/II_x_III/rule28_vs_rule18/lag_hamming.png,/Users/amrkandil/github_repos/thesis/Distributed-Tsetlin-Machines/experiments/results_minority/II_x_III/rule28_vs_rule18/metrics.json
28,22,II_x_III,cycle,4,0,0.0,0.0,0.139681592039801,0.03581751780647678,0.13184079601990048,coexist,,0.7599502487562189,0.24004975124378108,early,50,cycle,4,/Users/amrkandil/github_repos/thesis/Distributed-Tsetlin-Machines/experiments/results_minority/II_x_III/rule28_vs_rule22/hamming_distance.png,/Users/amrkandil/github_repos/thesis/Distributed-Tsetlin-Machines/experiments/results_minority/II_x_III/rule28_vs_rule22/lag_hamming.png,/Users/amrkandil/github_repos/thesis/Distributed-Tsetlin-Machines/experiments/results_minority/II_x_III/rule28_vs_rule22/metrics.json
28,30,II_x_III,cycle,2,0,7.070076972737316e-16,0.0,0.08731343283582088,0.02318829633038561,0.08457711442786067,coexist,,0.5796019900497512,0.42039800995024873,early,50,cycle,2,/Users/amrkandil/github_repos/thesis/Distributed-Tsetlin-Machines/experiments/results_minority/II_x_III/rule28_vs_rule30/hamming_distance.png,/Users/amrkandil/github_repos/thesis/Distributed-Tsetlin-Machines/experiments/results_minority/II_x_III/rule28_vs_rule30/lag_hamming.png,/Users/amrkandil/github_repos/thesis/Distributed-Tsetlin-Machines/experiments/results_minority/II_x_III/rule28_vs_rule30/metrics.json
28,45,II_x_III,cycle,4,0,7.070076972737315e-17,0.0,0.28185074626865675,0.013044787504121996,0.2810945273631841,coexist,,0.6194029850746269,0.3805970149253731,early,50,cycle,4,/Users/amrkandil/github_repos/thesis/Distributed-Tsetlin-Machines/experiments/results_minority/II_x_III/rule28_vs_rule45/hamming_distance.png,/Users/amrkandil/github_repos/thesis/Distributed-Tsetlin-Machines/experiments/results_minority/II_x_III/rule28_vs_rule45/lag_hamming.png,/Users/amrkandil/github_repos/thesis/Distributed-Tsetlin-Machines/experiments/results_minority/II_x_III/rule28_vs_rule45/metrics.json
28,60,II_x_III,cycle,8,0,3.535038486368658e-16,0.0,0.19067661691542287,0.02332040079077226,0.18781094527363185,coexist,,0.6448756218905473,0.35512437810945274,early,50,cycle,8,/Users/amrkandil/github_repos/thesis/Distributed-Tsetlin-Machines/experiments/results_minority/II_x_III/rule28_vs_rule60/hamming_distance.png,/Users/amrkandil/github_repos/thesis/Distributed-Tsetlin-Machines/experiments/results_minority/II_x_III/rule28_vs_rule60/lag_hamming.png,/Users/amrkandil/github_repos/thesis/Distributed-Tsetlin-Machines/experiments/results_minority/II_x_III/rule28_vs_rule60/metrics.json
28,90,II_x_III,near_cycle,2,0,0.12331824586341483,0.12331824586341475,0.29853731343283585,0.018677576397982495,0.2960323383084577,coexist,,0.7637810945273632,0.23621890547263683,early,100,near_cycle,2,/Users/amrkandil/github_repos/thesis/Distributed-Tsetlin-Machines/experiments/results_minority/II_x_III/rule28_vs_rule90/hamming_distance.png,/Users/amrkandil/github_repos/thesis/Distributed-Tsetlin-Machines/experiments/results_minority/II_x_III/rule28_vs_rule90/lag_hamming.png,/Users/amrkandil/github_repos/thesis/Distributed-Tsetlin-Machines/experiments/results_minority/II_x_III/rule28_vs_rule90/metrics.json
28,105,II_x_III,cycle,24,0,0.0,0.0,0.3305671641791045,0.01444917279948036,0.33,coexist,,0.6873134328358209,0.3126865671641791,early,50,cycle,24,/Users/amrkandil/github_repos/thesis/Distributed-Tsetlin-Machines/experiments/results_minority/II_x_III/rule28_vs_rule105/hamming_distance.png,/Users/amrkandil/github_repos/thesis/Distributed-Tsetlin-Machines/experiments/results_minority/II_x_III/rule28_vs_rule105/lag_hamming.png,/Users/amrkandil/github_repos/thesis/Distributed-Tsetlin-Machines/experiments/results_minority/II_x_III/rule28_vs_rule105/metrics.json
28,122,II_x_III,near_cycle,2,0,0.057457075524632896,0.05745707552463248,0.42493532338308454,0.011512072303352078,0.42527363184079603,coexist,,0.6653731343283582,0.3346268656716418,late,150,cycle,12,/Users/amrkandil/github_repos/thesis/Distributed-Tsetlin-Machines/experiments/results_minority/II_x_III/rule28_vs_rule122/hamming_distance.png,/Users/amrkandil/github_repos/thesis/Distributed-Tsetlin-Machines/experiments/results_minority/II_x_III/rule28_vs_rule122/lag_hamming.png,/Users/amrkandil/github_repos/thesis/Distributed-Tsetlin-Machines/experiments/results_minority/II_x_III/rule28_vs_rule122/metrics.json
28,126,II_x_III,cycle,2,0,0.0,0.0,0.17085572139303476,0.015176197559078152,0.16915422885572134,coexist,,0.6517412935323383,0.3482587064676617,early,50,cycle,2,/Users/amrkandil/github_repos/thesis/Distributed-Tsetlin-Machines/experiments/results_minority/II_x_III/rule28_vs_rule126/hamming_distance.png,/Users/amrkandil/github_repos/thesis/Distributed-Tsetlin-Machines/experiments/results_minority/II_x_III/rule28_vs_rule126/lag_hamming.png,/Users/amrkandil/github_repos/thesis/Distributed-Tsetlin-Machines/experiments/results_minority/II_x_III/rule28_vs_rule126/metrics.json
28,146,II_x_III,cycle,36,0,0.0,0.0,0.2322985074626866,0.03226134584578413,0.22529850746268656,coexist,,0.7655721393034826,0.23442786069651741,early,100,cycle,36,/Users/amrkandil/github_repos/thesis/Distributed-Tsetlin-Machines/experiments/results_minority/II_x_III/rule28_vs_rule146/hamming_distance.png,/Users/amrkandil/github_repos/thesis/Distributed-Tsetlin-Machines/experiments/results_minority/II_x_III/rule28_vs_rule146/lag_hamming.png,/Users/amrkandil/github_repos/thesis/Distributed-Tsetlin-Machines/experiments/results_minority/II_x_III/rule28_vs_rule146/metrics.json
28,150,II_x_III,cycle,2,0,4.949053880916121e-16,0.0,0.12281592039800997,0.036755161642666324,0.11442786069651742,coexist,,0.7686567164179104,0.23134328358208955,early,100,cycle,2,/Users/amrkandil/github_repos/thesis/Distributed-Tsetlin-Machines/experiments/results_minority/II_x_III/rule28_vs_rule150/hamming_distance.png,/Users/amrkandil/github_repos/thesis/Distributed-Tsetlin-Machines/experiments/results_minority/II_x_III/rule28_vs_rule150/lag_hamming.png,/Users/amrkandil/github_repos/thesis/Distributed-Tsetlin-Machines/experiments/results_minority/II_x_III/rule28_vs_rule150/metrics.json
29,18,II_x_III,cycle,12,0,7.070076972737315e-17,0.0,0.3389253731343283,0.03139166446851786,0.33165422885572143,coexist,,0.7413432835820896,0.25865671641791044,early,100,cycle,12,/Users/amrkandil/github_repos/thesis/Distributed-Tsetlin-Machines/experiments/results_minority/II_x_III/rule29_vs_rule18/hamming_distance.png,/Users/amrkandil/github_repos/thesis/Distributed-Tsetlin-Machines/experiments/results_minority/II_x_III/rule29_vs_rule18/lag_hamming.png,/Users/amrkandil/github_repos/thesis/Distributed-Tsetlin-Machines/experiments/results_minority/II_x_III/rule29_vs_rule18/metrics.json
29,22,II_x_III,cycle,12,0,2.1210230918211945e-16,0.0,0.31059701492537317,0.02291642955384735,0.30679104477611946,coexist,,0.7102487562189055,0.2897512437810945,early,50,cycle,12,/Users/amrkandil/github_repos/thesis/Distributed-Tsetlin-Machines/experiments/results_minority/II_x_III/rule29_vs_rule22/hamming_distance.png,/Users/amrkandil/github_repos/thesis/Distributed-Tsetlin-Machines/experiments/results_minority/II_x_III/rule29_vs_rule22/lag_hamming.png,/Users/amrkandil/github_repos/thesis/Distributed-Tsetlin-Machines/experiments/results_minority/II_x_III/rule29_vs_rule22/metrics.json
29,30,II_x_III,cycle,8,0,0.0,0.0,0.2226567164179104,0.02442248170099296,0.2189054726368159,coexist,,0.6157213930348259,0.38427860696517413,early,50,cycle,8,/Users/amrkandil/github_repos/thesis/Distributed-Tsetlin-Machines/experiments/results_minority/II_x_III/rule29_vs_rule30/hamming_distance.png,/Users/amrkandil/github_repos/thesis/Distributed-Tsetlin-Machines/experiments/results_minority/II_x_III/rule29_vs_rule30/lag_hamming.png,/Users/amrkandil/github_repos/thesis/Distributed-Tsetlin-Machines/experiments/results_minority/II_x_III/rule29_vs_rule30/metrics.json
29,45,II_x_III,cycle,4,0,0.0,0.0,0.3967960199004975,0.015933191377144332,0.39552238805970147,coexist,,0.6206467661691543,0.3793532338308458,early,50,cycle,4,/Users/amrkandil/github_repos/thesis/Distributed-Tsetlin-Machines/experiments/results_minority/II_x_III/rule29_vs_rule45/hamming_distance.png,/Users/amrkandil/github_repos/thesis/Distributed-Tsetlin-Machines/experiments/results_minority/II_x_III/rule29_vs_rule45/lag_hamming.png,/Users/amrkandil/github_repos/thesis/Distributed-Tsetlin-Machines/experiments/results_minority/II_x_III/rule29_vs_rule45/metrics.json
29,60,II_x_III,cycle,4,0,6.363069275463583e-16,0.0,0.2344278606965174,0.02399929043611692,0.23134328358208955,coexist,,0.6442786069651741,0.35572139303482586,early,50,cycle,4,/Users/amrkandil/github_repos/thesis/Distributed-Tsetlin-Machines/experiments/results_minority/II_x_III/rule29_vs_rule60/hamming_distance.png,/Users/amrkandil/github_repos/thesis/Distributed-Tsetlin-Machines/experiments/results_minority/II_x_III/rule29_vs_rule60/lag_hamming.png,/Users/amrkandil/github_repos/thesis/Distributed-Tsetlin-Machines/experiments/results_minority/II_x_III/rule29_vs_rule60/metrics.json
29,90,II_x_III,cycle,120,0,7.070076972737315e-17,0.0,0.35058706467661693,0.024527401531864307,0.3478482587064677,coexist,,0.7106467661691542,0.28935323383084577,early,50,near_cycle,4,/Users/amrkandil/github_repos/thesis/Distributed-Tsetlin-Machines/experiments/results_minority/II_x_III/rule29_vs_rule90/hamming_distance.png,/Users/amrkandil/github_repos/thesis/Distributed-Tsetlin-Machines/experiments/results_minority/II_x_III/rule29_vs_rule90/lag_hamming.png,/Users/amrkandil/github_repos/thesis/Distributed-Tsetlin-Machines/experiments/results_minority/II_x_III/rule29_vs_rule90/metrics.json
29,105,II_x_III,cycle,12,0,2.1210230918211945e-16,0.0,0.43765174129353235,0.013847457721344455,0.4378358208955224,coexist,,0.6998009950248756,0.30019900497512436,early,50,cycle,12,/Users/amrkandil/github_repos/thesis/Distributed-Tsetlin-Machines/experiments/results_minority/II_x_III/rule29_vs_rule105/hamming_distance.png,/Users/amrkandil/github_repos/thesis/Distributed-Tsetlin-Machines/experiments/results_minority/II_x_III/rule29_vs_rule105/lag_hamming.png,/Users/amrkandil/github_repos/thesis/Distributed-Tsetlin-Machines/experiments/results_minority/II_x_III/rule29_vs_rule105/metrics.json
29,122,II_x_III,cycle,72,0,0.0,0.0,0.41467661691542296,0.018173510346242757,0.4123009950248756,coexist,,0.7062686567164179,0.2937313432835821,late,334,near_cycle,2,/Users/amrkandil/github_repos/thesis/Distributed-Tsetlin-Machines/experiments/results_minority/II_x_III/rule29_vs_rule122/hamming_distance.png,/Users/amrkandil/github_repos/thesis/Distributed-Tsetlin-Machines/experiments/results_minority/II_x_III/rule29_vs_rule122/lag_hamming.png,/Users/amrkandil/github_repos/thesis/Distributed-Tsetlin-Machines/experiments/results_minority/II_x_III/rule29_vs_rule122/metrics.json
29,126,II_x_III,cycle,4,0,0.0,0.0,0.1964378109452736,0.02161847202543549,0.19402985074626866,coexist,,0.599502487562189,0.40049751243781095,early,50,cycle,4,/Users/amrkandil/github_repos/thesis/Distributed-Tsetlin-Machines/experiments/results_minority/II_x_III/rule29_vs_rule126/hamming_distance.png,/Users/amrkandil/github_repos/thesis/Distributed-Tsetlin-Machines/experiments/results_minority/II_x_III/rule29_vs_rule126/lag_hamming.png,/Users/amrkandil/github_repos/thesis/Distributed-Tsetlin-Machines/experiments/results_minority/II_x_III/rule29_vs_rule126/metrics.json
29,146,II_x_III,cycle,80,0,7.070076972737315e-17,0.0,0.24667661691542286,0.043518910793397016,0.23743781094527364,coexist,,0.7973134328358209,0.2026865671641791,late,334,near_cycle,2,/Users/amrkandil/github_repos/thesis/Distributed-Tsetlin-Machines/experiments/results_minority/II_x_III/rule29_vs_rule146/hamming_distance.png,/Users/amrkandil/github_repos/thesis/Distributed-Tsetlin-Machines/experiments/results_minority/II_x_III/rule29_vs_rule146/lag_hamming.png,/Users/amrkandil/github_repos/thesis/Distributed-Tsetlin-Machines/experiments/results_minority/II_x_III/rule29_vs_rule146/metrics.json
29,150,II_x_III,cycle,48,0,7.070076972737315e-17,0.0,0.22835820895522388,0.032970476197434984,0.22217661691542287,coexist,,0.7483582089552239,0.25164179104477613,early,50,cycle,48,/Users/amrkandil/github_repos/thesis/Distributed-Tsetlin-Machines/experiments/results_minority/II_x_III/rule29_vs_rule150/hamming_distance.png,/Users/amrkandil/github_repos/thesis/Distributed-Tsetlin-Machines/experiments/results_minority/II_x_III/rule29_vs_rule150/lag_hamming.png,/Users/amrkandil/github_repos/thesis/Distributed-Tsetlin-Machines/experiments/results_minority/II_x_III/rule29_vs_rule150/metrics.json
33,18,II_x_III,cycle,12,0,2.1210230918211945e-16,0.0,0.6754726368159203,0.01188325928320182,0.6765796019900497,coexist,,0.4526865671641791,0.5473134328358209,early,50,cycle,12,/Users/amrkandil/github_repos/thesis/Distributed-Tsetlin-Machines/experiments/results_minority/II_x_III/rule33_vs_rule18/hamming_distance.png,/Users/amrkandil/github_repos/thesis/Distributed-Tsetlin-Machines/experiments/results_minority/II_x_III/rule33_vs_rule18/lag_hamming.png,/Users/amrkandil/github_repos/thesis/Distributed-Tsetlin-Machines/experiments/results_minority/II_x_III/rule33_vs_rule18/metrics.json
33,22,II_x_III,near_cycle,4,0,0.11885158589921938,0.11885158589921926,0.6140796019900497,0.028580389992293346,0.6156094527363184,coexist,,0.5078109452736318,0.49218905472636815,late,300,near_cycle,4,/Users/amrkandil/github_repos/thesis/Distributed-Tsetlin-Machines/experiments/results_minority/II_x_III/rule33_vs_rule22/hamming_distance.png,/Users/amrkandil/github_repos/thesis/Distributed-Tsetlin-Machines/experiments/results_minority/II_x_III/rule33_vs_rule22/lag_hamming.png,/Users/amrkandil/github_repos/thesis/Distributed-Tsetlin-Machines/experiments/results_minority/II_x_III/rule33_vs_rule22/metrics.json
33,30,II_x_III,near_cycle,12,0,0.19213700136847894,0.19213700136847894,0.595363184079602,0.028521731557886214,0.5958830845771144,coexist,,0.49771144278606966,0.5022885572139304,early,100,near_cycle,12,/Users/amrkandil/github_repos/thesis/Distributed-Tsetlin-Machines/experiments/results_minority/II_x_III/rule33_vs_rule30/hamming_distance.png,/Users/amrkandil/github_repos/thesis/Distributed-Tsetlin-Machines/experiments/results_minority/II_x_III/rule33_vs_rule30/lag_hamming.png,/Users/amrkandil/github_repos/thesis/Distributed-Tsetlin-Machines/experiments/results_minority/II_x_III/rule33_vs_rule30/metrics.json
33,45,II_x_III,near_cycle,2,0,0.08936520405491344,0.0893652040549134,0.7691144278606965,0.03086884708975181,0.7783706467661692,coexist,,0.49024875621890546,0.5097512437810945,late,334,near_cycle,2,/Users/amrkandil/github_repos/thesis/Distributed-Tsetlin-Machines/experiments/results_minority/II_x_III/rule33_vs_rule45/hamming_distance.png,/Users/amrkandil/github_repos/thesis/Distributed-Tsetlin-Machines/experiments/results_minority/II_x_III/rule33_vs_rule45/lag_hamming.png,/Users/amrkandil/github_repos/thesis/Distributed-Tsetlin-Machines/experiments/results_minority/II_x_III/rule33_vs_rule45/metrics.json
33,60,II_x_III,aperiodic,,,0.3519370565717777,0.3519370565717777,0.5001094527363183,0.0381438331337906,0.49997512437810954,coexist,,0.44606965174129354,0.5539303482587065,never,,aperiodic,,/Users/amrkandil/github_repos/thesis/Distributed-Tsetlin-Machines/experiments/results_minority/II_x_III/rule33_vs_rule60/hamming_distance.png,/Users/amrkandil/github_repos/thesis/Distributed-Tsetlin-Machines/experiments/results_minority/II_x_III/rule33_vs_rule60/lag_hamming.png,/Users/amrkandil/github_repos/thesis/Distributed-Tsetlin-Machines/experiments/results_minority/II_x_III/rule33_vs_rule60/metrics.json
33,90,II_x_III,near_cycle,2,0,0.10219578797740618,0.10219578797740621,0.6787761194029851,0.025243863457508446,0.6834328358208955,coexist,,0.34577114427860695,0.654228855721393,late,334,near_cycle,2,/Users/amrkandil/github_repos/thesis/Distributed-Tsetlin-Machines/experiments/results_minority/II_x_III/rule33_vs_rule90/hamming_distance.png,/Users/amrkandil/github_repos/thesis/Distributed-Tsetlin-Machines/experiments/results_minority/II_x_III/rule33_vs_rule90/lag_hamming.png,/Users/amrkandil/github_repos/thesis/Distributed-Tsetlin-Machines/experiments/results_minority/II_x_III/rule33_vs_rule90/metrics.json
33,105,II_x_III,cycle,60,0,0.0,0.0,0.8312437810945273,0.033900133904391505,0.8401492537313433,coexist,,0.46318407960199004,0.53681592039801,early,100,near_cycle,2,/Users/amrkandil/github_repos/thesis/Distributed-Tsetlin-Machines/experiments/results_minority/II_x_III/rule33_vs_rule105/hamming_distance.png,/Users/amrkandil/github_repos/thesis/Distributed-Tsetlin-Machines/experiments/results_minority/II_x_III/rule33_vs_rule105/lag_hamming.png,/Users/amrkandil/github_repos/thesis/Distributed-Tsetlin-Machines/experiments/results_minority/II_x_III/rule33_vs_rule105/metrics.json
33,122,II_x_III,cycle,2,0,0.0,0.0,0.969283582089552,0.04334921654865053,0.980099502487562,coexist,,0.3805970149253731,0.6194029850746269,early,100,cycle,2,/Users/amrkandil/github_repos/thesis/Distributed-Tsetlin-Machines/experiments/results_minority/II_x_III/rule33_vs_rule122/hamming_distance.png,/Users/amrkandil/github_repos/thesis/Distributed-Tsetlin-Machines/experiments/results_minority/II_x_III/rule33_vs_rule122/lag_hamming.png,/Users/amrkandil/github_repos/thesis/Distributed-Tsetlin-Machines/experiments/results_minority/II_x_III/rule33_vs_rule122/metrics.json
33,126,II_x_III,near_cycle,4,0,0.20380465431031236,0.20380465431031242,0.72607960199005,0.0408840925306397,0.7335696517412935,coexist,,0.5401492537313433,0.45985074626865674,never,,aperiodic,,/Users/amrkandil/github_repos/thesis/Distributed-Tsetlin-Machines/experiments/results_minority/II_x_III/rule33_vs_rule126/hamming_distance.png,/Users/amrkandil/github_repos/thesis/Distributed-Tsetlin-Machines/experiments/results_minority/II_x_III/rule33_vs_rule126/lag_hamming.png,/Users/amrkandil/github_repos/thesis/Distributed-Tsetlin-Machines/experiments/results_minority/II_x_III/rule33_vs_rule126/metrics.json
33,146,II_x_III,cycle,12,0,2.1210230918211945e-16,0.0,0.6233731343283582,0.025456499474805144,0.6244154228855723,coexist,,0.4091044776119403,0.5908955223880596,early,50,cycle,12,/Users/amrkandil/github_repos/thesis/Distributed-Tsetlin-Machines/experiments/results_minority/II_x_III/rule33_vs_rule146/hamming_distance.png,/Users/amrkandil/github_repos/thesis/Distributed-Tsetlin-Machines/experiments/results_minority/II_x_III/rule33_vs_rule146/lag_hamming.png,/Users/amrkandil/github_repos/thesis/Distributed-Tsetlin-Machines/experiments/results_minority/II_x_III/rule33_vs_rule146/metrics.json
33,150,II_x_III,cycle,12,0,0.0,0.0,0.5925870646766168,0.009431633947405323,0.5928606965174128,coexist,,0.47388059701492535,0.5261194029850746,early,50,cycle,12,/Users/amrkandil/github_repos/thesis/Distributed-Tsetlin-Machines/experiments/results_minority/II_x_III/rule33_vs_rule150/hamming_distance.png,/Users/amrkandil/github_repos/thesis/Distributed-Tsetlin-Machines/experiments/results_minority/II_x_III/rule33_vs_rule150/lag_hamming.png,/Users/amrkandil/github_repos/thesis/Distributed-Tsetlin-Machines/experiments/results_minority/II_x_III/rule33_vs_rule150/metrics.json
34,18,II_x_III,cycle,24,0,0.0,0.0,0.642268656716418,0.03542581462539325,0.6517537313432836,coexist,,0.4454228855721393,0.5545771144278607,early,100,cycle,24,/Users/amrkandil/github_repos/thesis/Distributed-Tsetlin-Machines/experiments/results_minority/II_x_III/rule34_vs_rule18/hamming_distance.png,/Users/amrkandil/github_repos/thesis/Distributed-Tsetlin-Machines/experiments/results_minority/II_x_III/rule34_vs_rule18/lag_hamming.png,/Users/amrkandil/github_repos/thesis/Distributed-Tsetlin-Machines/experiments/results_minority/II_x_III/rule34_vs_rule18/metrics.json
34,22,II_x_III,aperiodic,,,0.30889303482587055,0.5755597014925373,0.5698407960199005,0.051031428821425806,0.5755597014925373,coexist,,0.5355223880597015,0.4644776119402985,never,,aperiodic,,/Users/amrkandil/github_repos/thesis/Distributed-Tsetlin-Machines/experiments/results_minority/II_x_III/rule34_vs_rule22/hamming_distance.png,/Users/amrkandil/github_repos/thesis/Distributed-Tsetlin-Machines/experiments/results_minority/II_x_III/rule34_vs_rule22/lag_hamming.png,/Users/amrkandil/github_repos/thesis/Distributed-Tsetlin-Machines/experiments/results_minority/II_x_III/rule34_vs_rule22/metrics.json
34,30,II_x_III,aperiodic,,,0.3147512437810946,0.6015174129353233,0.6026268656716418,0.05065732523422591,0.6015174129353233,coexist,,0.5393532338308458,0.46064676616915423,never,,aperiodic,,/Users/amrkandil/github_repos/thesis/Distributed-Tsetlin-Machines/experiments/results_minority/II_x_III/rule34_vs_rule30/hamming_distance.png,/Users/amrkandil/github_repos/thesis/Distributed-Tsetlin-Machines/experiments/results_minority/II_x_III/rule34_vs_rule30/lag_hamming.png,/Users/amrkandil/github_repos/thesis/Distributed-Tsetlin-Machines/experiments/results_minority/II_x_III/rule34_vs_rule30/metrics.json
34,45,II_x_III,aperiodic,,,0.44000401017582114,0.44000401017582114,0.536049751243781,0.034911580386570766,0.5376741293532339,coexist,,0.4294029850746269,0.5705970149253732,never,,aperiodic,,/Users/amrkandil/github_repos/thesis/Distributed-Tsetlin-Machines/experiments/results_minority/II_x_III/rule34_vs_rule45/hamming_distance.png,/Users/amrkandil/github_repos/thesis/Distributed-Tsetlin-Machines/experiments/results_minority/II_x_III/rule34_vs_rule45/lag_hamming.png,/Users/amrkandil/github_repos/thesis/Distributed-Tsetlin-Machines/experiments/results_minority/II_x_III/rule34_vs_rule45/metrics.json
34,60,II_x_III,aperiodic,,,0.2742164179104478,0.3933457711442786,0.37845771144278606,0.06257375539699973,0.3933457711442786,coexist,,0.45616915422885573,0.5438308457711443,never,,aperiodic,,/Users/amrkandil/github_repos/thesis/Distributed-Tsetlin-Machines/experiments/results_minority/II_x_III/rule34_vs_rule60/hamming_distance.png,/Users/amrkandil/github_repos/thesis/Distributed-Tsetlin-Machines/experiments/results_minority/II_x_III/rule34_vs_rule60/lag_hamming.png,/Users/amrkandil/github_repos/thesis/Distributed-Tsetlin-Machines/experiments/results_minority/II_x_III/rule34_vs_rule60/metrics.json
34,90,II_x_III,cycle,120,0,0.0,0.0,0.6889154228855721,0.034944083661558024,0.6974004975124379,coexist,,0.42970149253731343,0.5702985074626866,early,100,near_cycle,6,/Users/amrkandil/github_repos/thesis/Distributed-Tsetlin-Machines/experiments/results_minority/II_x_III/rule34_vs_rule90/hamming_distance.png,/Users/amrkandil/github_repos/thesis/Distributed-Tsetlin-Machines/experiments/results_minority/II_x_III/rule34_vs_rule90/lag_hamming.png,/Users/amrkandil/github_repos/thesis/Distributed-Tsetlin-Machines/experiments/results_minority/II_x_III/rule34_vs_rule90/metrics.json
34,105,II_x_III,near_cycle,2,0,0.1782565867404831,0.17825658674048306,0.61363184079602,0.023195180226353633,0.6144402985074627,coexist,,0.498955223880597,0.501044776119403,late,334,near_cycle,2,/Users/amrkandil/github_repos/thesis/Distributed-Tsetlin-Machines/experiments/results_minority/II_x_III/rule34_vs_rule105/hamming_distance.png,/Users/amrkandil/github_repos/thesis/Distributed-Tsetlin-Machines/experiments/results_minority/II_x_III/rule34_vs_rule105/lag_hamming.png,/Users/amrkandil/github_repos/thesis/Distributed-Tsetlin-Machines/experiments/results_minority/II_x_III/rule34_vs_rule105/metrics.json
34,122,II_x_III,cycle,2,0,5.656061578189852e-16,0.0,0.9933532338308457,0.04056453680857084,1.0,coexist,,0.5621890547263682,0.43781094527363185,early,50,cycle,2,/Users/amrkandil/github_repos/thesis/Distributed-Tsetlin-Machines/experiments/results_minority/II_x_III/rule34_vs_rule122/hamming_distance.png,/Users/amrkandil/github_repos/thesis/Distributed-Tsetlin-Machines/experiments/results_minority/II_x_III/rule34_vs_rule122/lag_hamming.png,/Users/amrkandil/github_repos/thesis/Distributed-Tsetlin-Machines/experiments/results_minority/II_x_III/rule34_vs_rule122/metrics.json
34,126,II_x_III,near_cycle,8,0,0.1257073411568114,0.12570734115681137,0.7878905472636816,0.05633634631603027,0.8017910447761194,coexist,,0.6296517412935323,0.37034825870646765,late,150,cycle,48,/Users/amrkandil/github_repos/thesis/Distributed-Tsetlin-Machines/experiments/results_minority/II_x_III/rule34_vs_rule126/hamming_distance.png,/Users/amrkandil/github_repos/thesis/Distributed-Tsetlin-Machines/experiments/results_minority/II_x_III/rule34_vs_rule126/lag_hamming.png,/Users/amrkandil/github_repos/thesis/Distributed-Tsetlin-Machines/experiments/results_minority/II_x_III/rule34_vs_rule126/metrics.json
34,146,II_x_III,cycle,12,0,7.070076972737315e-17,0.0,0.675910447761194,0.038254092068834816,0.6858333333333334,coexist,,0.43656716417910446,0.5634328358208955,early,100,cycle,12,/Users/amrkandil/github_repos/thesis/Distributed-Tsetlin-Machines/experiments/results_minority/II_x_III/rule34_vs_rule146/hamming_distance.png,/Users/amrkandil/github_repos/thesis/Distributed-Tsetlin-Machines/experiments/results_minority/II_x_III/rule34_vs_rule146/lag_hamming.png,/Users/amrkandil/github_repos/thesis/Distributed-Tsetlin-Machines/experiments/results_minority/II_x_III/rule34_vs_rule146/metrics.json
34,150,II_x_III,cycle,4,0,0.0,0.0,0.7911343283582088,0.04032174135218657,0.798507462686567,coexist,,0.6865671641791045,0.31343283582089554,early,50,cycle,4,/Users/amrkandil/github_repos/thesis/Distributed-Tsetlin-Machines/experiments/results_minority/II_x_III/rule34_vs_rule150/hamming_distance.png,/Users/amrkandil/github_repos/thesis/Distributed-Tsetlin-Machines/experiments/results_minority/II_x_III/rule34_vs_rule150/lag_hamming.png,/Users/amrkandil/github_repos/thesis/Distributed-Tsetlin-Machines/experiments/results_minority/II_x_III/rule34_vs_rule150/metrics.json
35,18,II_x_III,cycle,12,0,0.0,0.0,0.7946766169154228,0.009951616821374881,0.7960074626865671,coexist,,0.4394029850746269,0.5605970149253732,early,50,cycle,12,/Users/amrkandil/github_repos/thesis/Distributed-Tsetlin-Machines/experiments/results_minority/II_x_III/rule35_vs_rule18/hamming_distance.png,/Users/amrkandil/github_repos/thesis/Distributed-Tsetlin-Machines/experiments/results_minority/II_x_III/rule35_vs_rule18/lag_hamming.png,/Users/amrkandil/github_repos/thesis/Distributed-Tsetlin-Machines/experiments/results_minority/II_x_III/rule35_vs_rule18/metrics.json
35,22,II_x_III,cycle,24,0,0.0,0.0,0.8617810945273631,0.02807067108538345,0.8677363184079602,coexist,,0.5287562189054726,0.47124378109452736,early,50,cycle,24,/Users/amrkandil/github_repos/thesis/Distributed-Tsetlin-Machines/experiments/results_minority/II_x_III/rule35_vs_rule22/hamming_distance.png,/Users/amrkandil/github_repos/thesis/Distributed-Tsetlin-Machines/experiments/results_minority/II_x_III/rule35_vs_rule22/lag_hamming.png,/Users/amrkandil/github_repos/thesis/Distributed-Tsetlin-Machines/experiments/results_minority/II_x_III/rule35_vs_rule22/metrics.json
35,30,II_x_III,cycle,8,0,2.1210230918211945e-16,0.0,0.9043482587064677,0.04918355823276344,0.9154228855721395,coexist,,0.575273631840796,0.424726368159204,early,50,cycle,8,/Users/amrkandil/github_repos/thesis/Distributed-Tsetlin-Machines/experiments/results_minority/II_x_III/rule35_vs_rule30/hamming_distance.png,/Users/amrkandil/github_repos/thesis/Distributed-Tsetlin-Machines/experiments/results_minority/II_x_III/rule35_vs_rule30/lag_hamming.png,/Users/amrkandil/github_repos/thesis/Distributed-Tsetlin-Machines/experiments/results_minority/II_x_III/rule35_vs_rule30/metrics.json
35,45,II_x_III,cycle,36,0,7.070076972737315e-17,0.0,0.8089154228855722,0.025269290965798986,0.8137810945273632,coexist,,0.4634825870646766,0.5365174129353234,early,100,cycle,36,/Users/amrkandil/github_repos/thesis/Distributed-Tsetlin-Machines/experiments/results_minority/II_x_III/rule35_vs_rule45/hamming_distance.png,/Users/amrkandil/github_repos/thesis/Distributed-Tsetlin-Machines/experiments/results_minority/II_x_III/rule35_vs_rule45/lag_hamming.png,/Users/amrkandil/github_repos/thesis/Distributed-Tsetlin-Machines/experiments/results_minority/II_x_III/rule35_vs_rule45/metrics.json
35,60,II_x_III,cycle,60,0,0.0,0.0,0.7695820895522387,0.03530004274076119,0.7794776119402985,coexist,,0.5374626865671642,0.46253731343283583,late,334,near_cycle,4,/Users/amrkandil/github_repos/thesis/Distributed-Tsetlin-Machines/experiments/results_minority/II_x_III/rule35_vs_rule60/hamming_distance.png,/Users/amrkandil/github_repos/thesis/Distributed-Tsetlin-Machines/experiments/results_minority/II_x_III/rule35_vs_rule60/lag_hamming.png,/Users/amrkandil/github_repos/thesis/Distributed-Tsetlin-Machines/experiments/results_minority/II_x_III/rule35_vs_rule60/metrics.json
35,90,II_x_III,cycle,48,0,0.0,0.0,0.8163184079601992,0.030062927492438395,0.8217288557213931,coexist,,0.4874626865671642,0.5125373134328358,early,50,cycle,48,/Users/amrkandil/github_repos/thesis/Distributed-Tsetlin-Machines/experiments/results_minority/II_x_III/rule35_vs_rule90/hamming_distance.png,/Users/amrkandil/github_repos/thesis/Distributed-Tsetlin-Machines/experiments/results_minority/II_x_III/rule35_vs_rule90/lag_hamming.png,/Users/amrkandil/github_repos/thesis/Distributed-Tsetlin-Machines/experiments/results_minority/II_x_III/rule35_vs_rule90/metrics.json
35,105,II_x_III,near_cycle,2,0,0.20588785396326637,0.20588785396326637,0.7996517412935323,0.038797390300398193,0.8138805970149253,coexist,,0.47258706467661693,0.5274129353233831,late,200,near_cycle,2,/Users/amrkandil/github_repos/thesis/Distributed-Tsetlin-Machines/experiments/results_minority/II_x_III/rule35_vs_rule105/hamming_distance.png,/Users/amrkandil/github_repos/thesis/Distributed-Tsetlin-Machines/experiments/results_minority/II_x_III/rule35_vs_rule105/lag_hamming.png,/Users/amrkandil/github_repos/thesis/Distributed-Tsetlin-Machines/experiments/results_minority/II_x_III/rule35_vs_rule105/metrics.json
35,122,II_x_III,cycle,2,0,0.0,0.0,0.9931442786069652,0.03284754652692939,1.0,coexist,,0.48507462686567165,0.5149253731343284,early,100,cycle,2,/Users/amrkandil/github_repos/thesis/Distributed-Tsetlin-Machines/experiments/results_minority/II_x_III/rule35_vs_rule122/hamming_distance.png,/Users/amrkandil/github_repos/thesis/Distributed-Tsetlin-Machines/experiments/results_minority/II_x_III/rule35_vs_rule122/lag_hamming.png,/Users/amrkandil/github_repos/thesis/Distributed-Tsetlin-Machines/experiments/results_minority/II_x_III/rule35_vs_rule122/metrics.json
35,126,II_x_III,near_cycle,4,0,0.014499291953331533,0.01449929195333158,0.8232139303482588,0.03091344045832287,0.833271144278607,coexist,,0.664179104477612,0.3358208955223881,late,200,cycle,4,/Users/amrkandil/github_repos/thesis/Distributed-Tsetlin-Machines/experiments/results_minority/II_x_III/rule35_vs_rule126/hamming_distance.png,/Users/amrkandil/github_repos/thesis/Distributed-Tsetlin-Machines/experiments/results_minority/II_x_III/rule35_vs_rule126/lag_hamming.png,/Users/amrkandil/github_repos/thesis/Distributed-Tsetlin-Machines/experiments/results_minority/II_x_III/rule35_vs_rule126/metrics.json
35,146,II_x_III,cycle,4,0,0.0,0.0,0.7863283582089553,0.012329173315381955,0.7885572139303483,coexist,,0.4527363184079602,0.5472636815920398,early,50,cycle,4,/Users/amrkandil/github_repos/thesis/Distributed-Tsetlin-Machines/experiments/results_minority/II_x_III/rule35_vs_rule146/hamming_distance.png,/Users/amrkandil/github_repos/thesis/Distributed-Tsetlin-Machines/experiments/results_minority/II_x_III/rule35_vs_rule146/lag_hamming.png,/Users/amrkandil/github_repos/thesis/Distributed-Tsetlin-Machines/experiments/results_minority/II_x_III/rule35_vs_rule146/metrics.json
35,150,II_x_III,cycle,12,0,7.070076972737315e-17,0.0,0.7668059701492537,0.014868561861472018,0.7695024875621891,coexist,,0.597363184079602,0.402636815920398,early,50,cycle,12,/Users/amrkandil/github_repos/thesis/Distributed-Tsetlin-Machines/experiments/results_minority/II_x_III/rule35_vs_rule150/hamming_distance.png,/Users/amrkandil/github_repos/thesis/Distributed-Tsetlin-Machines/experiments/results_minority/II_x_III/rule35_vs_rule150/lag_hamming.png,/Users/amrkandil/github_repos/thesis/Distributed-Tsetlin-Machines/experiments/results_minority/II_x_III/rule35_vs_rule150/metrics.json
36,18,II_x_III,cycle,84,0,2.828030789094926e-16,0.0,0.16993034825870643,0.02163788150196712,0.16677860696517413,coexist,,0.39601990049751246,0.6039800995024875,early,100,near_cycle,6,/Users/amrkandil/github_repos/thesis/Distributed-Tsetlin-Machines/experiments/results_minority/II_x_III/rule36_vs_rule18/hamming_distance.png,/Users/amrkandil/github_repos/thesis/Distributed-Tsetlin-Machines/experiments/results_minority/II_x_III/rule36_vs_rule18/lag_hamming.png,/Users/amrkandil/github_repos/thesis/Distributed-Tsetlin-Machines/experiments/results_minority/II_x_III/rule36_vs_rule18/metrics.json
36,22,II_x_III,cycle,4,0,2.1210230918211945e-16,0.0,0.21430845771144277,0.029226568768369453,0.2139303482587065,coexist,,0.5087064676616916,0.49129353233830847,early,50,cycle,4,/Users/amrkandil/github_repos/thesis/Distributed-Tsetlin-Machines/experiments/results_minority/II_x_III/rule36_vs_rule22/hamming_distance.png,/Users/amrkandil/github_repos/thesis/Distributed-Tsetlin-Machines/experiments/results_minority/II_x_III/rule36_vs_rule22/lag_hamming.png,/Users/amrkandil/github_repos/thesis/Distributed-Tsetlin-Machines/experiments/results_minority/II_x_III/rule36_vs_rule22/metrics.json
36,30,II_x_III,near_cycle,8,0,0.039535148684060564,0.03953514868406061,0.2911542288557214,0.034079244650775734,0.291044776119403,coexist,,0.468407960199005,0.531592039800995,early,100,near_cycle,8,/Users/amrkandil/github_repos/thesis/Distributed-Tsetlin-Machines/experiments/results_minority/II_x_III/rule36_vs_rule30/hamming_distance.png,/Users/amrkandil/github_repos/thesis/Distributed-Tsetlin-Machines/experiments/results_minority/II_x_III/rule36_vs_rule30/lag_hamming.png,/Users/amrkandil/github_repos/thesis/Distributed-Tsetlin-Machines/experiments/results_minority/II_x_III/rule36_vs_rule30/metrics.json
36,45,II_x_III,near_cycle,4,0,0.1379249846485457,0.1379249846485457,0.25817910447761194,0.05869693066982014,0.2426990049751244,coexist,,0.32781094527363186,0.6721890547263681,never,,aperiodic,,/Users/amrkandil/github_repos/thesis/Distributed-Tsetlin-Machines/experiments/results_minority/II_x_III/rule36_vs_rule45/hamming_distance.png,/Users/amrkandil/github_repos/thesis/Distributed-Tsetlin-Machines/experiments/results_minority/II_x_III/rule36_vs_rule45/lag_hamming.png,/Users/amrkandil/github_repos/thesis/Distributed-Tsetlin-Machines/experiments/results_minority/II_x_III/rule36_vs_rule45/metrics.json
36,60,II_x_III,near_cycle,8,0,0.07519653640195956,0.07519653640195967,0.17029850746268657,0.0276507279894683,0.17225124378109455,coexist,,0.4488059701492537,0.5511940298507463,early,50,near_cycle,8,/Users/amrkandil/github_repos/thesis/Distributed-Tsetlin-Machines/experiments/results_minority/II_x_III/rule36_vs_rule60/hamming_distance.png,/Users/amrkandil/github_repos/thesis/Distributed-Tsetlin-Machines/experiments/results_minority/II_x_III/rule36_vs_rule60/lag_hamming.png,/Users/amrkandil/github_repos/thesis/Distributed-Tsetlin-Machines/experiments/results_minority/II_x_III/rule36_vs_rule60/metrics.json
36,90,II_x_III,cycle,84,0,0.0,0.0,0.1875323383084577,0.026992681165715047,0.18217661691542286,coexist,,0.3928358208955224,0.6071641791044776,late,200,near_cycle,6,/Users/amrkandil/github_repos/thesis/Distributed-Tsetlin-Machines/experiments/results_minority/II_x_III/rule36_vs_rule90/hamming_distance.png,/Users/amrkandil/github_repos/thesis/Distributed-Tsetlin-Machines/experiments/results_minority/II_x_III/rule36_vs_rule90/lag_hamming.png,/Users/amrkandil/github_repos/thesis/Distributed-Tsetlin-Machines/experiments/results_minority/II_x_III/rule36_vs_rule90/metrics.json
36,105,II_x_III,cycle,72,0,2.1210230918211945e-16,0.0,0.48938308457711444,0.018436205303650924,0.49043532338308454,coexist,,0.4096517412935323,0.5903482587064677,early,100,near_cycle,2,/Users/amrkandil/github_repos/thesis/Distributed-Tsetlin-Machines/experiments/results_minority/II_x_III/rule36_vs_rule105/hamming_distance.png,/Users/amrkandil/github_repos/thesis/Distributed-Tsetlin-Machines/experiments/results_minority/II_x_III/rule36_vs_rule105/lag_hamming.png,/Users/amrkandil/github_repos/thesis/Distributed-Tsetlin-Machines/experiments/results_minority/II_x_III/rule36_vs_rule105/metrics.json
36,122,II_x_III,cycle,2,0,7.070076972737315e-17,0.0,0.46985074626865686,0.016758416797273835,0.4726368159203982,coexist,,0.30845771144278605,0.6915422885572139,early,50,cycle,2,/Users/amrkandil/github_repos/thesis/Distributed-Tsetlin-Machines/experiments/results_minority/II_x_III/rule36_vs_rule122/hamming_distance.png,/Users/amrkandil/github_repos/thesis/Distributed-Tsetlin-Machines/experiments/results_minority/II_x_III/rule36_vs_rule122/lag_hamming.png,/Users/amrkandil/github_repos/thesis/Distributed-Tsetlin-Machines/experiments/results_minority/II_x_III/rule36_vs_rule122/metrics.json
36,126,II_x_III,near_cycle,4,0,0.0721330375828666,0.07213303758286653,0.34939303482587064,0.03695952093798896,0.34894278606965173,coexist,,0.47820895522388057,0.5217910447761194,late,334,near_cycle,4,/Users/amrkandil/github_repos/thesis/Distributed-Tsetlin-Machines/experiments/results_minority/II_x_III/rule36_vs_rule126/hamming_distance.png,/Users/amrkandil/github_repos/thesis/Distributed-Tsetlin-Machines/experiments/results_minority/II_x_III/rule36_vs_rule126/lag_hamming.png,/Users/amrkandil/github_repos/thesis/Distributed-Tsetlin-Machines/experiments/results_minority/II_x_III/rule36_vs_rule126/metrics.json
36,146,II_x_III,cycle,84,0,0.0,0.0,0.1994726368159204,0.018277854045705855,0.19662935323383088,coexist,,0.38109452736318405,0.618905472636816,early,100,near_cycle,4,/Users/amrkandil/github_repos/thesis/Distributed-Tsetlin-Machines/experiments/results_minority/II_x_III/rule36_vs_rule146/hamming_distance.png,/Users/amrkandil/github_repos/thesis/Distributed-Tsetlin-Machines/experiments/results_minority/II_x_III/rule36_vs_rule146/lag_hamming.png,/Users/amrkandil/github_repos/thesis/Distributed-Tsetlin-Machines/experiments/results_minority/II_x_III/rule36_vs_rule146/metrics.json
36,150,II_x_III,cycle,4,0,0.0,0.0,0.2787164179104477,0.023261840850871893,0.2810945273631841,coexist,,0.5248756218905473,0.47512437810945274,early,50,cycle,4,/Users/amrkandil/github_repos/thesis/Distributed-Tsetlin-Machines/experiments/results_minority/II_x_III/rule36_vs_rule150/hamming_distance.png,/Users/amrkandil/github_repos/thesis/Distributed-Tsetlin-Machines/experiments/results_minority/II_x_III/rule36_vs_rule150/lag_hamming.png,/Users/amrkandil/github_repos/thesis/Distributed-Tsetlin-Machines/experiments/results_minority/II_x_III/rule36_vs_rule150/metrics.json
37,18,II_x_III,cycle,24,0,7.070076972737315e-17,0.0,0.6218009950248756,0.021909577887938493,0.6219278606965175,coexist,,0.4162189054726368,0.5837810945273632,early,50,cycle,24,/Users/amrkandil/github_repos/thesis/Distributed-Tsetlin-Machines/experiments/results_minority/II_x_III/rule37_vs_rule18/hamming_distance.png,/Users/amrkandil/github_repos/thesis/Distributed-Tsetlin-Machines/experiments/results_minority/II_x_III/rule37_vs_rule18/lag_hamming.png,/Users/amrkandil/github_repos/thesis/Distributed-Tsetlin-Machines/experiments/results_minority/II_x_III/rule37_vs_rule18/metrics.json
37,22,II_x_III,near_cycle,4,0,0.16291339273406275,0.1629133927340627,0.6328457711442786,0.04390563358813677,0.6373383084577116,coexist,,0.49388059701492537,0.5061194029850746,late,300,near_cycle,4,/Users/amrkandil/github_repos/thesis/Distributed-Tsetlin-Machines/experiments/results_minority/II_x_III/rule37_vs_rule22/hamming_distance.png,/Users/amrkandil/github_repos/thesis/Distributed-Tsetlin-Machines/experiments/results_minority/II_x_III/rule37_vs_rule22/lag_hamming.png,/Users/amrkandil/github_repos/thesis/Distributed-Tsetlin-Machines/experiments/results_minority/II_x_III/rule37_vs_rule22/metrics.json
37,30,II_x_III,near_cycle,24,0,0.18339337793789676,0.18339337793789673,0.5599402985074626,0.03954134710324546,0.5627860696517414,coexist,,0.4600995024875622,0.5399004975124378,late,334,near_cycle,24,/Users/amrkandil/github_repos/thesis/Distributed-Tsetlin-Machines/experiments/results_minority/II_x_III/rule37_vs_rule30/hamming_distance.png,/Users/amrkandil/github_repos/thesis/Distributed-Tsetlin-Machines/experiments/results_minority/II_x_III/rule37_vs_rule30/lag_hamming.png,/Users/amrkandil/github_repos/thesis/Distributed-Tsetlin-Machines/experiments/results_minority/II_x_III/rule37_vs_rule30/metrics.json
37,45,II_x_III,aperiodic,,,0.23587575904936475,0.2358757590493647,0.699860696517413,0.03665029843178946,0.7055348258706468,coexist,,0.4596019900497512,0.5403980099502488,never,,aperiodic,,/Users/amrkandil/github_repos/thesis/Distributed-Tsetlin-Machines/experiments/results_minority/II_x_III/rule37_vs_rule45/hamming_distance.png,/Users/amrkandil/github_repos/thesis/Distributed-Tsetlin-Machines/experiments/results_minority/II_x_III/rule37_vs_rule45/lag_hamming.png,/Users/amrkandil/github_repos/thesis/Distributed-Tsetlin-Machines/experiments/results_minority/II_x_III/rule37_vs_rule45/metrics.json
37,60,II_x_III,aperiodic,,,0.4790994774869372,0.48854971374284356,0.5214825870646767,0.041126219815200746,0.521318407960199,coexist,,0.4683084577114428,0.5316915422885572,never,,aperiodic,,/Users/amrkandil/github_repos/thesis/Distributed-Tsetlin-Machines/experiments/results_minority/II_x_III/rule37_vs_rule60/hamming_distance.png,/Users/amrkandil/github_repos/thesis/Distributed-Tsetlin-Machines/experiments/results_minority/II_x_III/rule37_vs_rule60/lag_hamming.png,/Users/amrkandil/github_repos/thesis/Distributed-Tsetlin-Machines/experiments/results_minority/II_x_III/rule37_vs_rule60/metrics.json
37,90,II_x_III,near_cycle,4,0,0.13075679536824691,0.13075679536824691,0.621681592039801,0.022545733328822398,0.6228606965174128,coexist,,0.3851243781094527,0.6148756218905472,late,334,near_cycle,4,/Users/amrkandil/github_repos/thesis/Distributed-Tsetlin-Machines/experiments/results_minority/II_x_III/rule37_vs_rule90/hamming_distance.png,/Users/amrkandil/github_repos/thesis/Distributed-Tsetlin-Machines/experiments/results_minority/II_x_III/rule37_vs_rule90/lag_hamming.png,/Users/amrkandil/github_repos/thesis/Distributed-Tsetlin-Machines/experiments/results_minority/II_x_III/rule37_vs_rule90/metrics.json
37,105,II_x_III,near_cycle,2,0,0.07283133206149721,0.07283133206149703,0.8027462686567164,0.04870646664532291,0.8198507462686568,coexist,,0.475273631840796,0.5247263681592039,late,334,near_cycle,2,/Users/amrkandil/github_repos/thesis/Distributed-Tsetlin-Machines/experiments/results_minority/II_x_III/rule37_vs_rule105/hamming_distance.png,/Users/amrkandil/github_repos/thesis/Distributed-Tsetlin-Machines/experiments/results_minority/II_x_III/rule37_vs_rule105/lag_hamming.png,/Users/amrkandil/github_repos/thesis/Distributed-Tsetlin-Machines/experiments/results_minority/II_x_III/rule37_vs_rule105/metrics.json
37,122,II_x_III,near_cycle,2,0,0.09562463372361238,0.09562463372361252,0.8503980099502487,0.04917001277388743,0.8671766169154229,coexist,,0.2617412935323383,0.7382587064676617,late,250,near_cycle,2,/Users/amrkandil/github_repos/thesis/Distributed-Tsetlin-Machines/experiments/results_minority/II_x_III/rule37_vs_rule122/hamming_distance.png,/Users/amrkandil/github_repos/thesis/Distributed-Tsetlin-Machines/experiments/results_minority/II_x_III/rule37_vs_rule122/lag_hamming.png,/Users/amrkandil/github_repos/thesis/Distributed-Tsetlin-Machines/experiments/results_minority/II_x_III/rule37_vs_rule122/metrics.json
37,126,II_x_III,aperiodic,,,0.307229754535212,0.307229754535212,0.6622189054726368,0.044253099030940546,0.6646890547263682,coexist,,0.4718407960199005,0.5281592039800995,never,,aperiodic,,/Users/amrkandil/github_repos/thesis/Distributed-Tsetlin-Machines/experiments/results_minority/II_x_III/rule37_vs_rule126/hamming_distance.png,/Users/amrkandil/github_repos/thesis/Distributed-Tsetlin-Machines/experiments/results_minority/II_x_III/rule37_vs_rule126/lag_hamming.png,/Users/amrkandil/github_repos/thesis/Distributed-Tsetlin-Machines/experiments/results_minority/II_x_III/rule37_vs_rule126/metrics.json
37,146,II_x_III,near_cycle,4,0,0.05130518691178872,0.05130518691178866,0.6098009950248755,0.023475576573916874,0.610136815920398,coexist,,0.37407960199004975,0.6259203980099503,early,100,near_cycle,4,/Users/amrkandil/github_repos/thesis/Distributed-Tsetlin-Machines/experiments/results_minority/II_x_III/rule37_vs_rule146/hamming_distance.png,/Users/amrkandil/github_repos/thesis/Distributed-Tsetlin-Machines/experiments/results_minority/II_x_III/rule37_vs_rule146/lag_hamming.png,/Users/amrkandil/github_repos/thesis/Distributed-Tsetlin-Machines/experiments/results_minority/II_x_III/rule37_vs_rule146/metrics.json
37,150,II_x_III,cycle,24,0,2.1210230918211945e-16,0.0,0.6093532338308457,0.02398071880457917,0.611952736318408,coexist,,0.46597014925373137,0.5340298507462686,early,100,cycle,24,/Users/amrkandil/github_repos/thesis/Distributed-Tsetlin-Machines/experiments/results_minority/II_x_III/rule37_vs_rule150/hamming_distance.png,/Users/amrkandil/github_repos/thesis/Distributed-Tsetlin-Machines/experiments/results_minority/II_x_III/rule37_vs_rule150/lag_hamming.png,/Users/amrkandil/github_repos/thesis/Distributed-Tsetlin-Machines/experiments/results_minority/II_x_III/rule37_vs_rule150/metrics.json
38,18,II_x_III,aperiodic,,,0.3001990049751244,0.5459203980099503,0.540865671641791,0.04419977442147678,0.5459203980099503,coexist,,0.3701492537313433,0.6298507462686567,never,,aperiodic,,/Users/amrkandil/github_repos/thesis/Distributed-Tsetlin-Machines/experiments/results_minority/II_x_III/rule38_vs_rule18/hamming_distance.png,/Users/amrkandil/github_repos/thesis/Distributed-Tsetlin-Machines/experiments/results_minority/II_x_III/rule38_vs_rule18/lag_hamming.png,/Users/amrkandil/github_repos/thesis/Distributed-Tsetlin-Machines/experiments/results_minority/II_x_III/rule38_vs_rule18/metrics.json
38,22,II_x_III,aperiodic,,,0.30182421227197354,0.511901644658911,0.5608457711442786,0.05381721073212422,0.5632213930348259,coexist,,0.48840796019900495,0.511592039800995,never,,aperiodic,,/Users/amrkandil/github_repos/thesis/Distributed-Tsetlin-Machines/experiments/results_minority/II_x_III/rule38_vs_rule22/hamming_distance.png,/Users/amrkandil/github_repos/thesis/Distributed-Tsetlin-Machines/experiments/results_minority/II_x_III/rule38_vs_rule22/lag_hamming.png,/Users/amrkandil/github_repos/thesis/Distributed-Tsetlin-Machines/experiments/results_minority/II_x_III/rule38_vs_rule22/metrics.json
38,30,II_x_III,aperiodic,,,0.36138786586547783,0.36138786586547783,0.567870646766169,0.04846134713137858,0.5690174129353234,coexist,,0.4632835820895522,0.5367164179104478,never,,aperiodic,,/Users/amrkandil/github_repos/thesis/Distributed-Tsetlin-Machines/experiments/results_minority/II_x_III/rule38_vs_rule30/hamming_distance.png,/Users/amrkandil/github_repos/thesis/Distributed-Tsetlin-Machines/experiments/results_minority/II_x_III/rule38_vs_rule30/lag_hamming.png,/Users/amrkandil/github_repos/thesis/Distributed-Tsetlin-Machines/experiments/results_minority/II_x_III/rule38_vs_rule30/metrics.json
38,45,II_x_III,aperiodic,,,0.44376355000814566,0.44376355000814566,0.5343283582089553,0.03798597873988779,0.5357587064676617,coexist,,0.4255223880597015,0.5744776119402986,never,,aperiodic,,/Users/amrkandil/github_repos/thesis/Distributed-Tsetlin-Machines/experiments/results_minority/II_x_III/rule38_vs_rule45/hamming_distance.png,/Users/amrkandil/github_repos/thesis/Distributed-Tsetlin-Machines/experiments/results_minority/II_x_III/rule38_vs_rule45/lag_hamming.png,/Users/amrkandil/github_repos/thesis/Distributed-Tsetlin-Machines/experiments/results_minority/II_x_III/rule38_vs_rule45/metrics.json
38,60,II_x_III,aperiodic,,,0.3239179104477612,0.4218034825870647,0.41415920398009953,0.06051712417782661,0.42180348258706474,coexist,,0.43487562189054724,0.5651243781094527,never,,aperiodic,,/Users/amrkandil/github_repos/thesis/Distributed-Tsetlin-Machines/experiments/results_minority/II_x_III/rule38_vs_rule60/hamming_distance.png,/Users/amrkandil/github_repos/thesis/Distributed-Tsetlin-Machines/experiments/results_minority/II_x_III/rule38_vs_rule60/lag_hamming.png,/Users/amrkandil/github_repos/thesis/Distributed-Tsetlin-Machines/experiments/results_minority/II_x_III/rule38_vs_rule60/metrics.json
38,90,II_x_III,aperiodic,,,0.2936218649682182,0.293621864968218,0.5638009950248757,0.034266663141693056,0.5628855721393035,coexist,,0.37651741293532337,0.6234825870646766,never,,aperiodic,,/Users/amrkandil/github_repos/thesis/Distributed-Tsetlin-Machines/experiments/results_minority/II_x_III/rule38_vs_rule90/hamming_distance.png,/Users/amrkandil/github_repos/thesis/Distributed-Tsetlin-Machines/experiments/results_minority/II_x_III/rule38_vs_rule90/lag_hamming.png,/Users/amrkandil/github_repos/thesis/Distributed-Tsetlin-Machines/experiments/results_minority/II_x_III/rule38_vs_rule90/metrics.json
38,105,II_x_III,near_cycle,2,0,0.15253307397847854,0.15253307397847854,0.5343283582089552,0.02453498110634418,0.5322014925373134,coexist,,0.4178606965174129,0.582139303482587,late,200,near_cycle,2,/Users/amrkandil/github_repos/thesis/Distributed-Tsetlin-Machines/experiments/results_minority/II_x_III/rule38_vs_rule105/hamming_distance.png,/Users/amrkandil/github_repos/thesis/Distributed-Tsetlin-Machines/experiments/results_minority/II_x_III/rule38_vs_rule105/lag_hamming.png,/Users/amrkandil/github_repos/thesis/Distributed-Tsetlin-Machines/experiments/results_minority/II_x_III/rule38_vs_rule105/metrics.json
38,122,II_x_III,aperiodic,,,0.24524214371182065,0.24524214371182065,0.7743283582089553,0.05158184386649923,0.7785447761194031,coexist,,0.27507462686567163,0.7249253731343284,never,,aperiodic,,/Users/amrkandil/github_repos/thesis/Distributed-Tsetlin-Machines/experiments/results_minority/II_x_III/rule38_vs_rule122/hamming_distance.png,/Users/amrkandil/github_repos/thesis/Distributed-Tsetlin-Machines/experiments/results_minority/II_x_III/rule38_vs_rule122/lag_hamming.png,/Users/amrkandil/github_repos/thesis/Distributed-Tsetlin-Machines/experiments/results_minority/II_x_III/rule38_vs_rule122/metrics.json
38,126,II_x_III,near_cycle,16,0,0.19300898106868258,0.19300898106868256,0.6149651741293531,0.040375927106576774,0.6167786069651742,coexist,,0.48019900497512435,0.5198009950248756,early,50,near_cycle,16,/Users/amrkandil/github_repos/thesis/Distributed-Tsetlin-Machines/experiments/results_minority/II_x_III/rule38_vs_rule126/hamming_distance.png,/Users/amrkandil/github_repos/thesis/Distributed-Tsetlin-Machines/experiments/results_minority/II_x_III/rule38_vs_rule126/lag_hamming.png,/Users/amrkandil/github_repos/thesis/Distributed-Tsetlin-Machines/experiments/results_minority/II_x_III/rule38_vs_rule126/metrics.json
38,146,II_x_III,aperiodic,,,0.298271144278607,0.5343905472636816,0.5334726368159204,0.041042820999718815,0.5343905472636815,coexist,,0.37422885572139303,0.6257711442786069,never,,aperiodic,,/Users/amrkandil/github_repos/thesis/Distributed-Tsetlin-Machines/experiments/results_minority/II_x_III/rule38_vs_rule146/hamming_distance.png,/Users/amrkandil/github_repos/thesis/Distributed-Tsetlin-Machines/experiments/results_minority/II_x_III/rule38_vs_rule146/lag_hamming.png,/Users/amrkandil/github_repos/thesis/Distributed-Tsetlin-Machines/experiments/results_minority/II_x_III/rule38_vs_rule146/metrics.json
38,150,II_x_III,near_cycle,2,0,0.19205975136847092,0.19205975136847092,0.5960497512437811,0.029134170336411837,0.5991666666666667,coexist,,0.4513432835820895,0.5486567164179105,late,334,near_cycle,2,/Users/amrkandil/github_repos/thesis/Distributed-Tsetlin-Machines/experiments/results_minority/II_x_III/rule38_vs_rule150/hamming_distance.png,/Users/amrkandil/github_repos/thesis/Distributed-Tsetlin-Machines/experiments/results_minority/II_x_III/rule38_vs_rule150/lag_hamming.png,/Users/amrkandil/github_repos/thesis/Distributed-Tsetlin-Machines/experiments/results_minority/II_x_III/rule38_vs_rule150/metrics.json
42,18,II_x_III,near_cycle,4,0,0.08150682356479556,0.08150682356479567,0.6760995024875623,0.055509811518081216,0.6885572139303483,coexist,,0.6419402985074627,0.3580597014925373,late,334,near_cycle,4,/Users/amrkandil/github_repos/thesis/Distributed-Tsetlin-Machines/experiments/results_minority/II_x_III/rule42_vs_rule18/hamming_distance.png,/Users/amrkandil/github_repos/thesis/Distributed-Tsetlin-Machines/experiments/results_minority/II_x_III/rule42_vs_rule18/lag_hamming.png,/Users/amrkandil/github_repos/thesis/Distributed-Tsetlin-Machines/experiments/results_minority/II_x_III/rule42_vs_rule18/metrics.json
42,22,II_x_III,near_cycle,48,0,0.1514664637154173,0.15146646371541725,0.4806865671641791,0.0413444737631849,0.4799004975124378,coexist,,0.47,0.53,late,334,near_cycle,48,/Users/amrkandil/github_repos/thesis/Distributed-Tsetlin-Machines/experiments/results_minority/II_x_III/rule42_vs_rule22/hamming_distance.png,/Users/amrkandil/github_repos/thesis/Distributed-Tsetlin-Machines/experiments/results_minority/II_x_III/rule42_vs_rule22/lag_hamming.png,/Users/amrkandil/github_repos/thesis/Distributed-Tsetlin-Machines/experiments/results_minority/II_x_III/rule42_vs_rule22/metrics.json
42,30,II_x_III,near_cycle,48,0,0.10554874353445244,0.10554874353445239,0.5219402985074628,0.029834946067179572,0.5222512437810946,coexist,,0.4633830845771144,0.5366169154228856,late,334,near_cycle,48,/Users/amrkandil/github_repos/thesis/Distributed-Tsetlin-Machines/experiments/results_minority/II_x_III/rule42_vs_rule30/hamming_distance.png,/Users/amrkandil/github_repos/thesis/Distributed-Tsetlin-Machines/experiments/results_minority/II_x_III/rule42_vs_rule30/lag_hamming.png,/Users/amrkandil/github_repos/thesis/Distributed-Tsetlin-Machines/experiments/results_minority/II_x_III/rule42_vs_rule30/metrics.json
42,45,II_x_III,near_cycle,16,0,0.1356335207081477,0.13563352070814758,0.5004378109452736,0.03005825717313842,0.5011318407960199,coexist,,0.46855721393034827,0.5314427860696518,late,200,near_cycle,16,/Users/amrkandil/github_repos/thesis/Distributed-Tsetlin-Machines/experiments/results_minority/II_x_III/rule42_vs_rule45/hamming_distance.png,/Users/amrkandil/github_repos/thesis/Distributed-Tsetlin-Machines/experiments/results_minority/II_x_III/rule42_vs_rule45/lag_hamming.png,/Users/amrkandil/github_repos/thesis/Distributed-Tsetlin-Machines/experiments/results_minority/II_x_III/rule42_vs_rule45/metrics.json
42,60,II_x_III,aperiodic,,,0.131557068767568,0.131557068767568,0.529860696517413,0.039517020523023416,0.5361069651741294,coexist,,0.4910945273631841,0.508905472636816,late,334,near_cycle,12,/Users/amrkandil/github_repos/thesis/Distributed-Tsetlin-Machines/experiments/results_minority/II_x_III/rule42_vs_rule60/hamming_distance.png,/Users/amrkandil/github_repos/thesis/Distributed-Tsetlin-Machines/experiments/results_minority/II_x_III/rule42_vs_rule60/lag_hamming.png,/Users/amrkandil/github_repos/thesis/Distributed-Tsetlin-Machines/experiments/results_minority/II_x_III/rule42_vs_rule60/metrics.json
42,90,II_x_III,aperiodic,,,0.2579228855721393,0.5719776119402985,0.5696915422885572,0.03379934735006087,0.5719776119402984,coexist,,0.5190049751243782,0.4809950248756219,never,,aperiodic,,/Users/amrkandil/github_repos/thesis/Distributed-Tsetlin-Machines/experiments/results_minority/II_x_III/rule42_vs_rule90/hamming_distance.png,/Users/amrkandil/github_repos/thesis/Distributed-Tsetlin-Machines/experiments/results_minority/II_x_III/rule42_vs_rule90/lag_hamming.png,/Users/amrkandil/github_repos/thesis/Distributed-Tsetlin-Machines/experiments/results_minority/II_x_III/rule42_vs_rule90/metrics.json
42,105,II_x_III,aperiodic,,,0.28753731343283584,0.5296019900497513,0.5287263681592039,0.034544321756114424,0.5296019900497513,coexist,,0.4979601990049751,0.5020398009950249,never,,aperiodic,,/Users/amrkandil/github_repos/thesis/Distributed-Tsetlin-Machines/experiments/results_minority/II_x_III/rule42_vs_rule105/hamming_distance.png,/Users/amrkandil/github_repos/thesis/Distributed-Tsetlin-Machines/experiments/results_minority/II_x_III/rule42_vs_rule105/lag_hamming.png,/Users/amrkandil/github_repos/thesis/Distributed-Tsetlin-Machines/experiments/results_minority/II_x_III/rule42_vs_rule105/metrics.json
42,122,II_x_III,aperiodic,,,0.28221393034825876,0.5978109452736319,0.5998805970149254,0.03864369181965588,0.5978109452736319,coexist,,0.44601990049751244,0.5539800995024876,never,,aperiodic,,/Users/amrkandil/github_repos/thesis/Distributed-Tsetlin-Machines/experiments/results_minority/II_x_III/rule42_vs_rule122/hamming_distance.png,/Users/amrkandil/github_repos/thesis/Distributed-Tsetlin-Machines/experiments/results_minority/II_x_III/rule42_vs_rule122/lag_hamming.png,/Users/amrkandil/github_repos/thesis/Distributed-Tsetlin-Machines/experiments/results_minority/II_x_III/rule42_vs_rule122/metrics.json
42,126,II_x_III,aperiodic,,,0.30101949270043227,0.30101949270043227,0.46122388059701497,0.040481607252301155,0.46171641791044776,coexist,,0.4999502487562189,0.5000497512437811,never,,aperiodic,,/Users/amrkandil/github_repos/thesis/Distributed-Tsetlin-Machines/experiments/results_minority/II_x_III/rule42_vs_rule126/hamming_distance.png,/Users/amrkandil/github_repos/thesis/Distributed-Tsetlin-Machines/experiments/results_minority/II_x_III/rule42_vs_rule126/lag_hamming.png,/Users/amrkandil/github_repos/thesis/Distributed-Tsetlin-Machines/experiments/results_minority/II_x_III/rule42_vs_rule126/metrics.json
42,146,II_x_III,near_cycle,1,1,0.10737562189054724,0.6729726368159203,0.6645572139303483,0.06759072661320405,0.6729726368159205,coexist,,0.7379104477611941,0.262089552238806,late,334,near_cycle,3,/Users/amrkandil/github_repos/thesis/Distributed-Tsetlin-Machines/experiments/results_minority/II_x_III/rule42_vs_rule146/hamming_distance.png,/Users/amrkandil/github_repos/thesis/Distributed-Tsetlin-Machines/experiments/results_minority/II_x_III/rule42_vs_rule146/lag_hamming.png,/Users/amrkandil/github_repos/thesis/Distributed-Tsetlin-Machines/experiments/results_minority/II_x_III/rule42_vs_rule146/metrics.json
42,150,II_x_III,near_cycle,12,0,0.13999411681950152,0.13999411681950147,0.5203980099502489,0.026520726366499787,0.5195273631840795,coexist,,0.4664179104477612,0.5335820895522388,late,300,near_cycle,12,/Users/amrkandil/github_repos/thesis/Distributed-Tsetlin-Machines/experiments/results_minority/II_x_III/rule42_vs_rule150/hamming_distance.png,/Users/amrkandil/github_repos/thesis/Distributed-Tsetlin-Machines/experiments/results_minority/II_x_III/rule42_vs_rule150/lag_hamming.png,/Users/amrkandil/github_repos/thesis/Distributed-Tsetlin-Machines/experiments/results_minority/II_x_III/rule42_vs_rule150/metrics.json
43,18,II_x_III,near_cycle,2,0,0.04372872479706726,0.0437287247970673,0.7345373134328359,0.014482514428703994,0.7385199004975127,coexist,,0.46865671641791046,0.5313432835820896,late,150,cycle,20,/Users/amrkandil/github_repos/thesis/Distributed-Tsetlin-Machines/experiments/results_minority/II_x_III/rule43_vs_rule18/hamming_distance.png,/Users/amrkandil/github_repos/thesis/Distributed-Tsetlin-Machines/experiments/results_minority/II_x_III/rule43_vs_rule18/lag_hamming.png,/Users/amrkandil/github_repos/thesis/Distributed-Tsetlin-Machines/experiments/results_minority/II_x_III/rule43_vs_rule18/metrics.json
43,22,II_x_III,aperiodic,,,0.30001620967842496,0.5520143642688812,0.6268756218905474,0.026083128566222354,0.6257462686567165,coexist,,0.508407960199005,0.49159203980099503,never,,aperiodic,,/Users/amrkandil/github_repos/thesis/Distributed-Tsetlin-Machines/experiments/results_minority/II_x_III/rule43_vs_rule22/hamming_distance.png,/Users/amrkandil/github_repos/thesis/Distributed-Tsetlin-Machines/experiments/results_minority/II_x_III/rule43_vs_rule22/lag_hamming.png,/Users/amrkandil/github_repos/thesis/Distributed-Tsetlin-Machines/experiments/results_minority/II_x_III/rule43_vs_rule22/metrics.json
43,30,II_x_III,aperiodic,,,0.26218521786952137,0.2621852178695213,0.5868457711442786,0.024938261431893444,0.5867412935323383,coexist,,0.4618407960199005,0.5381592039800995,never,,aperiodic,,/Users/amrkandil/github_repos/thesis/Distributed-Tsetlin-Machines/experiments/results_minority/II_x_III/rule43_vs_rule30/hamming_distance.png,/Users/amrkandil/github_repos/thesis/Distributed-Tsetlin-Machines/experiments/results_minority/II_x_III/rule43_vs_rule30/lag_hamming.png,/Users/amrkandil/github_repos/thesis/Distributed-Tsetlin-Machines/experiments/results_minority/II_x_III/rule43_vs_rule30/metrics.json
43,45,II_x_III,near_cycle,8,0,0.14586102566050155,0.14586102566050158,0.5527661691542289,0.03494888154405185,0.5485696517412936,coexist,,0.4488059701492537,0.5511940298507463,late,334,near_cycle,8,/Users/amrkandil/github_repos/thesis/Distributed-Tsetlin-Machines/experiments/results_minority/II_x_III/rule43_vs_rule45/hamming_distance.png,/Users/amrkandil/github_repos/thesis/Distributed-Tsetlin-Machines/experiments/results_minority/II_x_III/rule43_vs_rule45/lag_hamming.png,/Users/amrkandil/github_repos/thesis/Distributed-Tsetlin-Machines/experiments/results_minority/II_x_III/rule43_vs_rule45/metrics.json
43,60,II_x_III,near_cycle,24,0,0.1409002731699593,0.14090027316995923,0.591084577114428,0.019837671974692758,0.5892039800995025,coexist,,0.46039800995024877,0.5396019900497513,late,150,near_cycle,24,/Users/amrkandil/github_repos/thesis/Distributed-Tsetlin-Machines/experiments/results_minority/II_x_III/rule43_vs_rule60/hamming_distance.png,/Users/amrkandil/github_repos/thesis/Distributed-Tsetlin-Machines/experiments/results_minority/II_x_III/rule43_vs_rule60/lag_hamming.png,/Users/amrkandil/github_repos/thesis/Distributed-Tsetlin-Machines/experiments/results_minority/II_x_III/rule43_vs_rule60/metrics.json
43,90,II_x_III,aperiodic,,,0.372363184079602,0.5957213930348259,0.5960796019900497,0.030967763899427257,0.5957213930348259,coexist,,0.5015422885572139,0.49845771144278606,never,,aperiodic,,/Users/amrkandil/github_repos/thesis/Distributed-Tsetlin-Machines/experiments/results_minority/II_x_III/rule43_vs_rule90/hamming_distance.png,/Users/amrkandil/github_repos/thesis/Distributed-Tsetlin-Machines/experiments/results_minority/II_x_III/rule43_vs_rule90/lag_hamming.png,/Users/amrkandil/github_repos/thesis/Distributed-Tsetlin-Machines/experiments/results_minority/II_x_III/rule43_vs_rule90/metrics.json
43,105,II_x_III,near_cycle,96,0,0.15636571242149908,0.15636571242149908,0.5492338308457712,0.03274493074270158,0.5452611940298507,coexist,,0.45935323383084575,0.5406467661691542,never,,aperiodic,,/Users/amrkandil/github_repos/thesis/Distributed-Tsetlin-Machines/experiments/results_minority/II_x_III/rule43_vs_rule105/hamming_distance.png,/Users/amrkandil/github_repos/thesis/Distributed-Tsetlin-Machines/experiments/results_minority/II_x_III/rule43_vs_rule105/lag_hamming.png,/Users/amrkandil/github_repos/thesis/Distributed-Tsetlin-Machines/experiments/results_minority/II_x_III/rule43_vs_rule105/metrics.json
43,122,II_x_III,aperiodic,,,0.3572885572139303,0.6207213930348259,0.6215024875621891,0.03244601886205047,0.6207213930348259,coexist,,0.49656716417910446,0.5034328358208955,never,,aperiodic,,/Users/amrkandil/github_repos/thesis/Distributed-Tsetlin-Machines/experiments/results_minority/II_x_III/rule43_vs_rule122/hamming_distance.png,/Users/amrkandil/github_repos/thesis/Distributed-Tsetlin-Machines/experiments/results_minority/II_x_III/rule43_vs_rule122/lag_hamming.png,/Users/amrkandil/github_repos/thesis/Distributed-Tsetlin-Machines/experiments/results_minority/II_x_III/rule43_vs_rule122/metrics.json
43,126,II_x_III,aperiodic,,,0.4290796019900498,0.5986567164179104,0.5997014925373133,0.03445876161907864,0.5986567164179104,coexist,,0.5211442786069652,0.47885572139303484,never,,aperiodic,,/Users/amrkandil/github_repos/thesis/Distributed-Tsetlin-Machines/experiments/results_minority/II_x_III/rule43_vs_rule126/hamming_distance.png,/Users/amrkandil/github_repos/thesis/Distributed-Tsetlin-Machines/experiments/results_minority/II_x_III/rule43_vs_rule126/lag_hamming.png,/Users/amrkandil/github_repos/thesis/Distributed-Tsetlin-Machines/experiments/results_minority/II_x_III/rule43_vs_rule126/metrics.json
43,146,II_x_III,cycle,12,0,2.1210230918211945e-16,0.0,0.7362985074626867,0.02190184240481218,0.741268656716418,coexist,,0.5214427860696518,0.4785572139303483,early,100,cycle,12,/Users/amrkandil/github_repos/thesis/Distributed-Tsetlin-Machines/experiments/results_minority/II_x_III/rule43_vs_rule146/hamming_distance.png,/Users/amrkandil/github_repos/thesis/Distributed-Tsetlin-Machines/experiments/results_minority/II_x_III/rule43_vs_rule146/lag_hamming.png,/Users/amrkandil/github_repos/thesis/Distributed-Tsetlin-Machines/experiments/results_minority/II_x_III/rule43_vs_rule146/metrics.json
43,150,II_x_III,near_cycle,8,0,0.18639626296000908,0.1863962629600091,0.5594527363184079,0.03219466759217678,0.5570522388059702,coexist,,0.448955223880597,0.551044776119403,late,334,near_cycle,8,/Users/amrkandil/github_repos/thesis/Distributed-Tsetlin-Machines/experiments/results_minority/II_x_III/rule43_vs_rule150/hamming_distance.png,/Users/amrkandil/github_repos/thesis/Distributed-Tsetlin-Machines/experiments/results_minority/II_x_III/rule43_vs_rule150/lag_hamming.png,/Users/amrkandil/github_repos/thesis/Distributed-Tsetlin-Machines/experiments/results_minority/II_x_III/rule43_vs_rule150/metrics.json
44,18,II_x_III,near_cycle,16,0,0.1485946888931963,0.14859468889319635,0.37992039800995026,0.07546978418245558,0.4136442786069652,coexist,,0.5030348258706467,0.49696517412935326,early,0,near_cycle,16,/Users/amrkandil/github_repos/thesis/Distributed-Tsetlin-Machines/experiments/results_minority/II_x_III/rule44_vs_rule18/hamming_distance.png,/Users/amrkandil/github_repos/thesis/Distributed-Tsetlin-Machines/experiments/results_minority/II_x_III/rule44_vs_rule18/lag_hamming.png,/Users/amrkandil/github_repos/thesis/Distributed-Tsetlin-Machines/experiments/results_minority/II_x_III/rule44_vs_rule18/metrics.json
44,22,II_x_III,near_cycle,4,0,0.16362770530220438,0.16362770530220436,0.46799004975124375,0.05713506223199597,0.4841169154228855,coexist,,0.49970149253731344,0.5002985074626866,early,50,near_cycle,4,/Users/amrkandil/github_repos/thesis/Distributed-Tsetlin-Machines/experiments/results_minority/II_x_III/rule44_vs_rule22/hamming_distance.png,/Users/amrkandil/github_repos/thesis/Distributed-Tsetlin-Machines/experiments/results_minority/II_x_III/rule44_vs_rule22/lag_hamming.png,/Users/amrkandil/github_repos/thesis/Distributed-Tsetlin-Machines/experiments/results_minority/II_x_III/rule44_vs_rule22/metrics.json
44,30,II_x_III,near_cycle,8,0,0.07696884534072639,0.0769688453407264,0.4933233830845771,0.03895907925236014,0.4981716417910448,coexist,,0.5092537313432836,0.49074626865671644,early,50,near_cycle,8,/Users/amrkandil/github_repos/thesis/Distributed-Tsetlin-Machines/experiments/results_minority/II_x_III/rule44_vs_rule30/hamming_distance.png,/Users/amrkandil/github_repos/thesis/Distributed-Tsetlin-Machines/experiments/results_minority/II_x_III/rule44_vs_rule30/lag_hamming.png,/Users/amrkandil/github_repos/thesis/Distributed-Tsetlin-Machines/experiments/results_minority/II_x_III/rule44_vs_rule30/metrics.json
44,45,II_x_III,near_cycle,1,0,0.1112064676616915,0.11120646766169154,0.13884577114427862,0.06418479977815092,0.11120646766169154,coexist,,0.4564179104477612,0.5435820895522389,never,,aperiodic,,/Users/amrkandil/github_repos/thesis/Distributed-Tsetlin-Machines/experiments/results_minority/II_x_III/rule44_vs_rule45/hamming_distance.png,/Users/amrkandil/github_repos/thesis/Distributed-Tsetlin-Machines/experiments/results_minority/II_x_III/rule44_vs_rule45/lag_hamming.png,/Users/amrkandil/github_repos/thesis/Distributed-Tsetlin-Machines/experiments/results_minority/II_x_III/rule44_vs_rule45/metrics.json
44,60,II_x_III,cycle,64,0,7.070076972737315e-17,0.0,0.28146268656716417,0.030129923363231625,0.2821144278606965,coexist,,0.48253731343283585,0.5174626865671642,early,100,near_cycle,8,/Users/amrkandil/github_repos/thesis/Distributed-Tsetlin-Machines/experiments/results_minority/II_x_III/rule44_vs_rule60/hamming_distance.png,/Users/amrkandil/github_repos/thesis/Distributed-Tsetlin-Machines/experiments/results_minority/II_x_III/rule44_vs_rule60/lag_hamming.png,/Users/amrkandil/github_repos/thesis/Distributed-Tsetlin-Machines/experiments/results_minority/II_x_III/rule44_vs_rule60/metrics.json
44,90,II_x_III,near_cycle,8,0,0.10094565341232778,0.10094565341232767,0.4297412935323383,0.0278975928396231,0.43294776119402983,coexist,,0.4309950248756219,0.5690049751243781,late,334,near_cycle,8,/Users/amrkandil/github_repos/thesis/Distributed-Tsetlin-Machines/experiments/results_minority/II_x_III/rule44_vs_rule90/hamming_distance.png,/Users/amrkandil/github_repos/thesis/Distributed-Tsetlin-Machines/experiments/results_minority/II_x_III/rule44_vs_rule90/lag_hamming.png,/Users/amrkandil/github_repos/thesis/Distributed-Tsetlin-Machines/experiments/results_minority/II_x_III/rule44_vs_rule90/metrics.json
44,105,II_x_III,near_cycle,4,0,0.16589596100104018,0.16589596100104015,0.35276616915422887,0.029646550348658696,0.343320895522388,coexist,,0.4766666666666667,0.5233333333333333,late,334,near_cycle,4,/Users/amrkandil/github_repos/thesis/Distributed-Tsetlin-Machines/experiments/results_minority/II_x_III/rule44_vs_rule105/hamming_distance.png,/Users/amrkandil/github_repos/thesis/Distributed-Tsetlin-Machines/experiments/results_minority/II_x_III/rule44_vs_rule105/lag_hamming.png,/Users/amrkandil/github_repos/thesis/Distributed-Tsetlin-Machines/experiments/results_minority/II_x_III/rule44_vs_rule105/metrics.json
44,122,II_x_III,aperiodic,,,0.2056854537510747,0.20568545375107466,0.503273631840796,0.04316993027706588,0.5053358208955224,coexist,,0.4609950248756219,0.5390049751243781,late,334,near_cycle,48,/Users/amrkandil/github_repos/thesis/Distributed-Tsetlin-Machines/experiments/results_minority/II_x_III/rule44_vs_rule122/hamming_distance.png,/Users/amrkandil/github_repos/thesis/Distributed-Tsetlin-Machines/experiments/results_minority/II_x_III/rule44_vs_rule122/lag_hamming.png,/Users/amrkandil/github_repos/thesis/Distributed-Tsetlin-Machines/experiments/results_minority/II_x_III/rule44_vs_rule122/metrics.json
44,126,II_x_III,near_cycle,12,0,0.2159510928647253,0.21595109286472522,0.47235820895522385,0.046284398969636584,0.47839552238805966,coexist,,0.5353233830845772,0.4646766169154229,early,100,near_cycle,12,/Users/amrkandil/github_repos/thesis/Distributed-Tsetlin-Machines/experiments/results_minority/II_x_III/rule44_vs_rule126/hamming_distance.png,/Users/amrkandil/github_repos/thesis/Distributed-Tsetlin-Machines/experiments/results_minority/II_x_III/rule44_vs_rule126/lag_hamming.png,/Users/amrkandil/github_repos/thesis/Distributed-Tsetlin-Machines/experiments/results_minority/II_x_III/rule44_vs_rule126/metrics.json
44,146,II_x_III,near_cycle,16,0,0.11657297925954643,0.11657297925954642,0.28056716417910443,0.07360137261250158,0.3019029850746269,coexist,,0.4716417910447761,0.5283582089552239,early,0,near_cycle,32,/Users/amrkandil/github_repos/thesis/Distributed-Tsetlin-Machines/experiments/results_minority/II_x_III/rule44_vs_rule146/hamming_distance.png,/Users/amrkandil/github_repos/thesis/Distributed-Tsetlin-Machines/experiments/results_minority/II_x_III/rule44_vs_rule146/lag_hamming.png,/Users/amrkandil/github_repos/thesis/Distributed-Tsetlin-Machines/experiments/results_minority/II_x_III/rule44_vs_rule146/metrics.json
44,150,II_x_III,near_cycle,4,0,0.17506923819191206,0.17506923819191197,0.4890646766169154,0.05756345668697996,0.505,coexist,,0.4918905472636816,0.5081094527363184,late,150,near_cycle,4,/Users/amrkandil/github_repos/thesis/Distributed-Tsetlin-Machines/experiments/results_minority/II_x_III/rule44_vs_rule150/hamming_distance.png,/Users/amrkandil/github_repos/thesis/Distributed-Tsetlin-Machines/experiments/results_minority/II_x_III/rule44_vs_rule150/lag_hamming.png,/Users/amrkandil/github_repos/thesis/Distributed-Tsetlin-Machines/experiments/results_minority/II_x_III/rule44_vs_rule150/metrics.json
46,18,II_x_III,aperiodic,,,0.27032338308457715,0.5127114427860696,0.5102985074626866,0.03698666202823514,0.5127114427860697,coexist,,0.4778109452736318,0.5221890547263681,never,,aperiodic,,/Users/amrkandil/github_repos/thesis/Distributed-Tsetlin-Machines/experiments/results_minority/II_x_III/rule46_vs_rule18/hamming_distance.png,/Users/amrkandil/github_repos/thesis/Distributed-Tsetlin-Machines/experiments/results_minority/II_x_III/rule46_vs_rule18/lag_hamming.png,/Users/amrkandil/github_repos/thesis/Distributed-Tsetlin-Machines/experiments/results_minority/II_x_III/rule46_vs_rule18/metrics.json
46,22,II_x_III,near_cycle,12,0,0.1263988540587551,0.12639885405875506,0.5356318407960199,0.03819384418230822,0.5371517412935324,coexist,,0.507363184079602,0.492636815920398,early,50,near_cycle,12,/Users/amrkandil/github_repos/thesis/Distributed-Tsetlin-Machines/experiments/results_minority/II_x_III/rule46_vs_rule22/hamming_distance.png,/Users/amrkandil/github_repos/thesis/Distributed-Tsetlin-Machines/experiments/results_minority/II_x_III/rule46_vs_rule22/lag_hamming.png,/Users/amrkandil/github_repos/thesis/Distributed-Tsetlin-Machines/experiments/results_minority/II_x_III/rule46_vs_rule22/metrics.json
46,30,II_x_III,near_cycle,8,0,0.14198726469434012,0.14198726469434,0.51,0.027221660248113014,0.5105348258706468,coexist,,0.4634825870646766,0.5365174129353234,early,100,near_cycle,8,/Users/amrkandil/github_repos/thesis/Distributed-Tsetlin-Machines/experiments/results_minority/II_x_III/rule46_vs_rule30/hamming_distance.png,/Users/amrkandil/github_repos/thesis/Distributed-Tsetlin-Machines/experiments/results_minority/II_x_III/rule46_vs_rule30/lag_hamming.png,/Users/amrkandil/github_repos/thesis/Distributed-Tsetlin-Machines/experiments/results_minority/II_x_III/rule46_vs_rule30/metrics.json
46,45,II_x_III,near_cycle,4,0,0.16023158765367126,0.16023158765367118,0.49817910447761193,0.02972279543050682,0.4998009950248756,coexist,,0.4514427860696517,0.5485572139303483,late,334,near_cycle,4,/Users/amrkandil/github_repos/thesis/Distributed-Tsetlin-Machines/experiments/results_minority/II_x_III/rule46_vs_rule45/hamming_distance.png,/Users/amrkandil/github_repos/thesis/Distributed-Tsetlin-Machines/experiments/results_minority/II_x_III/rule46_vs_rule45/lag_hamming.png,/Users/amrkandil/github_repos/thesis/Distributed-Tsetlin-Machines/experiments/results_minority/II_x_III/rule46_vs_rule45/metrics.json
46,60,II_x_III,aperiodic,,,0.2617039800995024,0.4204850746268657,0.4193333333333334,0.04450559628063135,0.42048507462686563,coexist,,0.437363184079602,0.562636815920398,never,,aperiodic,,/Users/amrkandil/github_repos/thesis/Distributed-Tsetlin-Machines/experiments/results_minority/II_x_III/rule46_vs_rule60/hamming_distance.png,/Users/amrkandil/github_repos/thesis/Distributed-Tsetlin-Machines/experiments/results_minority/II_x_III/rule46_vs_rule60/lag_hamming.png,/Users/amrkandil/github_repos/thesis/Distributed-Tsetlin-Machines/experiments/results_minority/II_x_III/rule46_vs_rule60/metrics.json
46,90,II_x_III,aperiodic,,,0.31167868862375053,0.31167868862375053,0.5059800995024876,0.03585722176858603,0.5055597014925373,coexist,,0.4779601990049751,0.5220398009950249,never,,aperiodic,,/Users/amrkandil/github_repos/thesis/Distributed-Tsetlin-Machines/experiments/results_minority/II_x_III/rule46_vs_rule90/hamming_distance.png,/Users/amrkandil/github_repos/thesis/Distributed-Tsetlin-Machines/experiments/results_minority/II_x_III/rule46_vs_rule90/lag_hamming.png,/Users/amrkandil/github_repos/thesis/Distributed-Tsetlin-Machines/experiments/results_minority/II_x_III/rule46_vs_rule90/metrics.json
46,105,II_x_III,aperiodic,,,0.34735074626865675,0.5164303482587065,0.516179104477612,0.03286388669402038,0.5164303482587065,coexist,,0.4518407960199005,0.5481592039800995,never,,aperiodic,,/Users/amrkandil/github_repos/thesis/Distributed-Tsetlin-Machines/experiments/results_minority/II_x_III/rule46_vs_rule105/hamming_distance.png,/Users/amrkandil/github_repos/thesis/Distributed-Tsetlin-Machines/experiments/results_minority/II_x_III/rule46_vs_rule105/lag_hamming.png,/Users/amrkandil/github_repos/thesis/Distributed-Tsetlin-Machines/experiments/results_minority/II_x_III/rule46_vs_rule105/metrics.json
46,122,II_x_III,aperiodic,,,0.2980551786521936,0.29805517865219355,0.5451542288557214,0.03520202824419547,0.5452363184079602,coexist,,0.4445273631840796,0.5554726368159204,never,,aperiodic,,/Users/amrkandil/github_repos/thesis/Distributed-Tsetlin-Machines/experiments/results_minority/II_x_III/rule46_vs_rule122/hamming_distance.png,/Users/amrkandil/github_repos/thesis/Distributed-Tsetlin-Machines/experiments/results_minority/II_x_III/rule46_vs_rule122/lag_hamming.png,/Users/amrkandil/github_repos/thesis/Distributed-Tsetlin-Machines/experiments/results_minority/II_x_III/rule46_vs_rule122/metrics.json
46,126,II_x_III,aperiodic,,,0.23401027648642042,0.23401027648642037,0.4482985074626865,0.04112605731506996,0.4473756218905473,coexist,,0.49900497512437814,0.5009950248756219,never,,aperiodic,,/Users/amrkandil/github_repos/thesis/Distributed-Tsetlin-Machines/experiments/results_minority/II_x_III/rule46_vs_rule126/hamming_distance.png,/Users/amrkandil/github_repos/thesis/Distributed-Tsetlin-Machines/experiments/results_minority/II_x_III/rule46_vs_rule126/lag_hamming.png,/Users/amrkandil/github_repos/thesis/Distributed-Tsetlin-Machines/experiments/results_minority/II_x_III/rule46_vs_rule126/metrics.json
46,146,II_x_III,aperiodic,,,0.28052238805970153,0.5184825870646766,0.5184477611940299,0.034969404286569146,0.5184825870646766,coexist,,0.45606965174129355,0.5439303482587065,never,,aperiodic,,/Users/amrkandil/github_repos/thesis/Distributed-Tsetlin-Machines/experiments/results_minority/II_x_III/rule46_vs_rule146/hamming_distance.png,/Users/amrkandil/github_repos/thesis/Distributed-Tsetlin-Machines/experiments/results_minority/II_x_III/rule46_vs_rule146/lag_hamming.png,/Users/amrkandil/github_repos/thesis/Distributed-Tsetlin-Machines/experiments/results_minority/II_x_III/rule46_vs_rule146/metrics.json
46,150,II_x_III,aperiodic,,,0.2473110028264846,0.24731100282648455,0.5196019900497513,0.03412166485787224,0.5218781094527363,coexist,,0.48830845771144277,0.5116915422885572,never,,aperiodic,,/Users/amrkandil/github_repos/thesis/Distributed-Tsetlin-Machines/experiments/results_minority/II_x_III/rule46_vs_rule150/hamming_distance.png,/Users/amrkandil/github_repos/thesis/Distributed-Tsetlin-Machines/experiments/results_minority/II_x_III/rule46_vs_rule150/lag_hamming.png,/Users/amrkandil/github_repos/thesis/Distributed-Tsetlin-Machines/experiments/results_minority/II_x_III/rule46_vs_rule150/metrics.json
50,18,II_x_III,cycle,12,0,7.070076972737315e-17,0.0,0.8148258706467663,0.020728782733270393,0.8175870646766171,coexist,,0.6318407960199005,0.3681592039800995,early,50,cycle,12,/Users/amrkandil/github_repos/thesis/Distributed-Tsetlin-Machines/experiments/results_minority/II_x_III/rule50_vs_rule18/hamming_distance.png,/Users/amrkandil/github_repos/thesis/Distributed-Tsetlin-Machines/experiments/results_minority/II_x_III/rule50_vs_rule18/lag_hamming.png,/Users/amrkandil/github_repos/thesis/Distributed-Tsetlin-Machines/experiments/results_minority/II_x_III/rule50_vs_rule18/metrics.json
50,22,II_x_III,cycle,12,0,0.0,0.0,0.924497512437811,0.035614741215356814,0.9303606965174132,coexist,,0.7640796019900498,0.23592039800995024,early,50,cycle,12,/Users/amrkandil/github_repos/thesis/Distributed-Tsetlin-Machines/experiments/results_minority/II_x_III/rule50_vs_rule22/hamming_distance.png,/Users/amrkandil/github_repos/thesis/Distributed-Tsetlin-Machines/experiments/results_minority/II_x_III/rule50_vs_rule22/lag_hamming.png,/Users/amrkandil/github_repos/thesis/Distributed-Tsetlin-Machines/experiments/results_minority/II_x_III/rule50_vs_rule22/metrics.json
50,30,II_x_III,cycle,24,0,0.0,0.0,0.9134726368159205,0.03885388545869315,0.9224751243781095,coexist,,0.7522388059701492,0.24776119402985075,early,100,cycle,24,/Users/amrkandil/github_repos/thesis/Distributed-Tsetlin-Machines/experiments/results_minority/II_x_III/rule50_vs_rule30/hamming_distance.png,/Users/amrkandil/github_repos/thesis/Distributed-Tsetlin-Machines/experiments/results_minority/II_x_III/rule50_vs_rule30/lag_hamming.png,/Users/amrkandil/github_repos/thesis/Distributed-Tsetlin-Machines/experiments/results_minority/II_x_III/rule50_vs_rule30/metrics.json
50,45,II_x_III,cycle,84,0,7.070076972737315e-17,0.0,0.7850348258706468,0.02801871322676845,0.7880597014925373,coexist,,0.7817412935323383,0.21825870646766168,early,50,near_cycle,4,/Users/amrkandil/github_repos/thesis/Distributed-Tsetlin-Machines/experiments/results_minority/II_x_III/rule50_vs_rule45/hamming_distance.png,/Users/amrkandil/github_repos/thesis/Distributed-Tsetlin-Machines/experiments/results_minority/II_x_III/rule50_vs_rule45/lag_hamming.png,/Users/amrkandil/github_repos/thesis/Distributed-Tsetlin-Machines/experiments/results_minority/II_x_III/rule50_vs_rule45/metrics.json
50,60,II_x_III,cycle,60,0,0.0,0.0,0.8601890547263681,0.03986797721899705,0.8653233830845772,coexist,,0.7928855721393034,0.2071144278606965,late,334,near_cycle,4,/Users/amrkandil/github_repos/thesis/Distributed-Tsetlin-Machines/experiments/results_minority/II_x_III/rule50_vs_rule60/hamming_distance.png,/Users/amrkandil/github_repos/thesis/Distributed-Tsetlin-Machines/experiments/results_minority/II_x_III/rule50_vs_rule60/lag_hamming.png,/Users/amrkandil/github_repos/thesis/Distributed-Tsetlin-Machines/experiments/results_minority/II_x_III/rule50_vs_rule60/metrics.json
50,90,II_x_III,cycle,12,0,2.1210230918211945e-16,0.0,0.793044776119403,0.03010685983843968,0.796032338308458,coexist,,0.5870646766169154,0.4129353233830846,early,50,cycle,12,/Users/amrkandil/github_repos/thesis/Distributed-Tsetlin-Machines/experiments/results_minority/II_x_III/rule50_vs_rule90/hamming_distance.png,/Users/amrkandil/github_repos/thesis/Distributed-Tsetlin-Machines/experiments/results_minority/II_x_III/rule50_vs_rule90/lag_hamming.png,/Users/amrkandil/github_repos/thesis/Distributed-Tsetlin-Machines/experiments/results_minority/II_x_III/rule50_vs_rule90/metrics.json
50,105,II_x_III,cycle,24,0,7.070076972737315e-17,0.0,0.8902985074626866,0.023886556055842497,0.8946766169154228,coexist,,0.6639303482587064,0.33606965174129355,early,50,cycle,24,/Users/amrkandil/github_repos/thesis/Distributed-Tsetlin-Machines/experiments/results_minority/II_x_III/rule50_vs_rule105/hamming_distance.png,/Users/amrkandil/github_repos/thesis/Distributed-Tsetlin-Machines/experiments/results_minority/II_x_III/rule50_vs_rule105/lag_hamming.png,/Users/amrkandil/github_repos/thesis/Distributed-Tsetlin-Machines/experiments/results_minority/II_x_III/rule50_vs_rule105/metrics.json
50,122,II_x_III,cycle,4,0,6.363069275463583e-16,0.0,0.9910547263681592,0.02649327119250736,0.9950248756218905,coexist,,0.5920398009950248,0.4079601990049751,early,50,cycle,4,/Users/amrkandil/github_repos/thesis/Distributed-Tsetlin-Machines/experiments/results_minority/II_x_III/rule50_vs_rule122/hamming_distance.png,/Users/amrkandil/github_repos/thesis/Distributed-Tsetlin-Machines/experiments/results_minority/II_x_III/rule50_vs_rule122/lag_hamming.png,/Users/amrkandil/github_repos/thesis/Distributed-Tsetlin-Machines/experiments/results_minority/II_x_III/rule50_vs_rule122/metrics.json
50,126,II_x_III,cycle,24,0,0.0,0.0,0.8953532338308458,0.04214633503159123,0.9013557213930349,coexist,,0.7122885572139304,0.28771144278606964,early,100,cycle,24,/Users/amrkandil/github_repos/thesis/Distributed-Tsetlin-Machines/experiments/results_minority/II_x_III/rule50_vs_rule126/hamming_distance.png,/Users/amrkandil/github_repos/thesis/Distributed-Tsetlin-Machines/experiments/results_minority/II_x_III/rule50_vs_rule126/lag_hamming.png,/Users/amrkandil/github_repos/thesis/Distributed-Tsetlin-Machines/experiments/results_minority/II_x_III/rule50_vs_rule126/metrics.json
50,146,II_x_III,cycle,12,0,0.0,0.0,0.8401293532338309,0.018826783081398422,0.8424502487562191,coexist,,0.6508955223880597,0.3491044776119403,early,50,cycle,12,/Users/amrkandil/github_repos/thesis/Distributed-Tsetlin-Machines/experiments/results_minority/II_x_III/rule50_vs_rule146/hamming_distance.png,/Users/amrkandil/github_repos/thesis/Distributed-Tsetlin-Machines/experiments/results_minority/II_x_III/rule50_vs_rule146/lag_hamming.png,/Users/amrkandil/github_repos/thesis/Distributed-Tsetlin-Machines/experiments/results_minority/II_x_III/rule50_vs_rule146/metrics.json
50,150,II_x_III,cycle,4,0,7.070076972737315e-17,0.0,0.8746567164179102,0.02356779170649311,0.8781094527363181,coexist,,0.6355721393034826,0.3644278606965174,early,50,cycle,4,/Users/amrkandil/github_repos/thesis/Distributed-Tsetlin-Machines/experiments/results_minority/II_x_III/rule50_vs_rule150/hamming_distance.png,/Users/amrkandil/github_repos/thesis/Distributed-Tsetlin-Machines/experiments/results_minority/II_x_III/rule50_vs_rule150/lag_hamming.png,/Users/amrkandil/github_repos/thesis/Distributed-Tsetlin-Machines/experiments/results_minority/II_x_III/rule50_vs_rule150/metrics.json
51,18,II_x_III,cycle,2,0,2.1210230918211945e-16,0.0,0.8602288557213928,0.005675053525650397,0.8606965174129351,coexist,,0.5174129353233831,0.48258706467661694,early,50,cycle,2,/Users/amrkandil/github_repos/thesis/Distributed-Tsetlin-Machines/experiments/results_minority/II_x_III/rule51_vs_rule18/hamming_distance.png,/Users/amrkandil/github_repos/thesis/Distributed-Tsetlin-Machines/experiments/results_minority/II_x_III/rule51_vs_rule18/lag_hamming.png,/Users/amrkandil/github_repos/thesis/Distributed-Tsetlin-Machines/experiments/results_minority/II_x_III/rule51_vs_rule18/metrics.json
51,22,II_x_III,cycle,2,0,0.0,0.0,0.9235621890547266,0.012343426959488608,0.9253731343283584,coexist,,0.5522388059701493,0.44776119402985076,early,50,cycle,2,/Users/amrkandil/github_repos/thesis/Distributed-Tsetlin-Machines/experiments/results_minority/II_x_III/rule51_vs_rule22/hamming_distance.png,/Users/amrkandil/github_repos/thesis/Distributed-Tsetlin-Machines/experiments/results_minority/II_x_III/rule51_vs_rule22/lag_hamming.png,/Users/amrkandil/github_repos/thesis/Distributed-Tsetlin-Machines/experiments/results_minority/II_x_III/rule51_vs_rule22/metrics.json
51,30,II_x_III,near_cycle,2,0,0.16992730582675594,0.16992730582675594,0.814766169154229,0.018820295157465344,0.816492537313433,coexist,,0.48258706467661694,0.5174129353233831,late,334,near_cycle,2,/Users/amrkandil/github_repos/thesis/Distributed-Tsetlin-Machines/experiments/results_minority/II_x_III/rule51_vs_rule30/hamming_distance.png,/Users/amrkandil/github_repos/thesis/Distributed-Tsetlin-Machines/experiments/results_minority/II_x_III/rule51_vs_rule30/lag_hamming.png,/Users/amrkandil/github_repos/thesis/Distributed-Tsetlin-Machines/experiments/results_minority/II_x_III/rule51_vs_rule30/metrics.json
51,45,II_x_III,cycle,8,0,0.0,0.0,0.803044776119403,0.013202611588193218,0.8022388059701493,coexist,,0.4886567164179105,0.5113432835820896,early,50,cycle,8,/Users/amrkandil/github_repos/thesis/Distributed-Tsetlin-Machines/experiments/results_minority/II_x_III/rule51_vs_rule45/hamming_distance.png,/Users/amrkandil/github_repos/thesis/Distributed-Tsetlin-Machines/experiments/results_minority/II_x_III/rule51_vs_rule45/lag_hamming.png,/Users/amrkandil/github_repos/thesis/Distributed-Tsetlin-Machines/experiments/results_minority/II_x_III/rule51_vs_rule45/metrics.json
51,60,II_x_III,near_cycle,4,0,0.02493828088775281,0.024938280887752674,0.8226069651741293,0.02179403418918694,0.8242164179104478,coexist,,0.526318407960199,0.473681592039801,late,334,near_cycle,4,/Users/amrkandil/github_repos/thesis/Distributed-Tsetlin-Machines/experiments/results_minority/II_x_III/rule51_vs_rule60/hamming_distance.png,/Users/amrkandil/github_repos/thesis/Distributed-Tsetlin-Machines/experiments/results_minority/II_x_III/rule51_vs_rule60/lag_hamming.png,/Users/amrkandil/github_repos/thesis/Distributed-Tsetlin-Machines/experiments/results_minority/II_x_III/rule51_vs_rule60/metrics.json
51,90,II_x_III,cycle,120,0,0.0,0.0,0.7521890547263681,0.02124669373114524,0.7532462686567163,coexist,,0.43706467661691545,0.5629353233830846,late,250,near_cycle,4,/Users/amrkandil/github_repos/thesis/Distributed-Tsetlin-Machines/experiments/results_minority/II_x_III/rule51_vs_rule90/hamming_distance.png,/Users/amrkandil/github_repos/thesis/Distributed-Tsetlin-Machines/experiments/results_minority/II_x_III/rule51_vs_rule90/lag_hamming.png,/Users/amrkandil/github_repos/thesis/Distributed-Tsetlin-Machines/experiments/results_minority/II_x_III/rule51_vs_rule90/metrics.json
51,105,II_x_III,near_cycle,4,0,0.03193102497587645,0.031931024975876285,0.8006467661691543,0.018326497169467833,0.8015547263681592,coexist,,0.4808457711442786,0.5191542288557214,late,250,cycle,20,/Users/amrkandil/github_repos/thesis/Distributed-Tsetlin-Machines/experiments/results_minority/II_x_III/rule51_vs_rule105/hamming_distance.png,/Users/amrkandil/github_repos/thesis/Distributed-Tsetlin-Machines/experiments/results_minority/II_x_III/rule51_vs_rule105/lag_hamming.png,/Users/amrkandil/github_repos/thesis/Distributed-Tsetlin-Machines/experiments/results_minority/II_x_III/rule51_vs_rule105/metrics.json
51,122,II_x_III,cycle,4,0,0.0,0.0,0.990686567164179,0.0244660895907555,0.9950248756218905,coexist,,0.48756218905472637,0.5124378109452736,early,50,cycle,4,/Users/amrkandil/github_repos/thesis/Distributed-Tsetlin-Machines/experiments/results_minority/II_x_III/rule51_vs_rule122/hamming_distance.png,/Users/amrkandil/github_repos/thesis/Distributed-Tsetlin-Machines/experiments/results_minority/II_x_III/rule51_vs_rule122/lag_hamming.png,/Users/amrkandil/github_repos/thesis/Distributed-Tsetlin-Machines/experiments/results_minority/II_x_III/rule51_vs_rule122/metrics.json
51,126,II_x_III,near_cycle,24,0,0.2038745265713872,0.2038745265713871,0.8715223880597014,0.025953285540958698,0.8739054726368158,coexist,,0.5883582089552238,0.4116417910447761,late,334,near_cycle,24,/Users/amrkandil/github_repos/thesis/Distributed-Tsetlin-Machines/experiments/results_minority/II_x_III/rule51_vs_rule126/hamming_distance.png,/Users/amrkandil/github_repos/thesis/Distributed-Tsetlin-Machines/experiments/results_minority/II_x_III/rule51_vs_rule126/lag_hamming.png,/Users/amrkandil/github_repos/thesis/Distributed-Tsetlin-Machines/experiments/results_minority/II_x_III/rule51_vs_rule126/metrics.json
51,146,II_x_III,cycle,2,0,0.0,0.0,0.8206766169154232,0.003974075042541524,0.82089552238806,coexist,,0.5124378109452736,0.48756218905472637,early,50,cycle,2,/Users/amrkandil/github_repos/thesis/Distributed-Tsetlin-Machines/experiments/results_minority/II_x_III/rule51_vs_rule146/hamming_distance.png,/Users/amrkandil/github_repos/thesis/Distributed-Tsetlin-Machines/experiments/results_minority/II_x_III/rule51_vs_rule146/lag_hamming.png,/Users/amrkandil/github_repos/thesis/Distributed-Tsetlin-Machines/experiments/results_minority/II_x_III/rule51_vs_rule146/metrics.json
51,150,II_x_III,cycle,4,0,2.1210230918211945e-16,0.0,0.8253830845771146,0.011890855342706381,0.8258706467661693,coexist,,0.5422885572139303,0.4577114427860697,early,50,cycle,4,/Users/amrkandil/github_repos/thesis/Distributed-Tsetlin-Machines/experiments/results_minority/II_x_III/rule51_vs_rule150/hamming_distance.png,/Users/amrkandil/github_repos/thesis/Distributed-Tsetlin-Machines/experiments/results_minority/II_x_III/rule51_vs_rule150/lag_hamming.png,/Users/amrkandil/github_repos/thesis/Distributed-Tsetlin-Machines/experiments/results_minority/II_x_III/rule51_vs_rule150/metrics.json
56,18,II_x_III,near_cycle,4,0,0.04210684612203467,0.042106846122034663,0.6876716417910449,0.04433634672366421,0.704402985074627,coexist,,0.5381094527363184,0.4618905472636816,late,300,near_cycle,4,/Users/amrkandil/github_repos/thesis/Distributed-Tsetlin-Machines/experiments/results_minority/II_x_III/rule56_vs_rule18/hamming_distance.png,/Users/amrkandil/github_repos/thesis/Distributed-Tsetlin-Machines/experiments/results_minority/II_x_III/rule56_vs_rule18/lag_hamming.png,/Users/amrkandil/github_repos/thesis/Distributed-Tsetlin-Machines/experiments/results_minority/II_x_III/rule56_vs_rule18/metrics.json
56,22,II_x_III,near_cycle,1,-1,0.03246268656716406,0.7885820895522389,0.7702487562189055,0.06250063240688933,0.7885820895522389,dominate_complete,a,1.0,0.0,late,300,drift,1,/Users/amrkandil/github_repos/thesis/Distributed-Tsetlin-Machines/experiments/results_minority/II_x_III/rule56_vs_rule22/hamming_distance.png,/Users/amrkandil/github_repos/thesis/Distributed-Tsetlin-Machines/experiments/results_minority/II_x_III/rule56_vs_rule22/lag_hamming.png,/Users/amrkandil/github_repos/thesis/Distributed-Tsetlin-Machines/experiments/results_minority/II_x_III/rule56_vs_rule22/metrics.json
56,30,II_x_III,near_cycle,8,0,0.08595698353018624,0.08595698353018622,0.7246965174129354,0.03791916432613587,0.7342039800995025,dominate,a,0.9528855721393035,0.047114427860696514,late,300,cycle,16,/Users/amrkandil/github_repos/thesis/Distributed-Tsetlin-Machines/experiments/results_minority/II_x_III/rule56_vs_rule30/hamming_distance.png,/Users/amrkandil/github_repos/thesis/Distributed-Tsetlin-Machines/experiments/results_minority/II_x_III/rule56_vs_rule30/lag_hamming.png,/Users/amrkandil/github_repos/thesis/Distributed-Tsetlin-Machines/experiments/results_minority/II_x_III/rule56_vs_rule30/metrics.json
56,45,II_x_III,aperiodic,,,0.36333333333333334,0.5445771144278607,0.5451044776119401,0.03167933409039216,0.5445771144278606,coexist,,0.5779601990049751,0.42203980099502486,never,,aperiodic,,/Users/amrkandil/github_repos/thesis/Distributed-Tsetlin-Machines/experiments/results_minority/II_x_III/rule56_vs_rule45/hamming_distance.png,/Users/amrkandil/github_repos/thesis/Distributed-Tsetlin-Machines/experiments/results_minority/II_x_III/rule56_vs_rule45/lag_hamming.png,/Users/amrkandil/github_repos/thesis/Distributed-Tsetlin-Machines/experiments/results_minority/II_x_III/rule56_vs_rule45/metrics.json
56,60,II_x_III,near_cycle,1,-1,0.03216417910447876,0.8871641791044776,0.8492139303482589,0.09888228804211277,0.8871641791044778,dominate_complete,a,1.0,0.0,late,200,drift,1,/Users/amrkandil/github_repos/thesis/Distributed-Tsetlin-Machines/experiments/results_minority/II_x_III/rule56_vs_rule60/hamming_distance.png,/Users/amrkandil/github_repos/thesis/Distributed-Tsetlin-Machines/experiments/results_minority/II_x_III/rule56_vs_rule60/lag_hamming.png,/Users/amrkandil/github_repos/thesis/Distributed-Tsetlin-Machines/experiments/results_minority/II_x_III/rule56_vs_rule60/metrics.json
56,90,II_x_III,near_cycle,2,0,0.12016359306225767,0.12016359306225763,0.7688059701492538,0.08566538654277746,0.8003233830845773,coexist,,0.6123383084577114,0.3876616915422886,late,150,near_cycle,4,/Users/amrkandil/github_repos/thesis/Distributed-Tsetlin-Machines/experiments/results_minority/II_x_III/rule56_vs_rule90/hamming_distance.png,/Users/amrkandil/github_repos/thesis/Distributed-Tsetlin-Machines/experiments/results_minority/II_x_III/rule56_vs_rule90/lag_hamming.png,/Users/amrkandil/github_repos/thesis/Distributed-Tsetlin-Machines/experiments/results_minority/II_x_III/rule56_vs_rule90/metrics.json
56,105,II_x_III,aperiodic,,,0.24895522388059707,0.5907462686567164,0.5943084577114428,0.038382710231840936,0.5907462686567164,coexist,,0.6845771144278607,0.3154228855721393,never,,aperiodic,,/Users/amrkandil/github_repos/thesis/Distributed-Tsetlin-Machines/experiments/results_minority/II_x_III/rule56_vs_rule105/hamming_distance.png,/Users/amrkandil/github_repos/thesis/Distributed-Tsetlin-Machines/experiments/results_minority/II_x_III/rule56_vs_rule105/lag_hamming.png,/Users/amrkandil/github_repos/thesis/Distributed-Tsetlin-Machines/experiments/results_minority/II_x_III/rule56_vs_rule105/metrics.json
56,122,II_x_III,near_cycle,1,1,0.08409203980099511,0.8975497512437811,0.8668955223880598,0.07416932442677104,0.8975497512437812,coexist,,0.8009950248756219,0.19900497512437812,never,,aperiodic,,/Users/amrkandil/github_repos/thesis/Distributed-Tsetlin-Machines/experiments/results_minority/II_x_III/rule56_vs_rule122/hamming_distance.png,/Users/amrkandil/github_repos/thesis/Distributed-Tsetlin-Machines/experiments/results_minority/II_x_III/rule56_vs_rule122/lag_hamming.png,/Users/amrkandil/github_repos/thesis/Distributed-Tsetlin-Machines/experiments/results_minority/II_x_III/rule56_vs_rule122/metrics.json
56,126,II_x_III,aperiodic,,,0.2591293532338309,0.6637313432835821,0.6514427860696518,0.04648385199533649,0.6637313432835822,coexist,,0.7769651741293533,0.22303482587064677,never,,aperiodic,,/Users/amrkandil/github_repos/thesis/Distributed-Tsetlin-Machines/experiments/results_minority/II_x_III/rule56_vs_rule126/hamming_distance.png,/Users/amrkandil/github_repos/thesis/Distributed-Tsetlin-Machines/experiments/results_minority/II_x_III/rule56_vs_rule126/lag_hamming.png,/Users/amrkandil/github_repos/thesis/Distributed-Tsetlin-Machines/experiments/results_minority/II_x_III/rule56_vs_rule126/metrics.json
56,146,II_x_III,near_cycle,4,0,0.08579269897364569,0.08579269897364562,0.6599402985074627,0.03767588341741165,0.6711318407960198,coexist,,0.5219900497512437,0.4780099502487562,late,334,near_cycle,4,/Users/amrkandil/github_repos/thesis/Distributed-Tsetlin-Machines/experiments/results_minority/II_x_III/rule56_vs_rule146/hamming_distance.png,/Users/amrkandil/github_repos/thesis/Distributed-Tsetlin-Machines/experiments/results_minority/II_x_III/rule56_vs_rule146/lag_hamming.png,/Users/amrkandil/github_repos/thesis/Distributed-Tsetlin-Machines/experiments/results_minority/II_x_III/rule56_vs_rule146/metrics.json
56,150,II_x_III,near_cycle,1,1,0.12657960199004994,0.8219527363184079,0.8157810945273631,0.05379377614760842,0.8219527363184079,dominate,a,0.9869154228855721,0.013084577114427861,late,334,near_cycle,5,/Users/amrkandil/github_repos/thesis/Distributed-Tsetlin-Machines/experiments/results_minority/II_x_III/rule56_vs_rule150/hamming_distance.png,/Users/amrkandil/github_repos/thesis/Distributed-Tsetlin-Machines/experiments/results_minority/II_x_III/rule56_vs_rule150/lag_hamming.png,/Users/amrkandil/github_repos/thesis/Distributed-Tsetlin-Machines/experiments/results_minority/II_x_III/rule56_vs_rule150/metrics.json
57,18,II_x_III,near_cycle,2,0,0.0028928041496777894,0.0028928041496776766,0.9210447761194032,0.053590450065374995,0.9435074626865675,coexist,,0.8557213930348259,0.14427860696517414,late,150,cycle,2,/Users/amrkandil/github_repos/thesis/Distributed-Tsetlin-Machines/experiments/results_minority/II_x_III/rule57_vs_rule18/hamming_distance.png,/Users/amrkandil/github_repos/thesis/Distributed-Tsetlin-Machines/experiments/results_minority/II_x_III/rule57_vs_rule18/lag_hamming.png,/Users/amrkandil/github_repos/thesis/Distributed-Tsetlin-Machines/experiments/results_minority/II_x_III/rule57_vs_rule18/metrics.json
57,22,II_x_III,near_cycle,2,0,0.024152420853128045,0.024152420853127844,0.9450845771144277,0.06089937473588462,0.9707960199004974,dominate,a,0.9241293532338308,0.07587064676616916,late,250,cycle,8,/Users/amrkandil/github_repos/thesis/Distributed-Tsetlin-Machines/experiments/results_minority/II_x_III/rule57_vs_rule22/hamming_distance.png,/Users/amrkandil/github_repos/thesis/Distributed-Tsetlin-Machines/experiments/results_minority/II_x_III/rule57_vs_rule22/lag_hamming.png,/Users/amrkandil/github_repos/thesis/Distributed-Tsetlin-Machines/experiments/results_minority/II_x_III/rule57_vs_rule22/metrics.json
57,30,II_x_III,near_cycle,6,0,0.19780842622331402,0.19780842622331382,0.6862587064676616,0.02559272648274454,0.6869776119402985,coexist,,0.6643781094527363,0.33562189054726366,never,,aperiodic,,/Users/amrkandil/github_repos/thesis/Distributed-Tsetlin-Machines/experiments/results_minority/II_x_III/rule57_vs_rule30/hamming_distance.png,/Users/amrkandil/github_repos/thesis/Distributed-Tsetlin-Machines/experiments/results_minority/II_x_III/rule57_vs_rule30/lag_hamming.png,/Users/amrkandil/github_repos/thesis/Distributed-Tsetlin-Machines/experiments/results_minority/II_x_III/rule57_vs_rule30/metrics.json
57,45,II_x_III,near_cycle,24,0,0.16936537471792246,0.16936537471792232,0.6998308457711444,0.019364960828220586,0.7019776119402985,coexist,,0.7722885572139303,0.22771144278606964,late,334,near_cycle,24,/Users/amrkandil/github_repos/thesis/Distributed-Tsetlin-Machines/experiments/results_minority/II_x_III/rule57_vs_rule45/hamming_distance.png,/Users/amrkandil/github_repos/thesis/Distributed-Tsetlin-Machines/experiments/results_minority/II_x_III/rule57_vs_rule45/lag_hamming.png,/Users/amrkandil/github_repos/thesis/Distributed-Tsetlin-Machines/experiments/results_minority/II_x_III/rule57_vs_rule45/metrics.json
57,60,II_x_III,near_cycle,6,0,0.0177341142389323,0.01773411423893192,0.686686567164179,0.016237074339436233,0.685820895522388,coexist,,0.5803482587064677,0.41965174129353233,late,200,cycle,18,/Users/amrkandil/github_repos/thesis/Distributed-Tsetlin-Machines/experiments/results_minority/II_x_III/rule57_vs_rule60/hamming_distance.png,/Users/amrkandil/github_repos/thesis/Distributed-Tsetlin-Machines/experiments/results_minority/II_x_III/rule57_vs_rule60/lag_hamming.png,/Users/amrkandil/github_repos/thesis/Distributed-Tsetlin-Machines/experiments/results_minority/II_x_III/rule57_vs_rule60/metrics.json
57,90,II_x_III,near_cycle,1,1,0.10982587064676626,0.7538557213930348,0.7447761194029852,0.03213560658312034,0.7538557213930349,dominate,a,0.9203482587064676,0.07965174129353234,late,300,cycle,40,/Users/amrkandil/github_repos/thesis/Distributed-Tsetlin-Machines/experiments/results_minority/II_x_III/rule57_vs_rule90/hamming_distance.png,/Users/amrkandil/github_repos/thesis/Distributed-Tsetlin-Machines/experiments/results_minority/II_x_III/rule57_vs_rule90/lag_hamming.png,/Users/amrkandil/github_repos/thesis/Distributed-Tsetlin-Machines/experiments/results_minority/II_x_III/rule57_vs_rule90/metrics.json
57,105,II_x_III,near_cycle,1,-1,0.23154228855721395,0.7748507462686567,0.7584577114427861,0.049508737323922164,0.7748507462686567,dominate,a,0.931592039800995,0.06840796019900497,never,,aperiodic,,/Users/amrkandil/github_repos/thesis/Distributed-Tsetlin-Machines/experiments/results_minority/II_x_III/rule57_vs_rule105/hamming_distance.png,/Users/amrkandil/github_repos/thesis/Distributed-Tsetlin-Machines/experiments/results_minority/II_x_III/rule57_vs_rule105/lag_hamming.png,/Users/amrkandil/github_repos/thesis/Distributed-Tsetlin-Machines/experiments/results_minority/II_x_III/rule57_vs_rule105/metrics.json
57,122,II_x_III,near_cycle,1,1,0.07676616915422889,0.8819651741293533,0.8544378109452737,0.07050287286908939,0.8819651741293533,dominate,a,0.9496019900497512,0.050398009950248755,late,300,near_cycle,1,/Users/amrkandil/github_repos/thesis/Distributed-Tsetlin-Machines/experiments/results_minority/II_x_III/rule57_vs_rule122/hamming_distance.png,/Users/amrkandil/github_repos/thesis/Distributed-Tsetlin-Machines/experiments/results_minority/II_x_III/rule57_vs_rule122/lag_hamming.png,/Users/amrkandil/github_repos/thesis/Distributed-Tsetlin-Machines/experiments/results_minority/II_x_III/rule57_vs_rule122/metrics.json
57,126,II_x_III,aperiodic,,,0.2579182012017834,0.25791820120178327,0.6565472636815921,0.024642109960941766,0.6542164179104478,coexist,,0.6056716417910448,0.39432835820895523,never,,aperiodic,,/Users/amrkandil/github_repos/thesis/Distributed-Tsetlin-Machines/experiments/results_minority/II_x_III/rule57_vs_rule126/hamming_distance.png,/Users/amrkandil/github_repos/thesis/Distributed-Tsetlin-Machines/experiments/results_minority/II_x_III/rule57_vs_rule126/lag_hamming.png,/Users/amrkandil/github_repos/thesis/Distributed-Tsetlin-Machines/experiments/results_minority/II_x_III/rule57_vs_rule126/metrics.json
57,146,II_x_III,near_cycle,2,0,0.07042481826456702,0.0704248182645669,0.8014726368159204,0.028188715790689527,0.8083084577114428,coexist,,0.7334328358208955,0.2665671641791045,early,100,near_cycle,2,/Users/amrkandil/github_repos/thesis/Distributed-Tsetlin-Machines/experiments/results_minority/II_x_III/rule57_vs_rule146/hamming_distance.png,/Users/amrkandil/github_repos/thesis/Distributed-Tsetlin-Machines/experiments/results_minority/II_x_III/rule57_vs_rule146/lag_hamming.png,/Users/amrkandil/github_repos/thesis/Distributed-Tsetlin-Machines/experiments/results_minority/II_x_III/rule57_vs_rule146/metrics.json
57,150,II_x_III,near_cycle,40,0,0.07854081393586099,0.07854081393586086,0.8603582089552239,0.05112902573724422,0.8775497512437811,coexist,,0.8608955223880597,0.1391044776119403,late,300,near_cycle,40,/Users/amrkandil/github_repos/thesis/Distributed-Tsetlin-Machines/experiments/results_minority/II_x_III/rule57_vs_rule150/hamming_distance.png,/Users/amrkandil/github_repos/thesis/Distributed-Tsetlin-Machines/experiments/results_minority/II_x_III/rule57_vs_rule150/lag_hamming.png,/Users/amrkandil/github_repos/thesis/Distributed-Tsetlin-Machines/experiments/results_minority/II_x_III/rule57_vs_rule150/metrics.json
58,18,II_x_III,cycle,12,0,7.070076972737315e-17,0.0,0.8014029850746269,0.02111661989643697,0.8051492537313433,coexist,,0.6616915422885572,0.3383084577114428,early,50,cycle,12,/Users/amrkandil/github_repos/thesis/Distributed-Tsetlin-Machines/experiments/results_minority/II_x_III/rule58_vs_rule18/hamming_distance.png,/Users/amrkandil/github_repos/thesis/Distributed-Tsetlin-Machines/experiments/results_minority/II_x_III/rule58_vs_rule18/lag_hamming.png,/Users/amrkandil/github_repos/thesis/Distributed-Tsetlin-Machines/experiments/results_minority/II_x_III/rule58_vs_rule18/metrics.json
58,22,II_x_III,cycle,8,0,0.0,0.0,0.9441592039800992,0.042876747600129696,0.9527363184079598,coexist,,0.8183582089552239,0.18164179104477612,early,50,cycle,8,/Users/amrkandil/github_repos/thesis/Distributed-Tsetlin-Machines/experiments/results_minority/II_x_III/rule58_vs_rule22/hamming_distance.png,/Users/amrkandil/github_repos/thesis/Distributed-Tsetlin-Machines/experiments/results_minority/II_x_III/rule58_vs_rule22/lag_hamming.png,/Users/amrkandil/github_repos/thesis/Distributed-Tsetlin-Machines/experiments/results_minority/II_x_III/rule58_vs_rule22/metrics.json
58,30,II_x_III,aperiodic,,,0.2670522388059702,0.6646641791044776,0.6641094527363184,0.02451570671519893,0.6646641791044776,coexist,,0.6325373134328358,0.3674626865671642,never,,aperiodic,,/Users/amrkandil/github_repos/thesis/Distributed-Tsetlin-Machines/experiments/results_minority/II_x_III/rule58_vs_rule30/hamming_distance.png,/Users/amrkandil/github_repos/thesis/Distributed-Tsetlin-Machines/experiments/results_minority/II_x_III/rule58_vs_rule30/lag_hamming.png,/Users/amrkandil/github_repos/thesis/Distributed-Tsetlin-Machines/experiments/results_minority/II_x_III/rule58_vs_rule30/metrics.json
58,45,II_x_III,near_cycle,1,1,0.16042288557213932,0.6646268656716418,0.6640796019900498,0.025483906089286728,0.6646268656716419,coexist,,0.638905472636816,0.3610945273631841,late,334,near_cycle,1,/Users/amrkandil/github_repos/thesis/Distributed-Tsetlin-Machines/experiments/results_minority/II_x_III/rule58_vs_rule45/hamming_distance.png,/Users/amrkandil/github_repos/thesis/Distributed-Tsetlin-Machines/experiments/results_minority/II_x_III/rule58_vs_rule45/lag_hamming.png,/Users/amrkandil/github_repos/thesis/Distributed-Tsetlin-Machines/experiments/results_minority/II_x_III/rule58_vs_rule45/metrics.json
58,60,II_x_III,near_cycle,1,1,0.11286069651741294,0.678955223880597,0.6791741293532338,0.01962861792176857,0.6789552238805969,coexist,,0.5444278606965174,0.45557213930348256,never,,aperiodic,,/Users/amrkandil/github_repos/thesis/Distributed-Tsetlin-Machines/experiments/results_minority/II_x_III/rule58_vs_rule60/hamming_distance.png,/Users/amrkandil/github_repos/thesis/Distributed-Tsetlin-Machines/experiments/results_minority/II_x_III/rule58_vs_rule60/lag_hamming.png,/Users/amrkandil/github_repos/thesis/Distributed-Tsetlin-Machines/experiments/results_minority/II_x_III/rule58_vs_rule60/metrics.json
58,90,II_x_III,near_cycle,1,1,0.15334577114427855,0.7311318407960199,0.7198507462686567,0.03340746935103563,0.7311318407960198,coexist,,0.8418905472636816,0.1581094527363184,early,100,near_cycle,1,/Users/amrkandil/github_repos/thesis/Distributed-Tsetlin-Machines/experiments/results_minority/II_x_III/rule58_vs_rule90/hamming_distance.png,/Users/amrkandil/github_repos/thesis/Distributed-Tsetlin-Machines/experiments/results_minority/II_x_III/rule58_vs_rule90/lag_hamming.png,/Users/amrkandil/github_repos/thesis/Distributed-Tsetlin-Machines/experiments/results_minority/II_x_III/rule58_vs_rule90/metrics.json
58,105,II_x_III,aperiodic,,,0.2767288557213931,0.6718283582089553,0.6718407960199005,0.031894544188021554,0.6718283582089551,coexist,,0.6287562189054726,0.3712437810945274,never,,aperiodic,,/Users/amrkandil/github_repos/thesis/Distributed-Tsetlin-Machines/experiments/results_minority/II_x_III/rule58_vs_rule105/hamming_distance.png,/Users/amrkandil/github_repos/thesis/Distributed-Tsetlin-Machines/experiments/results_minority/II_x_III/rule58_vs_rule105/lag_hamming.png,/Users/amrkandil/github_repos/thesis/Distributed-Tsetlin-Machines/experiments/results_minority/II_x_III/rule58_vs_rule105/metrics.json
58,122,II_x_III,near_cycle,2,2,0.22324467886133242,0.4146186361425953,0.7078009950248757,0.032111788354326924,0.7125124378109453,coexist,,0.6720398009950249,0.32796019900497514,never,,aperiodic,,/Users/amrkandil/github_repos/thesis/Distributed-Tsetlin-Machines/experiments/results_minority/II_x_III/rule58_vs_rule122/hamming_distance.png,/Users/amrkandil/github_repos/thesis/Distributed-Tsetlin-Machines/experiments/results_minority/II_x_III/rule58_vs_rule122/lag_hamming.png,/Users/amrkandil/github_repos/thesis/Distributed-Tsetlin-Machines/experiments/results_minority/II_x_III/rule58_vs_rule122/metrics.json
58,126,II_x_III,aperiodic,,,0.3925348133703342,0.4852121303032576,0.5848059701492536,0.03799766804244629,0.581504975124378,coexist,,0.5587064676616915,0.4412935323383085,never,,aperiodic,,/Users/amrkandil/github_repos/thesis/Distributed-Tsetlin-Machines/experiments/results_minority/II_x_III/rule58_vs_rule126/hamming_distance.png,/Users/amrkandil/github_repos/thesis/Distributed-Tsetlin-Machines/experiments/results_minority/II_x_III/rule58_vs_rule126/lag_hamming.png,/Users/amrkandil/github_repos/thesis/Distributed-Tsetlin-Machines/experiments/results_minority/II_x_III/rule58_vs_rule126/metrics.json
58,146,II_x_III,cycle,12,0,0.0,0.0,0.7994726368159204,0.017374772679811,0.8026616915422886,coexist,,0.6417910447761194,0.3582089552238806,early,50,cycle,12,/Users/amrkandil/github_repos/thesis/Distributed-Tsetlin-Machines/experiments/results_minority/II_x_III/rule58_vs_rule146/hamming_distance.png,/Users/amrkandil/github_repos/thesis/Distributed-Tsetlin-Machines/experiments/results_minority/II_x_III/rule58_vs_rule146/lag_hamming.png,/Users/amrkandil/github_repos/thesis/Distributed-Tsetlin-Machines/experiments/results_minority/II_x_III/rule58_vs_rule146/metrics.json
58,150,II_x_III,cycle,4,0,4.949053880916121e-16,0.0,0.8855223880597014,0.04697368482631236,0.8980099502487562,coexist,,0.7649253731343284,0.23507462686567165,early,100,cycle,4,/Users/amrkandil/github_repos/thesis/Distributed-Tsetlin-Machines/experiments/results_minority/II_x_III/rule58_vs_rule150/hamming_distance.png,/Users/amrkandil/github_repos/thesis/Distributed-Tsetlin-Machines/experiments/results_minority/II_x_III/rule58_vs_rule150/lag_hamming.png,/Users/amrkandil/github_repos/thesis/Distributed-Tsetlin-Machines/experiments/results_minority/II_x_III/rule58_vs_rule150/metrics.json
62,18,II_x_III,aperiodic,,,0.4283968628037756,0.48615319393009887,0.6081592039800996,0.04047269032828614,0.6072014925373135,coexist,,0.4982587064676617,0.5017412935323383,never,,aperiodic,,/Users/amrkandil/github_repos/thesis/Distributed-Tsetlin-Machines/experiments/results_minority/II_x_III/rule62_vs_rule18/hamming_distance.png,/Users/amrkandil/github_repos/thesis/Distributed-Tsetlin-Machines/experiments/results_minority/II_x_III/rule62_vs_rule18/lag_hamming.png,/Users/amrkandil/github_repos/thesis/Distributed-Tsetlin-Machines/experiments/results_minority/II_x_III/rule62_vs_rule18/metrics.json
62,22,II_x_III,aperiodic,,,0.4117383009763214,0.5329118816942855,0.6147363184079602,0.04140491960074766,0.6143283582089551,coexist,,0.5135820895522388,0.48641791044776117,never,,aperiodic,,/Users/amrkandil/github_repos/thesis/Distributed-Tsetlin-Machines/experiments/results_minority/II_x_III/rule62_vs_rule22/hamming_distance.png,/Users/amrkandil/github_repos/thesis/Distributed-Tsetlin-Machines/experiments/results_minority/II_x_III/rule62_vs_rule22/lag_hamming.png,/Users/amrkandil/github_repos/thesis/Distributed-Tsetlin-Machines/experiments/results_minority/II_x_III/rule62_vs_rule22/metrics.json
62,30,II_x_III,aperiodic,,,0.41656379755358547,0.5621765857429644,0.5785174129353233,0.030672953533421008,0.5789925373134328,coexist,,0.4664179104477612,0.5335820895522388,never,,aperiodic,,/Users/amrkandil/github_repos/thesis/Distributed-Tsetlin-Machines/experiments/results_minority/II_x_III/rule62_vs_rule30/hamming_distance.png,/Users/amrkandil/github_repos/thesis/Distributed-Tsetlin-Machines/experiments/results_minority/II_x_III/rule62_vs_rule30/lag_hamming.png,/Users/amrkandil/github_repos/thesis/Distributed-Tsetlin-Machines/experiments/results_minority/II_x_III/rule62_vs_rule30/metrics.json
62,45,II_x_III,aperiodic,,,0.37656716417910446,0.5922636815920398,0.5939502487562189,0.034837433759119185,0.5922636815920398,coexist,,0.49965174129353235,0.5003482587064677,never,,aperiodic,,/Users/amrkandil/github_repos/thesis/Distributed-Tsetlin-Machines/experiments/results_minority/II_x_III/rule62_vs_rule45/hamming_distance.png,/Users/amrkandil/github_repos/thesis/Distributed-Tsetlin-Machines/experiments/results_minority/II_x_III/rule62_vs_rule45/lag_hamming.png,/Users/amrkandil/github_repos/thesis/Distributed-Tsetlin-Machines/experiments/results_minority/II_x_III/rule62_vs_rule45/metrics.json
62,60,II_x_III,aperiodic,,,0.39922248056201404,0.39922248056201404,0.5783084577114428,0.037434100078893515,0.5795149253731343,coexist,,0.4904975124378109,0.5095024875621891,never,,aperiodic,,/Users/amrkandil/github_repos/thesis/Distributed-Tsetlin-Machines/experiments/results_minority/II_x_III/rule62_vs_rule60/hamming_distance.png,/Users/amrkandil/github_repos/thesis/Distributed-Tsetlin-Machines/experiments/results_minority/II_x_III/rule62_vs_rule60/lag_hamming.png,/Users/amrkandil/github_repos/thesis/Distributed-Tsetlin-Machines/experiments/results_minority/II_x_III/rule62_vs_rule60/metrics.json
62,90,II_x_III,aperiodic,,,0.41954350385477196,0.41954350385477196,0.5474427860696518,0.03425209785935942,0.547910447761194,coexist,,0.4808955223880597,0.5191044776119403,never,,aperiodic,,/Users/amrkandil/github_repos/thesis/Distributed-Tsetlin-Machines/experiments/results_minority/II_x_III/rule62_vs_rule90/hamming_distance.png,/Users/amrkandil/github_repos/thesis/Distributed-Tsetlin-Machines/experiments/results_minority/II_x_III/rule62_vs_rule90/lag_hamming.png,/Users/amrkandil/github_repos/thesis/Distributed-Tsetlin-Machines/experiments/results_minority/II_x_III/rule62_vs_rule90/metrics.json
62,105,II_x_III,aperiodic,,,0.4153915560735366,0.4153915560735366,0.5680298507462687,0.031991142248237577,0.5662810945273632,coexist,,0.4534328358208955,0.5465671641791044,never,,aperiodic,,/Users/amrkandil/github_repos/thesis/Distributed-Tsetlin-Machines/experiments/results_minority/II_x_III/rule62_vs_rule105/hamming_distance.png,/Users/amrkandil/github_repos/thesis/Distributed-Tsetlin-Machines/experiments/results_minority/II_x_III/rule62_vs_rule105/lag_hamming.png,/Users/amrkandil/github_repos/thesis/Distributed-Tsetlin-Machines/experiments/results_minority/II_x_III/rule62_vs_rule105/metrics.json
62,122,II_x_III,aperiodic,,,0.3999849996249907,0.5124378109452736,0.5592835820895523,0.03740120489331984,0.5589179104477612,coexist,,0.5060696517412935,0.49393034825870646,never,,aperiodic,,/Users/amrkandil/github_repos/thesis/Distributed-Tsetlin-Machines/experiments/results_minority/II_x_III/rule62_vs_rule122/hamming_distance.png,/Users/amrkandil/github_repos/thesis/Distributed-Tsetlin-Machines/experiments/results_minority/II_x_III/rule62_vs_rule122/lag_hamming.png,/Users/amrkandil/github_repos/thesis/Distributed-Tsetlin-Machines/experiments/results_minority/II_x_III/rule62_vs_rule122/metrics.json
62,126,II_x_III,aperiodic,,,0.4274231855796395,0.4937998449961249,0.5377412935323383,0.0449489764609717,0.5387686567164178,coexist,,0.5227860696517413,0.4772139303482587,never,,aperiodic,,/Users/amrkandil/github_repos/thesis/Distributed-Tsetlin-Machines/experiments/results_minority/II_x_III/rule62_vs_rule126/hamming_distance.png,/Users/amrkandil/github_repos/thesis/Distributed-Tsetlin-Machines/experiments/results_minority/II_x_III/rule62_vs_rule126/lag_hamming.png,/Users/amrkandil/github_repos/thesis/Distributed-Tsetlin-Machines/experiments/results_minority/II_x_III/rule62_vs_rule126/metrics.json
62,146,II_x_III,aperiodic,,,0.4154477611940298,0.5917661691542289,0.5906766169154228,0.034974425164450845,0.5917661691542289,coexist,,0.45691542288557213,0.5430845771144278,never,,aperiodic,,/Users/amrkandil/github_repos/thesis/Distributed-Tsetlin-Machines/experiments/results_minority/II_x_III/rule62_vs_rule146/hamming_distance.png,/Users/amrkandil/github_repos/thesis/Distributed-Tsetlin-Machines/experiments/results_minority/II_x_III/rule62_vs_rule146/lag_hamming.png,/Users/amrkandil/github_repos/thesis/Distributed-Tsetlin-Machines/experiments/results_minority/II_x_III/rule62_vs_rule146/metrics.json
62,150,II_x_III,aperiodic,,,0.40473073230339535,0.46191349019314454,0.5700199004975124,0.03040306770831008,0.5701865671641791,coexist,,0.46800995024875625,0.5319900497512438,never,,aperiodic,,/Users/amrkandil/github_repos/thesis/Distributed-Tsetlin-Machines/experiments/results_minority/II_x_III/rule62_vs_rule150/hamming_distance.png,/Users/amrkandil/github_repos/thesis/Distributed-Tsetlin-Machines/experiments/results_minority/II_x_III/rule62_vs_rule150/lag_hamming.png,/Users/amrkandil/github_repos/thesis/Distributed-Tsetlin-Machines/experiments/results_minority/II_x_III/rule62_vs_rule150/metrics.json
72,18,II_x_III,cycle,28,0,7.070076972737315e-17,0.0,0.06575124378109452,0.02449729419417721,0.06181592039800995,coexist,,0.46378109452736316,0.5362189054726368,early,50,cycle,28,/Users/amrkandil/github_repos/thesis/Distributed-Tsetlin-Machines/experiments/results_minority/II_x_III/rule72_vs_rule18/hamming_distance.png,/Users/amrkandil/github_repos/thesis/Distributed-Tsetlin-Machines/experiments/results_minority/II_x_III/rule72_vs_rule18/lag_hamming.png,/Users/amrkandil/github_repos/thesis/Distributed-Tsetlin-Machines/experiments/results_minority/II_x_III/rule72_vs_rule18/metrics.json
72,22,II_x_III,near_cycle,4,0,0.04452548341416353,0.04452548341416344,0.31044776119402984,0.03743198414185546,0.3185074626865672,coexist,,0.4892537313432836,0.5107462686567165,late,200,near_cycle,4,/Users/amrkandil/github_repos/thesis/Distributed-Tsetlin-Machines/experiments/results_minority/II_x_III/rule72_vs_rule22/hamming_distance.png,/Users/amrkandil/github_repos/thesis/Distributed-Tsetlin-Machines/experiments/results_minority/II_x_III/rule72_vs_rule22/lag_hamming.png,/Users/amrkandil/github_repos/thesis/Distributed-Tsetlin-Machines/experiments/results_minority/II_x_III/rule72_vs_rule22/metrics.json
72,30,II_x_III,near_cycle,4,0,0.02775793576199576,0.027757935761996064,0.24342288557213934,0.021678539167095567,0.24241293532338312,coexist,,0.42333333333333334,0.5766666666666667,late,150,cycle,8,/Users/amrkandil/github_repos/thesis/Distributed-Tsetlin-Machines/experiments/results_minority/II_x_III/rule72_vs_rule30/hamming_distance.png,/Users/amrkandil/github_repos/thesis/Distributed-Tsetlin-Machines/experiments/results_minority/II_x_III/rule72_vs_rule30/lag_hamming.png,/Users/amrkandil/github_repos/thesis/Distributed-Tsetlin-Machines/experiments/results_minority/II_x_III/rule72_vs_rule30/metrics.json
72,45,II_x_III,cycle,4,0,0.0,0.0,0.047104477611940296,0.03048293094476305,0.04477611940298507,coexist,,0.4017412935323383,0.5982587064676617,early,50,cycle,4,/Users/amrkandil/github_repos/thesis/Distributed-Tsetlin-Machines/experiments/results_minority/II_x_III/rule72_vs_rule45/hamming_distance.png,/Users/amrkandil/github_repos/thesis/Distributed-Tsetlin-Machines/experiments/results_minority/II_x_III/rule72_vs_rule45/lag_hamming.png,/Users/amrkandil/github_repos/thesis/Distributed-Tsetlin-Machines/experiments/results_minority/II_x_III/rule72_vs_rule45/metrics.json
72,60,II_x_III,aperiodic,,,0.14019346084825138,0.1401934608482514,0.2104577114427861,0.02504953929369294,0.21211442786069654,coexist,,0.4230348258706468,0.5769651741293532,never,,aperiodic,,/Users/amrkandil/github_repos/thesis/Distributed-Tsetlin-Machines/experiments/results_minority/II_x_III/rule72_vs_rule60/hamming_distance.png,/Users/amrkandil/github_repos/thesis/Distributed-Tsetlin-Machines/experiments/results_minority/II_x_III/rule72_vs_rule60/lag_hamming.png,/Users/amrkandil/github_repos/thesis/Distributed-Tsetlin-Machines/experiments/results_minority/II_x_III/rule72_vs_rule60/metrics.json
72,90,II_x_III,cycle,42,0,0.0,0.0,0.15120398009950248,0.02031553280733025,0.1455099502487562,coexist,,0.43203980099502487,0.5679601990049751,early,100,cycle,42,/Users/amrkandil/github_repos/thesis/Distributed-Tsetlin-Machines/experiments/results_minority/II_x_III/rule72_vs_rule90/hamming_distance.png,/Users/amrkandil/github_repos/thesis/Distributed-Tsetlin-Machines/experiments/results_minority/II_x_III/rule72_vs_rule90/lag_hamming.png,/Users/amrkandil/github_repos/thesis/Distributed-Tsetlin-Machines/experiments/results_minority/II_x_III/rule72_vs_rule90/metrics.json
72,105,II_x_III,cycle,10,0,0.0,0.0,0.19445771144278604,0.017126719524481495,0.19203980099502485,coexist,,0.5313432835820896,0.46865671641791046,early,50,cycle,10,/Users/amrkandil/github_repos/thesis/Distributed-Tsetlin-Machines/experiments/results_minority/II_x_III/rule72_vs_rule105/hamming_distance.png,/Users/amrkandil/github_repos/thesis/Distributed-Tsetlin-Machines/experiments/results_minority/II_x_III/rule72_vs_rule105/lag_hamming.png,/Users/amrkandil/github_repos/thesis/Distributed-Tsetlin-Machines/experiments/results_minority/II_x_III/rule72_vs_rule105/metrics.json
72,122,II_x_III,near_cycle,2,0,0.031272210376688016,0.03127221037668799,0.3344179104477612,0.045141262947052535,0.31771144278606966,coexist,,0.3706467661691542,0.6293532338308457,late,250,cycle,4,/Users/amrkandil/github_repos/thesis/Distributed-Tsetlin-Machines/experiments/results_minority/II_x_III/rule72_vs_rule122/hamming_distance.png,/Users/amrkandil/github_repos/thesis/Distributed-Tsetlin-Machines/experiments/results_minority/II_x_III/rule72_vs_rule122/lag_hamming.png,/Users/amrkandil/github_repos/thesis/Distributed-Tsetlin-Machines/experiments/results_minority/II_x_III/rule72_vs_rule122/metrics.json
72,126,II_x_III,cycle,12,0,2.1210230918211945e-16,0.0,0.12958208955223882,0.022128894640725864,0.1285323383084577,coexist,,0.57681592039801,0.42318407960199006,early,100,cycle,12,/Users/amrkandil/github_repos/thesis/Distributed-Tsetlin-Machines/experiments/results_minority/II_x_III/rule72_vs_rule126/hamming_distance.png,/Users/amrkandil/github_repos/thesis/Distributed-Tsetlin-Machines/experiments/results_minority/II_x_III/rule72_vs_rule126/lag_hamming.png,/Users/amrkandil/github_repos/thesis/Distributed-Tsetlin-Machines/experiments/results_minority/II_x_III/rule72_vs_rule126/metrics.json
72,146,II_x_III,cycle,84,0,0.0,0.0,0.07037810945273631,0.025874800661541783,0.06513681592039801,coexist,,0.46044776119402986,0.5395522388059701,late,334,near_cycle,4,/Users/amrkandil/github_repos/thesis/Distributed-Tsetlin-Machines/experiments/results_minority/II_x_III/rule72_vs_rule146/hamming_distance.png,/Users/amrkandil/github_repos/thesis/Distributed-Tsetlin-Machines/experiments/results_minority/II_x_III/rule72_vs_rule146/lag_hamming.png,/Users/amrkandil/github_repos/thesis/Distributed-Tsetlin-Machines/experiments/results_minority/II_x_III/rule72_vs_rule146/metrics.json
72,150,II_x_III,near_cycle,4,0,0.07717082095818138,0.07717082095818138,0.27125373134328357,0.029470847933993443,0.27114427860696516,coexist,,0.4815422885572139,0.5184577114427861,late,200,cycle,24,/Users/amrkandil/github_repos/thesis/Distributed-Tsetlin-Machines/experiments/results_minority/II_x_III/rule72_vs_rule150/hamming_distance.png,/Users/amrkandil/github_repos/thesis/Distributed-Tsetlin-Machines/experiments/results_minority/II_x_III/rule72_vs_rule150/lag_hamming.png,/Users/amrkandil/github_repos/thesis/Distributed-Tsetlin-Machines/experiments/results_minority/II_x_III/rule72_vs_rule150/metrics.json
73,18,II_x_III,near_cycle,6,0,0.1931103973801877,0.19311039738018768,0.6033134328358207,0.02821173834840904,0.6071517412935323,coexist,,0.48208955223880595,0.517910447761194,late,250,near_cycle,6,/Users/amrkandil/github_repos/thesis/Distributed-Tsetlin-Machines/experiments/results_minority/II_x_III/rule73_vs_rule18/hamming_distance.png,/Users/amrkandil/github_repos/thesis/Distributed-Tsetlin-Machines/experiments/results_minority/II_x_III/rule73_vs_rule18/lag_hamming.png,/Users/amrkandil/github_repos/thesis/Distributed-Tsetlin-Machines/experiments/results_minority/II_x_III/rule73_vs_rule18/metrics.json
73,22,II_x_III,near_cycle,2,0,0.13459020686043474,0.13459020686043466,0.47645771144278604,0.017464157781288153,0.47493781094527365,coexist,,0.5273134328358209,0.4726865671641791,late,334,near_cycle,2,/Users/amrkandil/github_repos/thesis/Distributed-Tsetlin-Machines/experiments/results_minority/II_x_III/rule73_vs_rule22/hamming_distance.png,/Users/amrkandil/github_repos/thesis/Distributed-Tsetlin-Machines/experiments/results_minority/II_x_III/rule73_vs_rule22/lag_hamming.png,/Users/amrkandil/github_repos/thesis/Distributed-Tsetlin-Machines/experiments/results_minority/II_x_III/rule73_vs_rule22/metrics.json
73,30,II_x_III,cycle,120,0,7.070076972737315e-17,0.0,0.21686567164179105,0.02843835231999511,0.21309701492537314,coexist,,0.5005472636815921,0.499452736318408,late,334,near_cycle,2,/Users/amrkandil/github_repos/thesis/Distributed-Tsetlin-Machines/experiments/results_minority/II_x_III/rule73_vs_rule30/hamming_distance.png,/Users/amrkandil/github_repos/thesis/Distributed-Tsetlin-Machines/experiments/results_minority/II_x_III/rule73_vs_rule30/lag_hamming.png,/Users/amrkandil/github_repos/thesis/Distributed-Tsetlin-Machines/experiments/results_minority/II_x_III/rule73_vs_rule30/metrics.json
73,45,II_x_III,cycle,4,0,2.1210230918211945e-16,0.0,0.0768457711442786,0.04037860843329585,0.06965174129353234,coexist,,0.4962686567164179,0.503731343283582,early,50,cycle,4,/Users/amrkandil/github_repos/thesis/Distributed-Tsetlin-Machines/experiments/results_minority/II_x_III/rule73_vs_rule45/hamming_distance.png,/Users/amrkandil/github_repos/thesis/Distributed-Tsetlin-Machines/experiments/results_minority/II_x_III/rule73_vs_rule45/lag_hamming.png,/Users/amrkandil/github_repos/thesis/Distributed-Tsetlin-Machines/experiments/results_minority/II_x_III/rule73_vs_rule45/metrics.json
73,60,II_x_III,near_cycle,4,0,0.013684724989661477,0.013684724989661265,0.24727363184079604,0.01848792367195294,0.24536069651741294,coexist,,0.5584577114427861,0.44154228855721395,late,150,cycle,12,/Users/amrkandil/github_repos/thesis/Distributed-Tsetlin-Machines/experiments/results_minority/II_x_III/rule73_vs_rule60/hamming_distance.png,/Users/amrkandil/github_repos/thesis/Distributed-Tsetlin-Machines/experiments/results_minority/II_x_III/rule73_vs_rule60/lag_hamming.png,/Users/amrkandil/github_repos/thesis/Distributed-Tsetlin-Machines/experiments/results_minority/II_x_III/rule73_vs_rule60/metrics.json
73,90,II_x_III,aperiodic,,,0.13434128060993747,0.13434128060993733,0.2597014925373134,0.07637812500810016,0.23100746268656713,coexist,,0.6059203980099502,0.39407960199004977,late,334,near_cycle,4,/Users/amrkandil/github_repos/thesis/Distributed-Tsetlin-Machines/experiments/results_minority/II_x_III/rule73_vs_rule90/hamming_distance.png,/Users/amrkandil/github_repos/thesis/Distributed-Tsetlin-Machines/experiments/results_minority/II_x_III/rule73_vs_rule90/lag_hamming.png,/Users/amrkandil/github_repos/thesis/Distributed-Tsetlin-Machines/experiments/results_minority/II_x_III/rule73_vs_rule90/metrics.json
73,105,II_x_III,cycle,24,0,7.070076972737315e-17,0.0,0.19455721393034825,0.04546914320816428,0.18233830845771146,coexist,,0.6277611940298508,0.37223880597014924,early,100,cycle,24,/Users/amrkandil/github_repos/thesis/Distributed-Tsetlin-Machines/experiments/results_minority/II_x_III/rule73_vs_rule105/hamming_distance.png,/Users/amrkandil/github_repos/thesis/Distributed-Tsetlin-Machines/experiments/results_minority/II_x_III/rule73_vs_rule105/lag_hamming.png,/Users/amrkandil/github_repos/thesis/Distributed-Tsetlin-Machines/experiments/results_minority/II_x_III/rule73_vs_rule105/metrics.json
73,122,II_x_III,near_cycle,2,0,0.061596778014688595,0.061596778014688464,0.21812935323383084,0.050691528372464933,0.19753731343283584,coexist,,0.6294527363184079,0.370547263681592,late,334,near_cycle,2,/Users/amrkandil/github_repos/thesis/Distributed-Tsetlin-Machines/experiments/results_minority/II_x_III/rule73_vs_rule122/hamming_distance.png,/Users/amrkandil/github_repos/thesis/Distributed-Tsetlin-Machines/experiments/results_minority/II_x_III/rule73_vs_rule122/lag_hamming.png,/Users/amrkandil/github_repos/thesis/Distributed-Tsetlin-Machines/experiments/results_minority/II_x_III/rule73_vs_rule122/metrics.json
73,126,II_x_III,cycle,4,0,0.0,0.0,0.10998009950248758,0.024811242063415277,0.10696517412935323,coexist,,0.6069651741293532,0.39303482587064675,early,50,cycle,4,/Users/amrkandil/github_repos/thesis/Distributed-Tsetlin-Machines/experiments/results_minority/II_x_III/rule73_vs_rule126/hamming_distance.png,/Users/amrkandil/github_repos/thesis/Distributed-Tsetlin-Machines/experiments/results_minority/II_x_III/rule73_vs_rule126/lag_hamming.png,/Users/amrkandil/github_repos/thesis/Distributed-Tsetlin-Machines/experiments/results_minority/II_x_III/rule73_vs_rule126/metrics.json
73,146,II_x_III,aperiodic,,,0.2865521260197752,0.2865521260197752,0.503273631840796,0.02854743362259512,0.5026243781094528,coexist,,0.452636815920398,0.5473631840796019,never,,aperiodic,,/Users/amrkandil/github_repos/thesis/Distributed-Tsetlin-Machines/experiments/results_minority/II_x_III/rule73_vs_rule146/hamming_distance.png,/Users/amrkandil/github_repos/thesis/Distributed-Tsetlin-Machines/experiments/results_minority/II_x_III/rule73_vs_rule146/lag_hamming.png,/Users/amrkandil/github_repos/thesis/Distributed-Tsetlin-Machines/experiments/results_minority/II_x_III/rule73_vs_rule146/metrics.json
73,150,II_x_III,near_cycle,4,0,0.0630976101858466,0.06309761018584659,0.3325870646766169,0.02566484348258083,0.32430348258706476,coexist,,0.571592039800995,0.42840796019900496,late,200,near_cycle,2,/Users/amrkandil/github_repos/thesis/Distributed-Tsetlin-Machines/experiments/results_minority/II_x_III/rule73_vs_rule150/hamming_distance.png,/Users/amrkandil/github_repos/thesis/Distributed-Tsetlin-Machines/experiments/results_minority/II_x_III/rule73_vs_rule150/lag_hamming.png,/Users/amrkandil/github_repos/thesis/Distributed-Tsetlin-Machines/experiments/results_minority/II_x_III/rule73_vs_rule150/metrics.json
74,18,II_x_III,near_cycle,2,2,0.11598648362199024,0.2867866182870111,0.4110149253731344,0.02933931873562671,0.4090298507462687,coexist,,0.42945273631840797,0.570547263681592,never,,aperiodic,,/Users/amrkandil/github_repos/thesis/Distributed-Tsetlin-Machines/experiments/results_minority/II_x_III/rule74_vs_rule18/hamming_distance.png,/Users/amrkandil/github_repos/thesis/Distributed-Tsetlin-Machines/experiments/results_minority/II_x_III/rule74_vs_rule18/lag_hamming.png,/Users/amrkandil/github_repos/thesis/Distributed-Tsetlin-Machines/experiments/results_minority/II_x_III/rule74_vs_rule18/metrics.json
74,22,II_x_III,aperiodic,,,0.20133757442296726,0.20133757442296712,0.4443482587064676,0.032432089047579084,0.4471268656716418,coexist,,0.47402985074626863,0.5259701492537313,never,,aperiodic,,/Users/amrkandil/github_repos/thesis/Distributed-Tsetlin-Machines/experiments/results_minority/II_x_III/rule74_vs_rule22/hamming_distance.png,/Users/amrkandil/github_repos/thesis/Distributed-Tsetlin-Machines/experiments/results_minority/II_x_III/rule74_vs_rule22/lag_hamming.png,/Users/amrkandil/github_repos/thesis/Distributed-Tsetlin-Machines/experiments/results_minority/II_x_III/rule74_vs_rule22/metrics.json
74,30,II_x_III,aperiodic,,,0.28039901249420407,0.28039901249420407,0.4232139303482587,0.027024426831171237,0.4249004975124378,coexist,,0.501094527363184,0.4989054726368159,never,,aperiodic,,/Users/amrkandil/github_repos/thesis/Distributed-Tsetlin-Machines/experiments/results_minority/II_x_III/rule74_vs_rule30/hamming_distance.png,/Users/amrkandil/github_repos/thesis/Distributed-Tsetlin-Machines/experiments/results_minority/II_x_III/rule74_vs_rule30/lag_hamming.png,/Users/amrkandil/github_repos/thesis/Distributed-Tsetlin-Machines/experiments/results_minority/II_x_III/rule74_vs_rule30/metrics.json
74,45,II_x_III,near_cycle,48,0,0.16220596733048648,0.16220596733048637,0.40751243781094526,0.029538122497481466,0.40753731343283583,coexist,,0.4944776119402985,0.5055223880597015,late,334,near_cycle,48,/Users/amrkandil/github_repos/thesis/Distributed-Tsetlin-Machines/experiments/results_minority/II_x_III/rule74_vs_rule45/hamming_distance.png,/Users/amrkandil/github_repos/thesis/Distributed-Tsetlin-Machines/experiments/results_minority/II_x_III/rule74_vs_rule45/lag_hamming.png,/Users/amrkandil/github_repos/thesis/Distributed-Tsetlin-Machines/experiments/results_minority/II_x_III/rule74_vs_rule45/metrics.json
74,60,II_x_III,aperiodic,,,0.3599007481484266,0.35990074814842665,0.4047860696517413,0.03994345028676624,0.4099502487562189,coexist,,0.5021890547263682,0.49781094527363184,never,,aperiodic,,/Users/amrkandil/github_repos/thesis/Distributed-Tsetlin-Machines/experiments/results_minority/II_x_III/rule74_vs_rule60/hamming_distance.png,/Users/amrkandil/github_repos/thesis/Distributed-Tsetlin-Machines/experiments/results_minority/II_x_III/rule74_vs_rule60/lag_hamming.png,/Users/amrkandil/github_repos/thesis/Distributed-Tsetlin-Machines/experiments/results_minority/II_x_III/rule74_vs_rule60/metrics.json
74,90,II_x_III,aperiodic,,,0.3463010760732678,0.48046733749797377,0.4243482587064677,0.03477735213012405,0.4253109452736318,coexist,,0.48199004975124377,0.5180099502487562,never,,aperiodic,,/Users/amrkandil/github_repos/thesis/Distributed-Tsetlin-Machines/experiments/results_minority/II_x_III/rule74_vs_rule90/hamming_distance.png,/Users/amrkandil/github_repos/thesis/Distributed-Tsetlin-Machines/experiments/results_minority/II_x_III/rule74_vs_rule90/lag_hamming.png,/Users/amrkandil/github_repos/thesis/Distributed-Tsetlin-Machines/experiments/results_minority/II_x_III/rule74_vs_rule90/metrics.json
74,105,II_x_III,aperiodic,,,0.4102860696517413,0.42269900497512436,0.4232139303482587,0.033042334158431656,0.42269900497512436,coexist,,0.4755721393034826,0.5244278606965174,never,,aperiodic,,/Users/amrkandil/github_repos/thesis/Distributed-Tsetlin-Machines/experiments/results_minority/II_x_III/rule74_vs_rule105/hamming_distance.png,/Users/amrkandil/github_repos/thesis/Distributed-Tsetlin-Machines/experiments/results_minority/II_x_III/rule74_vs_rule105/lag_hamming.png,/Users/amrkandil/github_repos/thesis/Distributed-Tsetlin-Machines/experiments/results_minority/II_x_III/rule74_vs_rule105/metrics.json
74,122,II_x_III,aperiodic,,,0.38324626865671646,0.4986691542288557,0.5004875621890547,0.037718004391153935,0.4986691542288557,coexist,,0.4854726368159204,0.5145273631840797,never,,aperiodic,,/Users/amrkandil/github_repos/thesis/Distributed-Tsetlin-Machines/experiments/results_minority/II_x_III/rule74_vs_rule122/hamming_distance.png,/Users/amrkandil/github_repos/thesis/Distributed-Tsetlin-Machines/experiments/results_minority/II_x_III/rule74_vs_rule122/lag_hamming.png,/Users/amrkandil/github_repos/thesis/Distributed-Tsetlin-Machines/experiments/results_minority/II_x_III/rule74_vs_rule122/metrics.json
74,126,II_x_III,cycle,20,0,0.0,0.0,0.09756218905472636,0.029820009050614292,0.09253731343283583,coexist,,0.554726368159204,0.44527363184079605,early,50,cycle,20,/Users/amrkandil/github_repos/thesis/Distributed-Tsetlin-Machines/experiments/results_minority/II_x_III/rule74_vs_rule126/hamming_distance.png,/Users/amrkandil/github_repos/thesis/Distributed-Tsetlin-Machines/experiments/results_minority/II_x_III/rule74_vs_rule126/lag_hamming.png,/Users/amrkandil/github_repos/thesis/Distributed-Tsetlin-Machines/experiments/results_minority/II_x_III/rule74_vs_rule126/metrics.json
74,146,II_x_III,near_cycle,2,2,0.13689696879013458,0.31238544121497774,0.42027860696517416,0.035997843773174984,0.41960199004975124,coexist,,0.4381592039800995,0.5618407960199004,never,,aperiodic,,/Users/amrkandil/github_repos/thesis/Distributed-Tsetlin-Machines/experiments/results_minority/II_x_III/rule74_vs_rule146/hamming_distance.png,/Users/amrkandil/github_repos/thesis/Distributed-Tsetlin-Machines/experiments/results_minority/II_x_III/rule74_vs_rule146/lag_hamming.png,/Users/amrkandil/github_repos/thesis/Distributed-Tsetlin-Machines/experiments/results_minority/II_x_III/rule74_vs_rule146/metrics.json
74,150,II_x_III,aperiodic,,,0.2575789607204769,0.2575789607204769,0.4343681592039801,0.028521453852636488,0.43656716417910446,coexist,,0.4826865671641791,0.5173134328358209,never,,aperiodic,,/Users/amrkandil/github_repos/thesis/Distributed-Tsetlin-Machines/experiments/results_minority/II_x_III/rule74_vs_rule150/hamming_distance.png,/Users/amrkandil/github_repos/thesis/Distributed-Tsetlin-Machines/experiments/results_minority/II_x_III/rule74_vs_rule150/lag_hamming.png,/Users/amrkandil/github_repos/thesis/Distributed-Tsetlin-Machines/experiments/results_minority/II_x_III/rule74_vs_rule150/metrics.json
76,18,II_x_III,cycle,120,0,7.070076972737315e-17,0.0,0.18271641791044774,0.020495413600703314,0.17965174129353234,coexist,,0.6133333333333333,0.38666666666666666,late,334,near_cycle,8,/Users/amrkandil/github_repos/thesis/Distributed-Tsetlin-Machines/experiments/results_minority/II_x_III/rule76_vs_rule18/hamming_distance.png,/Users/amrkandil/github_repos/thesis/Distributed-Tsetlin-Machines/experiments/results_minority/II_x_III/rule76_vs_rule18/lag_hamming.png,/Users/amrkandil/github_repos/thesis/Distributed-Tsetlin-Machines/experiments/results_minority/II_x_III/rule76_vs_rule18/metrics.json
76,22,II_x_III,cycle,60,0,2.1210230918211945e-16,0.0,0.11189054726368158,0.022485085497391474,0.10661691542288558,coexist,,0.5877611940298507,0.4122388059701493,early,100,near_cycle,4,/Users/amrkandil/github_repos/thesis/Distributed-Tsetlin-Machines/experiments/results_minority/II_x_III/rule76_vs_rule22/hamming_distance.png,/Users/amrkandil/github_repos/thesis/Distributed-Tsetlin-Machines/experiments/results_minority/II_x_III/rule76_vs_rule22/lag_hamming.png,/Users/amrkandil/github_repos/thesis/Distributed-Tsetlin-Machines/experiments/results_minority/II_x_III/rule76_vs_rule22/metrics.json
76,30,II_x_III,cycle,4,0,0.0,0.0,0.05707462686567165,0.023182806960138063,0.05223880597014926,coexist,,0.5087064676616916,0.49129353233830847,early,50,cycle,4,/Users/amrkandil/github_repos/thesis/Distributed-Tsetlin-Machines/experiments/results_minority/II_x_III/rule76_vs_rule30/hamming_distance.png,/Users/amrkandil/github_repos/thesis/Distributed-Tsetlin-Machines/experiments/results_minority/II_x_III/rule76_vs_rule30/lag_hamming.png,/Users/amrkandil/github_repos/thesis/Distributed-Tsetlin-Machines/experiments/results_minority/II_x_III/rule76_vs_rule30/metrics.json
76,45,II_x_III,cycle,4,0,0.0,0.0,0.042328358208955225,0.02218812661200652,0.039800995024875614,coexist,,0.5211442786069652,0.47885572139303484,early,50,cycle,4,/Users/amrkandil/github_repos/thesis/Distributed-Tsetlin-Machines/experiments/results_minority/II_x_III/rule76_vs_rule45/hamming_distance.png,/Users/amrkandil/github_repos/thesis/Distributed-Tsetlin-Machines/experiments/results_minority/II_x_III/rule76_vs_rule45/lag_hamming.png,/Users/amrkandil/github_repos/thesis/Distributed-Tsetlin-Machines/experiments/results_minority/II_x_III/rule76_vs_rule45/metrics.json
76,60,II_x_III,cycle,80,0,7.070076972737315e-17,0.0,0.18902487562189055,0.02926708159853684,0.18768656716417909,coexist,,0.5992039800995025,0.4007960199004975,early,100,near_cycle,16,/Users/amrkandil/github_repos/thesis/Distributed-Tsetlin-Machines/experiments/results_minority/II_x_III/rule76_vs_rule60/hamming_distance.png,/Users/amrkandil/github_repos/thesis/Distributed-Tsetlin-Machines/experiments/results_minority/II_x_III/rule76_vs_rule60/lag_hamming.png,/Users/amrkandil/github_repos/thesis/Distributed-Tsetlin-Machines/experiments/results_minority/II_x_III/rule76_vs_rule60/metrics.json
76,90,II_x_III,cycle,24,0,2.1210230918211945e-16,0.0,0.043940298507462686,0.02705652496496223,0.038159203980099504,coexist,,0.6592039800995025,0.3407960199004975,early,50,cycle,24,/Users/amrkandil/github_repos/thesis/Distributed-Tsetlin-Machines/experiments/results_minority/II_x_III/rule76_vs_rule90/hamming_distance.png,/Users/amrkandil/github_repos/thesis/Distributed-Tsetlin-Machines/experiments/results_minority/II_x_III/rule76_vs_rule90/lag_hamming.png,/Users/amrkandil/github_repos/thesis/Distributed-Tsetlin-Machines/experiments/results_minority/II_x_III/rule76_vs_rule90/metrics.json
76,105,II_x_III,cycle,4,0,7.070076972737315e-17,0.0,0.12969154228855723,0.018537513718564543,0.12686567164179105,coexist,,0.6069651741293532,0.39303482587064675,early,50,cycle,4,/Users/amrkandil/github_repos/thesis/Distributed-Tsetlin-Machines/experiments/results_minority/II_x_III/rule76_vs_rule105/hamming_distance.png,/Users/amrkandil/github_repos/thesis/Distributed-Tsetlin-Machines/experiments/results_minority/II_x_III/rule76_vs_rule105/lag_hamming.png,/Users/amrkandil/github_repos/thesis/Distributed-Tsetlin-Machines/experiments/results_minority/II_x_III/rule76_vs_rule105/metrics.json
76,122,II_x_III,near_cycle,2,0,0.04311774461028209,0.04311774461028192,0.190318407960199,0.023750414231835156,0.1840174129353234,coexist,,0.6758706467661691,0.32412935323383085,early,100,near_cycle,2,/Users/amrkandil/github_repos/thesis/Distributed-Tsetlin-Machines/experiments/results_minority/II_x_III/rule76_vs_rule122/hamming_distance.png,/Users/amrkandil/github_repos/thesis/Distributed-Tsetlin-Machines/experiments/results_minority/II_x_III/rule76_vs_rule122/lag_hamming.png,/Users/amrkandil/github_repos/thesis/Distributed-Tsetlin-Machines/experiments/results_minority/II_x_III/rule76_vs_rule122/metrics.json
76,126,II_x_III,cycle,8,0,0.0,0.0,0.0772636815920398,0.019015846959398827,0.07462686567164178,coexist,,0.6281094527363185,0.3718905472636816,early,50,cycle,8,/Users/amrkandil/github_repos/thesis/Distributed-Tsetlin-Machines/experiments/results_minority/II_x_III/rule76_vs_rule126/hamming_distance.png,/Users/amrkandil/github_repos/thesis/Distributed-Tsetlin-Machines/experiments/results_minority/II_x_III/rule76_vs_rule126/lag_hamming.png,/Users/amrkandil/github_repos/thesis/Distributed-Tsetlin-Machines/experiments/results_minority/II_x_III/rule76_vs_rule126/metrics.json
76,146,II_x_III,near_cycle,4,0,0.08383773826083699,0.08383773826083687,0.19623880597014925,0.03197223492878512,0.1856592039800995,coexist,,0.5817412935323383,0.41825870646766167,late,300,near_cycle,4,/Users/amrkandil/github_repos/thesis/Distributed-Tsetlin-Machines/experiments/results_minority/II_x_III/rule76_vs_rule146/hamming_distance.png,/Users/amrkandil/github_repos/thesis/Distributed-Tsetlin-Machines/experiments/results_minority/II_x_III/rule76_vs_rule146/lag_hamming.png,/Users/amrkandil/github_repos/thesis/Distributed-Tsetlin-Machines/experiments/results_minority/II_x_III/rule76_vs_rule146/metrics.json
76,150,II_x_III,near_cycle,4,0,0.0002631677882624189,0.0002631677882627166,0.11476616915422887,0.02751535075849814,0.10942786069651744,coexist,,0.6728855721393034,0.3271144278606965,late,150,cycle,4,/Users/amrkandil/github_repos/thesis/Distributed-Tsetlin-Machines/experiments/results_minority/II_x_III/rule76_vs_rule150/hamming_distance.png,/Users/amrkandil/github_repos/thesis/Distributed-Tsetlin-Machines/experiments/results_minority/II_x_III/rule76_vs_rule150/lag_hamming.png,/Users/amrkandil/github_repos/thesis/Distributed-Tsetlin-Machines/experiments/results_minority/II_x_III/rule76_vs_rule150/metrics.json
77,18,II_x_III,cycle,4,0,6.363069275463583e-16,0.0,0.1736417910447761,0.024684036358530056,0.16915422885572134,coexist,,0.7686567164179104,0.23134328358208955,early,50,cycle,4,/Users/amrkandil/github_repos/thesis/Distributed-Tsetlin-Machines/experiments/results_minority/II_x_III/rule77_vs_rule18/hamming_distance.png,/Users/amrkandil/github_repos/thesis/Distributed-Tsetlin-Machines/experiments/results_minority/II_x_III/rule77_vs_rule18/lag_hamming.png,/Users/amrkandil/github_repos/thesis/Distributed-Tsetlin-Machines/experiments/results_minority/II_x_III/rule77_vs_rule18/metrics.json
77,22,II_x_III,cycle,4,0,0.0,0.0,0.17176119402985074,0.017559739375048553,0.16915422885572137,coexist,,0.7164179104477612,0.2835820895522388,early,50,cycle,4,/Users/amrkandil/github_repos/thesis/Distributed-Tsetlin-Machines/experiments/results_minority/II_x_III/rule77_vs_rule22/hamming_distance.png,/Users/amrkandil/github_repos/thesis/Distributed-Tsetlin-Machines/experiments/results_minority/II_x_III/rule77_vs_rule22/lag_hamming.png,/Users/amrkandil/github_repos/thesis/Distributed-Tsetlin-Machines/experiments/results_minority/II_x_III/rule77_vs_rule22/metrics.json
77,30,II_x_III,cycle,12,0,0.0,0.0,0.1494626865671642,0.01681579969929305,0.14844527363184082,coexist,,0.6153233830845771,0.3846766169154229,early,50,cycle,12,/Users/amrkandil/github_repos/thesis/Distributed-Tsetlin-Machines/experiments/results_minority/II_x_III/rule77_vs_rule30/hamming_distance.png,/Users/amrkandil/github_repos/thesis/Distributed-Tsetlin-Machines/experiments/results_minority/II_x_III/rule77_vs_rule30/lag_hamming.png,/Users/amrkandil/github_repos/thesis/Distributed-Tsetlin-Machines/experiments/results_minority/II_x_III/rule77_vs_rule30/metrics.json
77,45,II_x_III,cycle,2,0,0.0,0.0,0.05433830845771145,0.03179564429234681,0.04975124378109453,coexist,,0.6666666666666666,0.3333333333333333,early,50,cycle,2,/Users/amrkandil/github_repos/thesis/Distributed-Tsetlin-Machines/experiments/results_minority/II_x_III/rule77_vs_rule45/hamming_distance.png,/Users/amrkandil/github_repos/thesis/Distributed-Tsetlin-Machines/experiments/results_minority/II_x_III/rule77_vs_rule45/lag_hamming.png,/Users/amrkandil/github_repos/thesis/Distributed-Tsetlin-Machines/experiments/results_minority/II_x_III/rule77_vs_rule45/metrics.json
77,60,II_x_III,cycle,4,0,7.070076972737315e-17,0.0,0.17296517412935322,0.022617532653827353,0.1691542288557214,coexist,,0.6990049751243781,0.3009950248756219,early,50,cycle,4,/Users/amrkandil/github_repos/thesis/Distributed-Tsetlin-Machines/experiments/results_minority/II_x_III/rule77_vs_rule60/hamming_distance.png,/Users/amrkandil/github_repos/thesis/Distributed-Tsetlin-Machines/experiments/results_minority/II_x_III/rule77_vs_rule60/lag_hamming.png,/Users/amrkandil/github_repos/thesis/Distributed-Tsetlin-Machines/experiments/results_minority/II_x_III/rule77_vs_rule60/metrics.json
77,90,II_x_III,cycle,12,0,7.070076972737315e-17,0.0,0.028855721393034824,0.026140952967403635,0.02487562189054726,coexist,,0.7271641791044776,0.2728358208955224,early,50,cycle,12,/Users/amrkandil/github_repos/thesis/Distributed-Tsetlin-Machines/experiments/results_minority/II_x_III/rule77_vs_rule90/hamming_distance.png,/Users/amrkandil/github_repos/thesis/Distributed-Tsetlin-Machines/experiments/results_minority/II_x_III/rule77_vs_rule90/lag_hamming.png,/Users/amrkandil/github_repos/thesis/Distributed-Tsetlin-Machines/experiments/results_minority/II_x_III/rule77_vs_rule90/metrics.json
77,105,II_x_III,cycle,4,0,3.535038486368658e-16,0.0,0.1136915422885572,0.029073673369663162,0.10945273631840795,coexist,,0.681592039800995,0.31840796019900497,early,50,cycle,4,/Users/amrkandil/github_repos/thesis/Distributed-Tsetlin-Machines/experiments/results_minority/II_x_III/rule77_vs_rule105/hamming_distance.png,/Users/amrkandil/github_repos/thesis/Distributed-Tsetlin-Machines/experiments/results_minority/II_x_III/rule77_vs_rule105/lag_hamming.png,/Users/amrkandil/github_repos/thesis/Distributed-Tsetlin-Machines/experiments/results_minority/II_x_III/rule77_vs_rule105/metrics.json
77,122,II_x_III,cycle,4,0,2.828030789094926e-16,0.0,0.1414029850746269,0.032323730353591366,0.13432835820895522,coexist,,0.7935323383084577,0.2064676616915423,early,100,cycle,4,/Users/amrkandil/github_repos/thesis/Distributed-Tsetlin-Machines/experiments/results_minority/II_x_III/rule77_vs_rule122/hamming_distance.png,/Users/amrkandil/github_repos/thesis/Distributed-Tsetlin-Machines/experiments/results_minority/II_x_III/rule77_vs_rule122/lag_hamming.png,/Users/amrkandil/github_repos/thesis/Distributed-Tsetlin-Machines/experiments/results_minority/II_x_III/rule77_vs_rule122/metrics.json
77,126,II_x_III,cycle,2,0,3.535038486368658e-16,0.0,0.10719402985074628,0.022276051484516914,0.10447761194029852,coexist,,0.6616915422885572,0.3383084577114428,early,50,cycle,2,/Users/amrkandil/github_repos/thesis/Distributed-Tsetlin-Machines/experiments/results_minority/II_x_III/rule77_vs_rule126/hamming_distance.png,/Users/amrkandil/github_repos/thesis/Distributed-Tsetlin-Machines/experiments/results_minority/II_x_III/rule77_vs_rule126/lag_hamming.png,/Users/amrkandil/github_repos/thesis/Distributed-Tsetlin-Machines/experiments/results_minority/II_x_III/rule77_vs_rule126/metrics.json
77,146,II_x_III,cycle,24,0,0.0,0.0,0.2114825870646766,0.017764702748595228,0.20898009950248755,coexist,,0.7759203980099503,0.22407960199004975,early,50,cycle,24,/Users/amrkandil/github_repos/thesis/Distributed-Tsetlin-Machines/experiments/results_minority/II_x_III/rule77_vs_rule146/hamming_distance.png,/Users/amrkandil/github_repos/thesis/Distributed-Tsetlin-Machines/experiments/results_minority/II_x_III/rule77_vs_rule146/lag_hamming.png,/Users/amrkandil/github_repos/thesis/Distributed-Tsetlin-Machines/experiments/results_minority/II_x_III/rule77_vs_rule146/metrics.json
77,150,II_x_III,cycle,4,0,4.949053880916121e-16,0.0,0.16699502487562187,0.01583750497076223,0.16417910447761191,coexist,,0.7300995024875622,0.26990049751243783,early,50,cycle,4,/Users/amrkandil/github_repos/thesis/Distributed-Tsetlin-Machines/experiments/results_minority/II_x_III/rule77_vs_rule150/hamming_distance.png,/Users/amrkandil/github_repos/thesis/Distributed-Tsetlin-Machines/experiments/results_minority/II_x_III/rule77_vs_rule150/lag_hamming.png,/Users/amrkandil/github_repos/thesis/Distributed-Tsetlin-Machines/experiments/results_minority/II_x_III/rule77_vs_rule150/metrics.json
78,18,II_x_III,cycle,48,0,0.0,0.0,0.15151243781094528,0.0348244079294813,0.14495024875621892,coexist,,0.6945771144278607,0.3054228855721393,early,100,cycle,48,/Users/amrkandil/github_repos/thesis/Distributed-Tsetlin-Machines/experiments/results_minority/II_x_III/rule78_vs_rule18/hamming_distance.png,/Users/amrkandil/github_repos/thesis/Distributed-Tsetlin-Machines/experiments/results_minority/II_x_III/rule78_vs_rule18/lag_hamming.png,/Users/amrkandil/github_repos/thesis/Distributed-Tsetlin-Machines/experiments/results_minority/II_x_III/rule78_vs_rule18/metrics.json
78,22,II_x_III,cycle,20,0,0.0,0.0,0.15565174129353232,0.0222027733510168,0.15273631840796018,coexist,,0.6447761194029851,0.35522388059701493,early,50,cycle,20,/Users/amrkandil/github_repos/thesis/Distributed-Tsetlin-Machines/experiments/results_minority/II_x_III/rule78_vs_rule22/hamming_distance.png,/Users/amrkandil/github_repos/thesis/Distributed-Tsetlin-Machines/experiments/results_minority/II_x_III/rule78_vs_rule22/lag_hamming.png,/Users/amrkandil/github_repos/thesis/Distributed-Tsetlin-Machines/experiments/results_minority/II_x_III/rule78_vs_rule22/metrics.json
78,30,II_x_III,near_cycle,2,0,0.0026683624484116165,0.0026683624484095812,0.045641791044776114,0.037259571075653364,0.03339552238805969,coexist,,0.7014925373134329,0.29850746268656714,late,200,cycle,2,/Users/amrkandil/github_repos/thesis/Distributed-Tsetlin-Machines/experiments/results_minority/II_x_III/rule78_vs_rule30/hamming_distance.png,/Users/amrkandil/github_repos/thesis/Distributed-Tsetlin-Machines/experiments/results_minority/II_x_III/rule78_vs_rule30/lag_hamming.png,/Users/amrkandil/github_repos/thesis/Distributed-Tsetlin-Machines/experiments/results_minority/II_x_III/rule78_vs_rule30/metrics.json
78,45,II_x_III,near_cycle,2,0,0.022381825209789322,0.022381825209790644,0.07485572139303483,0.04714672200384696,0.06036069651741293,coexist,,0.8395522388059702,0.16044776119402984,late,300,cycle,4,/Users/amrkandil/github_repos/thesis/Distributed-Tsetlin-Machines/experiments/results_minority/II_x_III/rule78_vs_rule45/hamming_distance.png,/Users/amrkandil/github_repos/thesis/Distributed-Tsetlin-Machines/experiments/results_minority/II_x_III/rule78_vs_rule45/lag_hamming.png,/Users/amrkandil/github_repos/thesis/Distributed-Tsetlin-Machines/experiments/results_minority/II_x_III/rule78_vs_rule45/metrics.json
78,60,II_x_III,near_cycle,2,0,0.05587351463235202,0.055873514632352024,0.09204975124378109,0.0541548621119937,0.07074626865671642,coexist,,0.8723383084577114,0.12766169154228857,late,334,near_cycle,12,/Users/amrkandil/github_repos/thesis/Distributed-Tsetlin-Machines/experiments/results_minority/II_x_III/rule78_vs_rule60/hamming_distance.png,/Users/amrkandil/github_repos/thesis/Distributed-Tsetlin-Machines/experiments/results_minority/II_x_III/rule78_vs_rule60/lag_hamming.png,/Users/amrkandil/github_repos/thesis/Distributed-Tsetlin-Machines/experiments/results_minority/II_x_III/rule78_vs_rule60/metrics.json
78,90,II_x_III,cycle,4,0,4.949053880916121e-16,0.0,0.061323383084577104,0.03109660649765355,0.05472636815920396,coexist,,0.6368159203980099,0.36318407960199006,early,50,cycle,4,/Users/amrkandil/github_repos/thesis/Distributed-Tsetlin-Machines/experiments/results_minority/II_x_III/rule78_vs_rule90/hamming_distance.png,/Users/amrkandil/github_repos/thesis/Distributed-Tsetlin-Machines/experiments/results_minority/II_x_III/rule78_vs_rule90/lag_hamming.png,/Users/amrkandil/github_repos/thesis/Distributed-Tsetlin-Machines/experiments/results_minority/II_x_III/rule78_vs_rule90/metrics.json
78,105,II_x_III,cycle,12,0,3.535038486368658e-16,0.0,0.15214925373134328,0.03929884600146807,0.14429104477611937,coexist,,0.7358706467661692,0.26412935323383085,early,50,cycle,12,/Users/amrkandil/github_repos/thesis/Distributed-Tsetlin-Machines/experiments/results_minority/II_x_III/rule78_vs_rule105/hamming_distance.png,/Users/amrkandil/github_repos/thesis/Distributed-Tsetlin-Machines/experiments/results_minority/II_x_III/rule78_vs_rule105/lag_hamming.png,/Users/amrkandil/github_repos/thesis/Distributed-Tsetlin-Machines/experiments/results_minority/II_x_III/rule78_vs_rule105/metrics.json
78,122,II_x_III,cycle,8,0,7.070076972737315e-17,0.0,0.13951243781094527,0.046437992168649245,0.12562189054726366,coexist,,0.7593034825870647,0.24069651741293532,early,100,cycle,8,/Users/amrkandil/github_repos/thesis/Distributed-Tsetlin-Machines/experiments/results_minority/II_x_III/rule78_vs_rule122/hamming_distance.png,/Users/amrkandil/github_repos/thesis/Distributed-Tsetlin-Machines/experiments/results_minority/II_x_III/rule78_vs_rule122/lag_hamming.png,/Users/amrkandil/github_repos/thesis/Distributed-Tsetlin-Machines/experiments/results_minority/II_x_III/rule78_vs_rule122/metrics.json
78,126,II_x_III,cycle,6,0,3.535038486368658e-16,0.0,0.10743283582089552,0.02170726300564759,0.1044776119402985,coexist,,0.6234825870646766,0.37651741293532337,early,50,cycle,6,/Users/amrkandil/github_repos/thesis/Distributed-Tsetlin-Machines/experiments/results_minority/II_x_III/rule78_vs_rule126/hamming_distance.png,/Users/amrkandil/github_repos/thesis/Distributed-Tsetlin-Machines/experiments/results_minority/II_x_III/rule78_vs_rule126/lag_hamming.png,/Users/amrkandil/github_repos/thesis/Distributed-Tsetlin-Machines/experiments/results_minority/II_x_III/rule78_vs_rule126/metrics.json
78,146,II_x_III,cycle,8,0,0.0,0.0,0.12467661691542288,0.03906166557486048,0.1144278606965174,coexist,,0.7798009950248757,0.22019900497512437,early,100,cycle,8,/Users/amrkandil/github_repos/thesis/Distributed-Tsetlin-Machines/experiments/results_minority/II_x_III/rule78_vs_rule146/hamming_distance.png,/Users/amrkandil/github_repos/thesis/Distributed-Tsetlin-Machines/experiments/results_minority/II_x_III/rule78_vs_rule146/lag_hamming.png,/Users/amrkandil/github_repos/thesis/Distributed-Tsetlin-Machines/experiments/results_minority/II_x_III/rule78_vs_rule146/metrics.json
78,150,II_x_III,cycle,12,0,2.1210230918211945e-16,0.0,0.10632835820895523,0.025429464347262377,0.10115671641791046,coexist,,0.6534328358208955,0.3465671641791045,early,50,cycle,12,/Users/amrkandil/github_repos/thesis/Distributed-Tsetlin-Machines/experiments/results_minority/II_x_III/rule78_vs_rule150/hamming_distance.png,/Users/amrkandil/github_repos/thesis/Distributed-Tsetlin-Machines/experiments/results_minority/II_x_III/rule78_vs_rule150/lag_hamming.png,/Users/amrkandil/github_repos/thesis/Distributed-Tsetlin-Machines/experiments/results_minority/II_x_III/rule78_vs_rule150/metrics.json
94,18,II_x_III,cycle,36,0,0.0,0.0,0.22786069651741292,0.038768957984007806,0.21899253731343282,coexist,,0.6072636815920398,0.3927363184079602,early,100,cycle,36,/Users/amrkandil/github_repos/thesis/Distributed-Tsetlin-Machines/experiments/results_minority/II_x_III/rule94_vs_rule18/hamming_distance.png,/Users/amrkandil/github_repos/thesis/Distributed-Tsetlin-Machines/experiments/results_minority/II_x_III/rule94_vs_rule18/lag_hamming.png,/Users/amrkandil/github_repos/thesis/Distributed-Tsetlin-Machines/experiments/results_minority/II_x_III/rule94_vs_rule18/metrics.json
94,22,II_x_III,cycle,12,0,7.070076972737315e-17,0.0,0.20083582089552238,0.027596731053917526,0.1940422885572139,coexist,,0.556865671641791,0.44313432835820893,early,100,cycle,12,/Users/amrkandil/github_repos/thesis/Distributed-Tsetlin-Machines/experiments/results_minority/II_x_III/rule94_vs_rule22/hamming_distance.png,/Users/amrkandil/github_repos/thesis/Distributed-Tsetlin-Machines/experiments/results_minority/II_x_III/rule94_vs_rule22/lag_hamming.png,/Users/amrkandil/github_repos/thesis/Distributed-Tsetlin-Machines/experiments/results_minority/II_x_III/rule94_vs_rule22/metrics.json
94,30,II_x_III,cycle,4,0,0.0,0.0,0.22142288557213924,0.021346683559458332,0.21890547263681587,coexist,,0.5149253731343284,0.48507462686567165,early,50,cycle,4,/Users/amrkandil/github_repos/thesis/Distributed-Tsetlin-Machines/experiments/results_minority/II_x_III/rule94_vs_rule30/hamming_distance.png,/Users/amrkandil/github_repos/thesis/Distributed-Tsetlin-Machines/experiments/results_minority/II_x_III/rule94_vs_rule30/lag_hamming.png,/Users/amrkandil/github_repos/thesis/Distributed-Tsetlin-Machines/experiments/results_minority/II_x_III/rule94_vs_rule30/metrics.json
94,45,II_x_III,near_cycle,4,0,0.11673371179367639,0.11673371179367645,0.4174129353233831,0.034783912179643134,0.41708955223880595,coexist,,0.5554726368159204,0.4445273631840796,early,100,near_cycle,4,/Users/amrkandil/github_repos/thesis/Distributed-Tsetlin-Machines/experiments/results_minority/II_x_III/rule94_vs_rule45/hamming_distance.png,/Users/amrkandil/github_repos/thesis/Distributed-Tsetlin-Machines/experiments/results_minority/II_x_III/rule94_vs_rule45/lag_hamming.png,/Users/amrkandil/github_repos/thesis/Distributed-Tsetlin-Machines/experiments/results_minority/II_x_III/rule94_vs_rule45/metrics.json
94,60,II_x_III,near_cycle,4,0,0.18718748825143805,0.18718748825143802,0.45476616915422885,0.03013691026897718,0.45385572139303476,coexist,,0.5454228855721392,0.4545771144278607,late,150,near_cycle,4,/Users/amrkandil/github_repos/thesis/Distributed-Tsetlin-Machines/experiments/results_minority/II_x_III/rule94_vs_rule60/hamming_distance.png,/Users/amrkandil/github_repos/thesis/Distributed-Tsetlin-Machines/experiments/results_minority/II_x_III/rule94_vs_rule60/lag_hamming.png,/Users/amrkandil/github_repos/thesis/Distributed-Tsetlin-Machines/experiments/results_minority/II_x_III/rule94_vs_rule60/metrics.json
94,90,II_x_III,cycle,60,0,0.0,0.0,0.11974129353233832,0.033570617535632556,0.11343283582089551,coexist,,0.5353233830845772,0.4646766169154229,early,100,near_cycle,2,/Users/amrkandil/github_repos/thesis/Distributed-Tsetlin-Machines/experiments/results_minority/II_x_III/rule94_vs_rule90/hamming_distance.png,/Users/amrkandil/github_repos/thesis/Distributed-Tsetlin-Machines/experiments/results_minority/II_x_III/rule94_vs_rule90/lag_hamming.png,/Users/amrkandil/github_repos/thesis/Distributed-Tsetlin-Machines/experiments/results_minority/II_x_III/rule94_vs_rule90/metrics.json
94,105,II_x_III,near_cycle,2,0,0.06355440840908226,0.06355440840908241,0.32742288557213933,0.029943742371904176,0.31834577114427864,coexist,,0.683134328358209,0.316865671641791,late,150,cycle,36,/Users/amrkandil/github_repos/thesis/Distributed-Tsetlin-Machines/experiments/results_minority/II_x_III/rule94_vs_rule105/hamming_distance.png,/Users/amrkandil/github_repos/thesis/Distributed-Tsetlin-Machines/experiments/results_minority/II_x_III/rule94_vs_rule105/lag_hamming.png,/Users/amrkandil/github_repos/thesis/Distributed-Tsetlin-Machines/experiments/results_minority/II_x_III/rule94_vs_rule105/metrics.json
94,122,II_x_III,aperiodic,,,0.20194994799303237,0.2019499479930323,0.4036119402985075,0.03338383491530942,0.4021890547263682,coexist,,0.6001492537313433,0.39985074626865674,never,,aperiodic,,/Users/amrkandil/github_repos/thesis/Distributed-Tsetlin-Machines/experiments/results_minority/II_x_III/rule94_vs_rule122/hamming_distance.png,/Users/amrkandil/github_repos/thesis/Distributed-Tsetlin-Machines/experiments/results_minority/II_x_III/rule94_vs_rule122/lag_hamming.png,/Users/amrkandil/github_repos/thesis/Distributed-Tsetlin-Machines/experiments/results_minority/II_x_III/rule94_vs_rule122/metrics.json
94,126,II_x_III,cycle,12,0,0.0,0.0,0.21420895522388061,0.02545828264716003,0.2106716417910448,coexist,,0.613681592039801,0.386318407960199,early,50,cycle,12,/Users/amrkandil/github_repos/thesis/Distributed-Tsetlin-Machines/experiments/results_minority/II_x_III/rule94_vs_rule126/hamming_distance.png,/Users/amrkandil/github_repos/thesis/Distributed-Tsetlin-Machines/experiments/results_minority/II_x_III/rule94_vs_rule126/lag_hamming.png,/Users/amrkandil/github_repos/thesis/Distributed-Tsetlin-Machines/experiments/results_minority/II_x_III/rule94_vs_rule126/metrics.json
94,146,II_x_III,near_cycle,2,0,0.08087382635693713,0.08087382635693711,0.20167164179104477,0.05601042310011649,0.17864427860696516,coexist,,0.714776119402985,0.2852238805970149,late,300,cycle,12,/Users/amrkandil/github_repos/thesis/Distributed-Tsetlin-Machines/experiments/results_minority/II_x_III/rule94_vs_rule146/hamming_distance.png,/Users/amrkandil/github_repos/thesis/Distributed-Tsetlin-Machines/experiments/results_minority/II_x_III/rule94_vs_rule146/lag_hamming.png,/Users/amrkandil/github_repos/thesis/Distributed-Tsetlin-Machines/experiments/results_minority/II_x_III/rule94_vs_rule146/metrics.json
94,150,II_x_III,near_cycle,2,0,0.05517525156174043,0.05517525156174017,0.15748258706467663,0.052504485258434465,0.13453980099502488,coexist,,0.6787562189054727,0.32124378109452734,late,150,near_cycle,2,/Users/amrkandil/github_repos/thesis/Distributed-Tsetlin-Machines/experiments/results_minority/II_x_III/rule94_vs_rule150/hamming_distance.png,/Users/amrkandil/github_repos/thesis/Distributed-Tsetlin-Machines/experiments/results_minority/II_x_III/rule94_vs_rule150/lag_hamming.png,/Users/amrkandil/github_repos/thesis/Distributed-Tsetlin-Machines/experiments/results_minority/II_x_III/rule94_vs_rule150/metrics.json
104,18,II_x_III,cycle,42,0,2.1210230918211945e-16,0.0,0.07681592039800995,0.02910613593948855,0.0734452736318408,coexist,,0.4595522388059701,0.5404477611940298,early,50,cycle,42,/Users/amrkandil/github_repos/thesis/Distributed-Tsetlin-Machines/experiments/results_minority/II_x_III/rule104_vs_rule18/hamming_distance.png,/Users/amrkandil/github_repos/thesis/Distributed-Tsetlin-Machines/experiments/results_minority/II_x_III/rule104_vs_rule18/lag_hamming.png,/Users/amrkandil/github_repos/thesis/Distributed-Tsetlin-Machines/experiments/results_minority/II_x_III/rule104_vs_rule18/metrics.json
104,22,II_x_III,near_cycle,4,0,0.09271025226512285,0.09271025226512275,0.4581094527363184,0.05319745816492579,0.4690049751243781,coexist,,0.4246268656716418,0.5753731343283582,late,334,near_cycle,4,/Users/amrkandil/github_repos/thesis/Distributed-Tsetlin-Machines/experiments/results_minority/II_x_III/rule104_vs_rule22/hamming_distance.png,/Users/amrkandil/github_repos/thesis/Distributed-Tsetlin-Machines/experiments/results_minority/II_x_III/rule104_vs_rule22/lag_hamming.png,/Users/amrkandil/github_repos/thesis/Distributed-Tsetlin-Machines/experiments/results_minority/II_x_III/rule104_vs_rule22/metrics.json
104,30,II_x_III,aperiodic,,,0.377226368159204,0.423544776119403,0.42045771144278604,0.041620671427691186,0.42354477611940294,coexist,,0.48388059701492536,0.5161194029850746,never,,aperiodic,,/Users/amrkandil/github_repos/thesis/Distributed-Tsetlin-Machines/experiments/results_minority/II_x_III/rule104_vs_rule30/hamming_distance.png,/Users/amrkandil/github_repos/thesis/Distributed-Tsetlin-Machines/experiments/results_minority/II_x_III/rule104_vs_rule30/lag_hamming.png,/Users/amrkandil/github_repos/thesis/Distributed-Tsetlin-Machines/experiments/results_minority/II_x_III/rule104_vs_rule30/metrics.json
104,45,II_x_III,aperiodic,,,0.169532912863504,0.169532912863504,0.26214925373134335,0.047310564859114015,0.24644278606965173,coexist,,0.36134328358208956,0.6386567164179104,late,300,near_cycle,40,/Users/amrkandil/github_repos/thesis/Distributed-Tsetlin-Machines/experiments/results_minority/II_x_III/rule104_vs_rule45/hamming_distance.png,/Users/amrkandil/github_repos/thesis/Distributed-Tsetlin-Machines/experiments/results_minority/II_x_III/rule104_vs_rule45/lag_hamming.png,/Users/amrkandil/github_repos/thesis/Distributed-Tsetlin-Machines/experiments/results_minority/II_x_III/rule104_vs_rule45/metrics.json
104,60,II_x_III,aperiodic,,,0.2889591042004463,0.28895910420044624,0.33421890547263683,0.04548099578069432,0.34300995024875625,coexist,,0.42776119402985074,0.5722388059701492,never,,aperiodic,,/Users/amrkandil/github_repos/thesis/Distributed-Tsetlin-Machines/experiments/results_minority/II_x_III/rule104_vs_rule60/hamming_distance.png,/Users/amrkandil/github_repos/thesis/Distributed-Tsetlin-Machines/experiments/results_minority/II_x_III/rule104_vs_rule60/lag_hamming.png,/Users/amrkandil/github_repos/thesis/Distributed-Tsetlin-Machines/experiments/results_minority/II_x_III/rule104_vs_rule60/metrics.json
104,90,II_x_III,near_cycle,12,0,0.04013352261827147,0.04013352261827111,0.15751243781094526,0.033031379068519655,0.14815920398009952,coexist,,0.4244278606965174,0.5755721393034826,late,334,near_cycle,4,/Users/amrkandil/github_repos/thesis/Distributed-Tsetlin-Machines/experiments/results_minority/II_x_III/rule104_vs_rule90/hamming_distance.png,/Users/amrkandil/github_repos/thesis/Distributed-Tsetlin-Machines/experiments/results_minority/II_x_III/rule104_vs_rule90/lag_hamming.png,/Users/amrkandil/github_repos/thesis/Distributed-Tsetlin-Machines/experiments/results_minority/II_x_III/rule104_vs_rule90/metrics.json
104,105,II_x_III,aperiodic,,,0.2278041966822042,0.2278041966822041,0.4138407960199005,0.031344419153400464,0.41144278606965173,coexist,,0.4046766169154229,0.5953233830845771,never,,aperiodic,,/Users/amrkandil/github_repos/thesis/Distributed-Tsetlin-Machines/experiments/results_minority/II_x_III/rule104_vs_rule105/hamming_distance.png,/Users/amrkandil/github_repos/thesis/Distributed-Tsetlin-Machines/experiments/results_minority/II_x_III/rule104_vs_rule105/lag_hamming.png,/Users/amrkandil/github_repos/thesis/Distributed-Tsetlin-Machines/experiments/results_minority/II_x_III/rule104_vs_rule105/metrics.json
104,122,II_x_III,aperiodic,,,0.3812810945273632,0.4767537313432836,0.469771144278607,0.05213119074022635,0.4767537313432835,coexist,,0.44417910447761194,0.5558208955223881,never,,aperiodic,,/Users/amrkandil/github_repos/thesis/Distributed-Tsetlin-Machines/experiments/results_minority/II_x_III/rule104_vs_rule122/hamming_distance.png,/Users/amrkandil/github_repos/thesis/Distributed-Tsetlin-Machines/experiments/results_minority/II_x_III/rule104_vs_rule122/lag_hamming.png,/Users/amrkandil/github_repos/thesis/Distributed-Tsetlin-Machines/experiments/results_minority/II_x_III/rule104_vs_rule122/metrics.json
104,126,II_x_III,aperiodic,,,0.42266169154228855,0.42266169154228855,0.4194228855721393,0.048488345256894855,0.4226616915422886,coexist,,0.5247263681592039,0.475273631840796,never,,aperiodic,,/Users/amrkandil/github_repos/thesis/Distributed-Tsetlin-Machines/experiments/results_minority/II_x_III/rule104_vs_rule126/hamming_distance.png,/Users/amrkandil/github_repos/thesis/Distributed-Tsetlin-Machines/experiments/results_minority/II_x_III/rule104_vs_rule126/lag_hamming.png,/Users/amrkandil/github_repos/thesis/Distributed-Tsetlin-Machines/experiments/results_minority/II_x_III/rule104_vs_rule126/metrics.json
104,146,II_x_III,cycle,42,0,2.1210230918211945e-16,0.0,0.07727363184079601,0.029064681726594238,0.0734452736318408,coexist,,0.4595522388059701,0.5404477611940298,early,50,cycle,42,/Users/amrkandil/github_repos/thesis/Distributed-Tsetlin-Machines/experiments/results_minority/II_x_III/rule104_vs_rule146/hamming_distance.png,/Users/amrkandil/github_repos/thesis/Distributed-Tsetlin-Machines/experiments/results_minority/II_x_III/rule104_vs_rule146/lag_hamming.png,/Users/amrkandil/github_repos/thesis/Distributed-Tsetlin-Machines/experiments/results_minority/II_x_III/rule104_vs_rule146/metrics.json
104,150,II_x_III,near_cycle,4,0,0.15759990977104404,0.15759990977104402,0.45051741293532344,0.03915997606173065,0.45819651741293527,coexist,,0.4501990049751244,0.5498009950248757,late,200,near_cycle,4,/Users/amrkandil/github_repos/thesis/Distributed-Tsetlin-Machines/experiments/results_minority/II_x_III/rule104_vs_rule150/hamming_distance.png,/Users/amrkandil/github_repos/thesis/Distributed-Tsetlin-Machines/experiments/results_minority/II_x_III/rule104_vs_rule150/lag_hamming.png,/Users/amrkandil/github_repos/thesis/Distributed-Tsetlin-Machines/experiments/results_minority/II_x_III/rule104_vs_rule150/metrics.json
108,18,II_x_III,near_cycle,12,0,0.08003683382573001,0.08003683382572996,0.22599004975124376,0.029850839137500643,0.21809701492537312,coexist,,0.4808457711442786,0.5191542288557214,late,334,near_cycle,12,/Users/amrkandil/github_repos/thesis/Distributed-Tsetlin-Machines/experiments/results_minority/II_x_III/rule108_vs_rule18/hamming_distance.png,/Users/amrkandil/github_repos/thesis/Distributed-Tsetlin-Machines/experiments/results_minority/II_x_III/rule108_vs_rule18/lag_hamming.png,/Users/amrkandil/github_repos/thesis/Distributed-Tsetlin-Machines/experiments/results_minority/II_x_III/rule108_vs_rule18/metrics.json
108,22,II_x_III,near_cycle,4,0,0.03205634297028726,0.0320563429702871,0.2978805970149255,0.02220161391886771,0.29394278606965174,coexist,,0.4798507462686567,0.5201492537313432,late,150,near_cycle,4,/Users/amrkandil/github_repos/thesis/Distributed-Tsetlin-Machines/experiments/results_minority/II_x_III/rule108_vs_rule22/hamming_distance.png,/Users/amrkandil/github_repos/thesis/Distributed-Tsetlin-Machines/experiments/results_minority/II_x_III/rule108_vs_rule22/lag_hamming.png,/Users/amrkandil/github_repos/thesis/Distributed-Tsetlin-Machines/experiments/results_minority/II_x_III/rule108_vs_rule22/metrics.json
108,30,II_x_III,cycle,12,0,7.070076972737315e-17,0.0,0.1558407960199005,0.03981064062226057,0.14345771144278607,coexist,,0.4021393034825871,0.5978606965174129,early,100,cycle,12,/Users/amrkandil/github_repos/thesis/Distributed-Tsetlin-Machines/experiments/results_minority/II_x_III/rule108_vs_rule30/hamming_distance.png,/Users/amrkandil/github_repos/thesis/Distributed-Tsetlin-Machines/experiments/results_minority/II_x_III/rule108_vs_rule30/lag_hamming.png,/Users/amrkandil/github_repos/thesis/Distributed-Tsetlin-Machines/experiments/results_minority/II_x_III/rule108_vs_rule30/metrics.json
108,45,II_x_III,cycle,8,0,0.0,0.0,0.15267661691542286,0.0277746788697398,0.14676616915422883,coexist,,0.5135820895522388,0.48641791044776117,early,100,cycle,8,/Users/amrkandil/github_repos/thesis/Distributed-Tsetlin-Machines/experiments/results_minority/II_x_III/rule108_vs_rule45/hamming_distance.png,/Users/amrkandil/github_repos/thesis/Distributed-Tsetlin-Machines/experiments/results_minority/II_x_III/rule108_vs_rule45/lag_hamming.png,/Users/amrkandil/github_repos/thesis/Distributed-Tsetlin-Machines/experiments/results_minority/II_x_III/rule108_vs_rule45/metrics.json
108,60,II_x_III,aperiodic,,,0.3029850746268657,0.3029850746268657,0.29992039800995024,0.040428922319998055,0.30298507462686564,coexist,,0.4573134328358209,0.5426865671641791,never,,aperiodic,,/Users/amrkandil/github_repos/thesis/Distributed-Tsetlin-Machines/experiments/results_minority/II_x_III/rule108_vs_rule60/hamming_distance.png,/Users/amrkandil/github_repos/thesis/Distributed-Tsetlin-Machines/experiments/results_minority/II_x_III/rule108_vs_rule60/lag_hamming.png,/Users/amrkandil/github_repos/thesis/Distributed-Tsetlin-Machines/experiments/results_minority/II_x_III/rule108_vs_rule60/metrics.json
108,90,II_x_III,near_cycle,2,0,0.10319330664970887,0.10319330664970885,0.2335820895522388,0.026286129798558003,0.22859452736318409,coexist,,0.5393034825870647,0.4606965174129353,late,334,near_cycle,2,/Users/amrkandil/github_repos/thesis/Distributed-Tsetlin-Machines/experiments/results_minority/II_x_III/rule108_vs_rule90/hamming_distance.png,/Users/amrkandil/github_repos/thesis/Distributed-Tsetlin-Machines/experiments/results_minority/II_x_III/rule108_vs_rule90/lag_hamming.png,/Users/amrkandil/github_repos/thesis/Distributed-Tsetlin-Machines/experiments/results_minority/II_x_III/rule108_vs_rule90/metrics.json
108,105,II_x_III,cycle,60,0,2.1210230918211945e-16,0.0,0.24299502487562188,0.022491213986058405,0.23730099502487562,coexist,,0.5590547263681592,0.4409452736318408,late,334,near_cycle,4,/Users/amrkandil/github_repos/thesis/Distributed-Tsetlin-Machines/experiments/results_minority/II_x_III/rule108_vs_rule105/hamming_distance.png,/Users/amrkandil/github_repos/thesis/Distributed-Tsetlin-Machines/experiments/results_minority/II_x_III/rule108_vs_rule105/lag_hamming.png,/Users/amrkandil/github_repos/thesis/Distributed-Tsetlin-Machines/experiments/results_minority/II_x_III/rule108_vs_rule105/metrics.json
108,122,II_x_III,aperiodic,,,0.44670398009950246,0.44670398009950246,0.44474626865671646,0.04672771892408849,0.44670398009950246,coexist,,0.48965174129353234,0.5103482587064677,never,,aperiodic,,/Users/amrkandil/github_repos/thesis/Distributed-Tsetlin-Machines/experiments/results_minority/II_x_III/rule108_vs_rule122/hamming_distance.png,/Users/amrkandil/github_repos/thesis/Distributed-Tsetlin-Machines/experiments/results_minority/II_x_III/rule108_vs_rule122/lag_hamming.png,/Users/amrkandil/github_repos/thesis/Distributed-Tsetlin-Machines/experiments/results_minority/II_x_III/rule108_vs_rule122/metrics.json
108,126,II_x_III,aperiodic,,,0.41742537313432837,0.41742537313432837,0.4150646766169154,0.047663876807785104,0.4174253731343283,coexist,,0.531044776119403,0.468955223880597,never,,aperiodic,,/Users/amrkandil/github_repos/thesis/Distributed-Tsetlin-Machines/experiments/results_minority/II_x_III/rule108_vs_rule126/hamming_distance.png,/Users/amrkandil/github_repos/thesis/Distributed-Tsetlin-Machines/experiments/results_minority/II_x_III/rule108_vs_rule126/lag_hamming.png,/Users/amrkandil/github_repos/thesis/Distributed-Tsetlin-Machines/experiments/results_minority/II_x_III/rule108_vs_rule126/metrics.json
108,146,II_x_III,near_cycle,24,0,0.12763767370046317,0.1276376737004632,0.25278606965174133,0.029432349741511477,0.2458830845771144,coexist,,0.44661691542288556,0.5533830845771144,late,334,near_cycle,12,/Users/amrkandil/github_repos/thesis/Distributed-Tsetlin-Machines/experiments/results_minority/II_x_III/rule108_vs_rule146/hamming_distance.png,/Users/amrkandil/github_repos/thesis/Distributed-Tsetlin-Machines/experiments/results_minority/II_x_III/rule108_vs_rule146/lag_hamming.png,/Users/amrkandil/github_repos/thesis/Distributed-Tsetlin-Machines/experiments/results_minority/II_x_III/rule108_vs_rule146/metrics.json
108,150,II_x_III,near_cycle,4,0,0.08151935536423685,0.08151935536423675,0.3390248756218905,0.020999070605927185,0.3398880597014926,coexist,,0.4944278606965174,0.5055721393034825,late,150,cycle,48,/Users/amrkandil/github_repos/thesis/Distributed-Tsetlin-Machines/experiments/results_minority/II_x_III/rule108_vs_rule150/hamming_distance.png,/Users/amrkandil/github_repos/thesis/Distributed-Tsetlin-Machines/experiments/results_minority/II_x_III/rule108_vs_rule150/lag_hamming.png,/Users/amrkandil/github_repos/thesis/Distributed-Tsetlin-Machines/experiments/results_minority/II_x_III/rule108_vs_rule150/metrics.json
130,18,II_x_III,near_cycle,24,0,0.06883355107750376,0.06883355107750373,0.3884278606965174,0.02505434503125999,0.38675373134328356,coexist,,0.41865671641791047,0.5813432835820895,late,250,near_cycle,24,/Users/amrkandil/github_repos/thesis/Distributed-Tsetlin-Machines/experiments/results_minority/II_x_III/rule130_vs_rule18/hamming_distance.png,/Users/amrkandil/github_repos/thesis/Distributed-Tsetlin-Machines/experiments/results_minority/II_x_III/rule130_vs_rule18/lag_hamming.png,/Users/amrkandil/github_repos/thesis/Distributed-Tsetlin-Machines/experiments/results_minority/II_x_III/rule130_vs_rule18/metrics.json
130,22,II_x_III,aperiodic,,,0.3168283582089553,0.4631965174129353,0.46298507462686567,0.04088825878770615,0.4631965174129353,coexist,,0.49512437810945276,0.5048756218905472,never,,aperiodic,,/Users/amrkandil/github_repos/thesis/Distributed-Tsetlin-Machines/experiments/results_minority/II_x_III/rule130_vs_rule22/hamming_distance.png,/Users/amrkandil/github_repos/thesis/Distributed-Tsetlin-Machines/experiments/results_minority/II_x_III/rule130_vs_rule22/lag_hamming.png,/Users/amrkandil/github_repos/thesis/Distributed-Tsetlin-Machines/experiments/results_minority/II_x_III/rule130_vs_rule22/metrics.json
130,30,II_x_III,aperiodic,,,0.35225124378109457,0.45879353233830844,0.45977114427860694,0.03848785416137896,0.4587935323383084,coexist,,0.4608457711442786,0.5391542288557214,never,,aperiodic,,/Users/amrkandil/github_repos/thesis/Distributed-Tsetlin-Machines/experiments/results_minority/II_x_III/rule130_vs_rule30/hamming_distance.png,/Users/amrkandil/github_repos/thesis/Distributed-Tsetlin-Machines/experiments/results_minority/II_x_III/rule130_vs_rule30/lag_hamming.png,/Users/amrkandil/github_repos/thesis/Distributed-Tsetlin-Machines/experiments/results_minority/II_x_III/rule130_vs_rule30/metrics.json
130,45,II_x_III,aperiodic,,,0.36894474993453785,0.5208169677926159,0.4230845771144279,0.02713628221459943,0.4239179104477611,coexist,,0.43149253731343284,0.5685074626865672,never,,aperiodic,,/Users/amrkandil/github_repos/thesis/Distributed-Tsetlin-Machines/experiments/results_minority/II_x_III/rule130_vs_rule45/hamming_distance.png,/Users/amrkandil/github_repos/thesis/Distributed-Tsetlin-Machines/experiments/results_minority/II_x_III/rule130_vs_rule45/lag_hamming.png,/Users/amrkandil/github_repos/thesis/Distributed-Tsetlin-Machines/experiments/results_minority/II_x_III/rule130_vs_rule45/metrics.json
130,60,II_x_III,aperiodic,,,0.29467661691542296,0.3409950248756219,0.33813930348258703,0.043080338283779586,0.3409950248756219,coexist,,0.4393532338308458,0.5606467661691542,never,,aperiodic,,/Users/amrkandil/github_repos/thesis/Distributed-Tsetlin-Machines/experiments/results_minority/II_x_III/rule130_vs_rule60/hamming_distance.png,/Users/amrkandil/github_repos/thesis/Distributed-Tsetlin-Machines/experiments/results_minority/II_x_III/rule130_vs_rule60/lag_hamming.png,/Users/amrkandil/github_repos/thesis/Distributed-Tsetlin-Machines/experiments/results_minority/II_x_III/rule130_vs_rule60/metrics.json
130,90,II_x_III,near_cycle,80,0,0.11562127059407014,0.11562127059407015,0.44148258706467663,0.02140191647172414,0.44329601990049744,coexist,,0.4064676616915423,0.5935323383084578,never,,aperiodic,,/Users/amrkandil/github_repos/thesis/Distributed-Tsetlin-Machines/experiments/results_minority/II_x_III/rule130_vs_rule90/hamming_distance.png,/Users/amrkandil/github_repos/thesis/Distributed-Tsetlin-Machines/experiments/results_minority/II_x_III/rule130_vs_rule90/lag_hamming.png,/Users/amrkandil/github_repos/thesis/Distributed-Tsetlin-Machines/experiments/results_minority/II_x_III/rule130_vs_rule90/metrics.json
130,105,II_x_III,cycle,42,0,0.0,0.0,0.5154925373134329,0.014132334490330337,0.5174004975124379,coexist,,0.4627363184079602,0.5372636815920399,early,100,cycle,42,/Users/amrkandil/github_repos/thesis/Distributed-Tsetlin-Machines/experiments/results_minority/II_x_III/rule130_vs_rule105/hamming_distance.png,/Users/amrkandil/github_repos/thesis/Distributed-Tsetlin-Machines/experiments/results_minority/II_x_III/rule130_vs_rule105/lag_hamming.png,/Users/amrkandil/github_repos/thesis/Distributed-Tsetlin-Machines/experiments/results_minority/II_x_III/rule130_vs_rule105/metrics.json
130,122,II_x_III,near_cycle,2,0,0.03685831494158279,0.036858314941582815,0.8151840796019901,0.04988591127223993,0.8295771144278608,coexist,,0.20592039800995024,0.7940796019900498,late,150,cycle,12,/Users/amrkandil/github_repos/thesis/Distributed-Tsetlin-Machines/experiments/results_minority/II_x_III/rule130_vs_rule122/hamming_distance.png,/Users/amrkandil/github_repos/thesis/Distributed-Tsetlin-Machines/experiments/results_minority/II_x_III/rule130_vs_rule122/lag_hamming.png,/Users/amrkandil/github_repos/thesis/Distributed-Tsetlin-Machines/experiments/results_minority/II_x_III/rule130_vs_rule122/metrics.json
130,126,II_x_III,cycle,4,0,0.0,0.0,0.17050746268656714,0.029645236189178196,0.16417910447761194,coexist,,0.48258706467661694,0.5174129353233831,early,100,cycle,4,/Users/amrkandil/github_repos/thesis/Distributed-Tsetlin-Machines/experiments/results_minority/II_x_III/rule130_vs_rule126/hamming_distance.png,/Users/amrkandil/github_repos/thesis/Distributed-Tsetlin-Machines/experiments/results_minority/II_x_III/rule130_vs_rule126/lag_hamming.png,/Users/amrkandil/github_repos/thesis/Distributed-Tsetlin-Machines/experiments/results_minority/II_x_III/rule130_vs_rule126/metrics.json
130,146,II_x_III,near_cycle,24,0,0.07387465853755115,0.07387465853755097,0.38376119402985076,0.02288854836801345,0.3810199004975124,coexist,,0.4236318407960199,0.5763681592039801,late,150,cycle,48,/Users/amrkandil/github_repos/thesis/Distributed-Tsetlin-Machines/experiments/results_minority/II_x_III/rule130_vs_rule146/hamming_distance.png,/Users/amrkandil/github_repos/thesis/Distributed-Tsetlin-Machines/experiments/results_minority/II_x_III/rule130_vs_rule146/lag_hamming.png,/Users/amrkandil/github_repos/thesis/Distributed-Tsetlin-Machines/experiments/results_minority/II_x_III/rule130_vs_rule146/metrics.json
130,150,II_x_III,aperiodic,,,0.35621890547263685,0.4471144278606965,0.447910447761194,0.034497779345672074,0.44711442786069655,coexist,,0.4629353233830846,0.5370646766169154,never,,aperiodic,,/Users/amrkandil/github_repos/thesis/Distributed-Tsetlin-Machines/experiments/results_minority/II_x_III/rule130_vs_rule150/hamming_distance.png,/Users/amrkandil/github_repos/thesis/Distributed-Tsetlin-Machines/experiments/results_minority/II_x_III/rule130_vs_rule150/lag_hamming.png,/Users/amrkandil/github_repos/thesis/Distributed-Tsetlin-Machines/experiments/results_minority/II_x_III/rule130_vs_rule150/metrics.json
132,18,II_x_III,cycle,42,0,0.0,0.0,0.1406169154228856,0.02055292707417976,0.13741293532338308,coexist,,0.4128358208955224,0.5871641791044776,early,50,cycle,42,/Users/amrkandil/github_repos/thesis/Distributed-Tsetlin-Machines/experiments/results_minority/II_x_III/rule132_vs_rule18/hamming_distance.png,/Users/amrkandil/github_repos/thesis/Distributed-Tsetlin-Machines/experiments/results_minority/II_x_III/rule132_vs_rule18/lag_hamming.png,/Users/amrkandil/github_repos/thesis/Distributed-Tsetlin-Machines/experiments/results_minority/II_x_III/rule132_vs_rule18/metrics.json
132,22,II_x_III,near_cycle,20,0,0.04450189994907352,0.04450189994907353,0.1059004975124378,0.026241224557753365,0.10236318407960197,coexist,,0.4816417910447761,0.5183582089552239,early,100,near_cycle,20,/Users/amrkandil/github_repos/thesis/Distributed-Tsetlin-Machines/experiments/results_minority/II_x_III/rule132_vs_rule22/hamming_distance.png,/Users/amrkandil/github_repos/thesis/Distributed-Tsetlin-Machines/experiments/results_minority/II_x_III/rule132_vs_rule22/lag_hamming.png,/Users/amrkandil/github_repos/thesis/Distributed-Tsetlin-Machines/experiments/results_minority/II_x_III/rule132_vs_rule22/metrics.json
132,30,II_x_III,near_cycle,12,0,0.1022778140147592,0.1022778140147591,0.22854726368159203,0.034830900844967226,0.23167910447761195,coexist,,0.45666666666666667,0.5433333333333333,late,334,near_cycle,12,/Users/amrkandil/github_repos/thesis/Distributed-Tsetlin-Machines/experiments/results_minority/II_x_III/rule132_vs_rule30/hamming_distance.png,/Users/amrkandil/github_repos/thesis/Distributed-Tsetlin-Machines/experiments/results_minority/II_x_III/rule132_vs_rule30/lag_hamming.png,/Users/amrkandil/github_repos/thesis/Distributed-Tsetlin-Machines/experiments/results_minority/II_x_III/rule132_vs_rule30/metrics.json
132,45,II_x_III,cycle,4,0,0.0,0.0,0.042477611940298504,0.021387570747299255,0.039800995024875614,coexist,,0.43532338308457713,0.5646766169154229,early,50,cycle,4,/Users/amrkandil/github_repos/thesis/Distributed-Tsetlin-Machines/experiments/results_minority/II_x_III/rule132_vs_rule45/hamming_distance.png,/Users/amrkandil/github_repos/thesis/Distributed-Tsetlin-Machines/experiments/results_minority/II_x_III/rule132_vs_rule45/lag_hamming.png,/Users/amrkandil/github_repos/thesis/Distributed-Tsetlin-Machines/experiments/results_minority/II_x_III/rule132_vs_rule45/metrics.json
132,60,II_x_III,cycle,2,0,0.0,0.0,0.12084577114427857,0.013081739283278668,0.11940298507462684,coexist,,0.4651741293532338,0.5348258706467661,early,50,cycle,2,/Users/amrkandil/github_repos/thesis/Distributed-Tsetlin-Machines/experiments/results_minority/II_x_III/rule132_vs_rule60/hamming_distance.png,/Users/amrkandil/github_repos/thesis/Distributed-Tsetlin-Machines/experiments/results_minority/II_x_III/rule132_vs_rule60/lag_hamming.png,/Users/amrkandil/github_repos/thesis/Distributed-Tsetlin-Machines/experiments/results_minority/II_x_III/rule132_vs_rule60/metrics.json
132,90,II_x_III,cycle,84,0,0.0,0.0,0.14685572139303482,0.02317878145000704,0.14189054726368158,coexist,,0.41139303482587064,0.5886069651741294,early,50,near_cycle,6,/Users/amrkandil/github_repos/thesis/Distributed-Tsetlin-Machines/experiments/results_minority/II_x_III/rule132_vs_rule90/hamming_distance.png,/Users/amrkandil/github_repos/thesis/Distributed-Tsetlin-Machines/experiments/results_minority/II_x_III/rule132_vs_rule90/lag_hamming.png,/Users/amrkandil/github_repos/thesis/Distributed-Tsetlin-Machines/experiments/results_minority/II_x_III/rule132_vs_rule90/metrics.json
132,105,II_x_III,cycle,2,0,0.0,0.0,0.44043781094527357,0.01491974686659274,0.4427860696517412,coexist,,0.4651741293532338,0.5348258706467661,early,50,cycle,2,/Users/amrkandil/github_repos/thesis/Distributed-Tsetlin-Machines/experiments/results_minority/II_x_III/rule132_vs_rule105/hamming_distance.png,/Users/amrkandil/github_repos/thesis/Distributed-Tsetlin-Machines/experiments/results_minority/II_x_III/rule132_vs_rule105/lag_hamming.png,/Users/amrkandil/github_repos/thesis/Distributed-Tsetlin-Machines/experiments/results_minority/II_x_III/rule132_vs_rule105/metrics.json
132,122,II_x_III,cycle,2,0,0.0,0.0,0.42533333333333323,0.01664841653207356,0.4278606965174129,coexist,,0.30597014925373134,0.6940298507462687,early,50,cycle,2,/Users/amrkandil/github_repos/thesis/Distributed-Tsetlin-Machines/experiments/results_minority/II_x_III/rule132_vs_rule122/hamming_distance.png,/Users/amrkandil/github_repos/thesis/Distributed-Tsetlin-Machines/experiments/results_minority/II_x_III/rule132_vs_rule122/lag_hamming.png,/Users/amrkandil/github_repos/thesis/Distributed-Tsetlin-Machines/experiments/results_minority/II_x_III/rule132_vs_rule122/metrics.json
132,126,II_x_III,cycle,24,0,7.070076972737315e-17,0.0,0.20451741293532336,0.016173620508300734,0.20271144278606967,coexist,,0.4781094527363184,0.5218905472636816,early,50,cycle,24,/Users/amrkandil/github_repos/thesis/Distributed-Tsetlin-Machines/experiments/results_minority/II_x_III/rule132_vs_rule126/hamming_distance.png,/Users/amrkandil/github_repos/thesis/Distributed-Tsetlin-Machines/experiments/results_minority/II_x_III/rule132_vs_rule126/lag_hamming.png,/Users/amrkandil/github_repos/thesis/Distributed-Tsetlin-Machines/experiments/results_minority/II_x_III/rule132_vs_rule126/metrics.json
132,146,II_x_III,cycle,84,0,0.0,0.0,0.12214925373134328,0.021321932053995137,0.11868159203980098,coexist,,0.42592039800995024,0.5740796019900497,early,100,near_cycle,6,/Users/amrkandil/github_repos/thesis/Distributed-Tsetlin-Machines/experiments/results_minority/II_x_III/rule132_vs_rule146/hamming_distance.png,/Users/amrkandil/github_repos/thesis/Distributed-Tsetlin-Machines/experiments/results_minority/II_x_III/rule132_vs_rule146/lag_hamming.png,/Users/amrkandil/github_repos/thesis/Distributed-Tsetlin-Machines/experiments/results_minority/II_x_III/rule132_vs_rule146/metrics.json
132,150,II_x_III,near_cycle,24,0,0.07995829869221553,0.07995829869221531,0.1396915422885572,0.02941973914668725,0.1347636815920398,coexist,,0.4744776119402985,0.5255223880597015,late,334,near_cycle,24,/Users/amrkandil/github_repos/thesis/Distributed-Tsetlin-Machines/experiments/results_minority/II_x_III/rule132_vs_rule150/hamming_distance.png,/Users/amrkandil/github_repos/thesis/Distributed-Tsetlin-Machines/experiments/results_minority/II_x_III/rule132_vs_rule150/lag_hamming.png,/Users/amrkandil/github_repos/thesis/Distributed-Tsetlin-Machines/experiments/results_minority/II_x_III/rule132_vs_rule150/metrics.json
134,18,II_x_III,aperiodic,,,0.30723880597014924,0.4925621890547264,0.4929253731343283,0.03599182408142026,0.4925621890547264,coexist,,0.42318407960199006,0.57681592039801,never,,aperiodic,,/Users/amrkandil/github_repos/thesis/Distributed-Tsetlin-Machines/experiments/results_minority/II_x_III/rule134_vs_rule18/hamming_distance.png,/Users/amrkandil/github_repos/thesis/Distributed-Tsetlin-Machines/experiments/results_minority/II_x_III/rule134_vs_rule18/lag_hamming.png,/Users/amrkandil/github_repos/thesis/Distributed-Tsetlin-Machines/experiments/results_minority/II_x_III/rule134_vs_rule18/metrics.json
134,22,II_x_III,aperiodic,,,0.3614259529420567,0.49374680482300276,0.44528358208955227,0.040228425025658765,0.4458457711442786,coexist,,0.5154726368159204,0.48452736318407963,never,,aperiodic,,/Users/amrkandil/github_repos/thesis/Distributed-Tsetlin-Machines/experiments/results_minority/II_x_III/rule134_vs_rule22/hamming_distance.png,/Users/amrkandil/github_repos/thesis/Distributed-Tsetlin-Machines/experiments/results_minority/II_x_III/rule134_vs_rule22/lag_hamming.png,/Users/amrkandil/github_repos/thesis/Distributed-Tsetlin-Machines/experiments/results_minority/II_x_III/rule134_vs_rule22/metrics.json
134,30,II_x_III,aperiodic,,,0.40075870646766165,0.4415049751243781,0.44146268656716414,0.03435187167891089,0.4415049751243781,coexist,,0.5060696517412935,0.49393034825870646,never,,aperiodic,,/Users/amrkandil/github_repos/thesis/Distributed-Tsetlin-Machines/experiments/results_minority/II_x_III/rule134_vs_rule30/hamming_distance.png,/Users/amrkandil/github_repos/thesis/Distributed-Tsetlin-Machines/experiments/results_minority/II_x_III/rule134_vs_rule30/lag_hamming.png,/Users/amrkandil/github_repos/thesis/Distributed-Tsetlin-Machines/experiments/results_minority/II_x_III/rule134_vs_rule30/metrics.json
134,45,II_x_III,aperiodic,,,0.3620119951620345,0.5278494744323495,0.413502487562189,0.03258649652005563,0.4144278606965174,coexist,,0.4463681592039801,0.5536318407960199,never,,aperiodic,,/Users/amrkandil/github_repos/thesis/Distributed-Tsetlin-Machines/experiments/results_minority/II_x_III/rule134_vs_rule45/hamming_distance.png,/Users/amrkandil/github_repos/thesis/Distributed-Tsetlin-Machines/experiments/results_minority/II_x_III/rule134_vs_rule45/lag_hamming.png,/Users/amrkandil/github_repos/thesis/Distributed-Tsetlin-Machines/experiments/results_minority/II_x_III/rule134_vs_rule45/metrics.json
134,60,II_x_III,aperiodic,,,0.35751243781094527,0.39450248756218903,0.38916417910447765,0.04618049590492399,0.39450248756218903,coexist,,0.45164179104477614,0.5483582089552239,never,,aperiodic,,/Users/amrkandil/github_repos/thesis/Distributed-Tsetlin-Machines/experiments/results_minority/II_x_III/rule134_vs_rule60/hamming_distance.png,/Users/amrkandil/github_repos/thesis/Distributed-Tsetlin-Machines/experiments/results_minority/II_x_III/rule134_vs_rule60/lag_hamming.png,/Users/amrkandil/github_repos/thesis/Distributed-Tsetlin-Machines/experiments/results_minority/II_x_III/rule134_vs_rule60/metrics.json
134,90,II_x_III,aperiodic,,,0.3285696517412936,0.4937686567164179,0.49188059701492537,0.03575539063146885,0.49376865671641795,coexist,,0.42890547263681594,0.5710945273631841,never,,aperiodic,,/Users/amrkandil/github_repos/thesis/Distributed-Tsetlin-Machines/experiments/results_minority/II_x_III/rule134_vs_rule90/hamming_distance.png,/Users/amrkandil/github_repos/thesis/Distributed-Tsetlin-Machines/experiments/results_minority/II_x_III/rule134_vs_rule90/lag_hamming.png,/Users/amrkandil/github_repos/thesis/Distributed-Tsetlin-Machines/experiments/results_minority/II_x_III/rule134_vs_rule90/metrics.json
134,105,II_x_III,cycle,72,0,7.070076972737315e-17,0.0,0.47766169154228855,0.025037236198421214,0.4797139303482587,coexist,,0.43029850746268655,0.5697014925373134,late,334,near_cycle,4,/Users/amrkandil/github_repos/thesis/Distributed-Tsetlin-Machines/experiments/results_minority/II_x_III/rule134_vs_rule105/hamming_distance.png,/Users/amrkandil/github_repos/thesis/Distributed-Tsetlin-Machines/experiments/results_minority/II_x_III/rule134_vs_rule105/lag_hamming.png,/Users/amrkandil/github_repos/thesis/Distributed-Tsetlin-Machines/experiments/results_minority/II_x_III/rule134_vs_rule105/metrics.json
134,122,II_x_III,aperiodic,,,0.3193930098879039,0.3193930098879038,0.6152338308457711,0.04347010647760514,0.6254601990049751,coexist,,0.39502487562189054,0.6049751243781094,never,,aperiodic,,/Users/amrkandil/github_repos/thesis/Distributed-Tsetlin-Machines/experiments/results_minority/II_x_III/rule134_vs_rule122/hamming_distance.png,/Users/amrkandil/github_repos/thesis/Distributed-Tsetlin-Machines/experiments/results_minority/II_x_III/rule134_vs_rule122/lag_hamming.png,/Users/amrkandil/github_repos/thesis/Distributed-Tsetlin-Machines/experiments/results_minority/II_x_III/rule134_vs_rule122/metrics.json
134,126,II_x_III,cycle,20,0,7.070076972737315e-17,0.0,0.2110646766169154,0.024440079626328624,0.2044776119402985,coexist,,0.5144278606965174,0.4855721393034826,early,100,cycle,20,/Users/amrkandil/github_repos/thesis/Distributed-Tsetlin-Machines/experiments/results_minority/II_x_III/rule134_vs_rule126/hamming_distance.png,/Users/amrkandil/github_repos/thesis/Distributed-Tsetlin-Machines/experiments/results_minority/II_x_III/rule134_vs_rule126/lag_hamming.png,/Users/amrkandil/github_repos/thesis/Distributed-Tsetlin-Machines/experiments/results_minority/II_x_III/rule134_vs_rule126/metrics.json
134,146,II_x_III,aperiodic,,,0.3001741293532338,0.4932587064676617,0.49336318407960206,0.03699781742341946,0.4932587064676616,coexist,,0.4098507462686567,0.5901492537313433,never,,aperiodic,,/Users/amrkandil/github_repos/thesis/Distributed-Tsetlin-Machines/experiments/results_minority/II_x_III/rule134_vs_rule146/hamming_distance.png,/Users/amrkandil/github_repos/thesis/Distributed-Tsetlin-Machines/experiments/results_minority/II_x_III/rule134_vs_rule146/lag_hamming.png,/Users/amrkandil/github_repos/thesis/Distributed-Tsetlin-Machines/experiments/results_minority/II_x_III/rule134_vs_rule146/metrics.json
134,150,II_x_III,aperiodic,,,0.41951894662028205,0.4909911594907667,0.44133333333333336,0.036611891284136104,0.4428358208955224,coexist,,0.47935323383084577,0.5206467661691542,never,,aperiodic,,/Users/amrkandil/github_repos/thesis/Distributed-Tsetlin-Machines/experiments/results_minority/II_x_III/rule134_vs_rule150/hamming_distance.png,/Users/amrkandil/github_repos/thesis/Distributed-Tsetlin-Machines/experiments/results_minority/II_x_III/rule134_vs_rule150/lag_hamming.png,/Users/amrkandil/github_repos/thesis/Distributed-Tsetlin-Machines/experiments/results_minority/II_x_III/rule134_vs_rule150/metrics.json
138,18,II_x_III,near_cycle,2,2,0.11117345602813002,0.2658137882018479,0.3946169154228855,0.02843790668753401,0.39384328358208953,coexist,,0.42124378109452737,0.5787562189054727,never,,aperiodic,,/Users/amrkandil/github_repos/thesis/Distributed-Tsetlin-Machines/experiments/results_minority/II_x_III/rule138_vs_rule18/hamming_distance.png,/Users/amrkandil/github_repos/thesis/Distributed-Tsetlin-Machines/experiments/results_minority/II_x_III/rule138_vs_rule18/lag_hamming.png,/Users/amrkandil/github_repos/thesis/Distributed-Tsetlin-Machines/experiments/results_minority/II_x_III/rule138_vs_rule18/metrics.json
138,22,II_x_III,near_cycle,8,0,0.09407162659982533,0.0940716265998253,0.459452736318408,0.03248398112115367,0.4605472636815921,coexist,,0.44323383084577117,0.5567661691542288,early,50,near_cycle,8,/Users/amrkandil/github_repos/thesis/Distributed-Tsetlin-Machines/experiments/results_minority/II_x_III/rule138_vs_rule22/hamming_distance.png,/Users/amrkandil/github_repos/thesis/Distributed-Tsetlin-Machines/experiments/results_minority/II_x_III/rule138_vs_rule22/lag_hamming.png,/Users/amrkandil/github_repos/thesis/Distributed-Tsetlin-Machines/experiments/results_minority/II_x_III/rule138_vs_rule22/metrics.json
138,30,II_x_III,cycle,24,0,0.0,0.0,0.4710049751243781,0.01328685744179925,0.4718283582089552,coexist,,0.5075621890547264,0.4924378109452736,early,100,cycle,24,/Users/amrkandil/github_repos/thesis/Distributed-Tsetlin-Machines/experiments/results_minority/II_x_III/rule138_vs_rule30/hamming_distance.png,/Users/amrkandil/github_repos/thesis/Distributed-Tsetlin-Machines/experiments/results_minority/II_x_III/rule138_vs_rule30/lag_hamming.png,/Users/amrkandil/github_repos/thesis/Distributed-Tsetlin-Machines/experiments/results_minority/II_x_III/rule138_vs_rule30/metrics.json
138,45,II_x_III,cycle,48,0,0.0,0.0,0.44917412935323386,0.02313905905731839,0.45190298507462684,coexist,,0.46228855721393036,0.5377114427860696,early,100,cycle,48,/Users/amrkandil/github_repos/thesis/Distributed-Tsetlin-Machines/experiments/results_minority/II_x_III/rule138_vs_rule45/hamming_distance.png,/Users/amrkandil/github_repos/thesis/Distributed-Tsetlin-Machines/experiments/results_minority/II_x_III/rule138_vs_rule45/lag_hamming.png,/Users/amrkandil/github_repos/thesis/Distributed-Tsetlin-Machines/experiments/results_minority/II_x_III/rule138_vs_rule45/metrics.json
138,60,II_x_III,near_cycle,8,0,0.13729064600660817,0.13729064600660817,0.33988059701492535,0.035826472755426185,0.3324875621890547,coexist,,0.47502487562189055,0.5249751243781094,late,300,near_cycle,4,/Users/amrkandil/github_repos/thesis/Distributed-Tsetlin-Machines/experiments/results_minority/II_x_III/rule138_vs_rule60/hamming_distance.png,/Users/amrkandil/github_repos/thesis/Distributed-Tsetlin-Machines/experiments/results_minority/II_x_III/rule138_vs_rule60/lag_hamming.png,/Users/amrkandil/github_repos/thesis/Distributed-Tsetlin-Machines/experiments/results_minority/II_x_III/rule138_vs_rule60/metrics.json
138,90,II_x_III,aperiodic,,,0.2571019900497513,0.4492412935323383,0.450139303482587,0.032356487810149166,0.4492412935323383,coexist,,0.45985074626865674,0.5401492537313433,never,,aperiodic,,/Users/amrkandil/github_repos/thesis/Distributed-Tsetlin-Machines/experiments/results_minority/II_x_III/rule138_vs_rule90/hamming_distance.png,/Users/amrkandil/github_repos/thesis/Distributed-Tsetlin-Machines/experiments/results_minority/II_x_III/rule138_vs_rule90/lag_hamming.png,/Users/amrkandil/github_repos/thesis/Distributed-Tsetlin-Machines/experiments/results_minority/II_x_III/rule138_vs_rule90/metrics.json
138,105,II_x_III,aperiodic,,,0.323134328358209,0.45318407960199003,0.45239800995024876,0.030030707945656793,0.4531840796019901,coexist,,0.44308457711442784,0.5569154228855722,never,,aperiodic,,/Users/amrkandil/github_repos/thesis/Distributed-Tsetlin-Machines/experiments/results_minority/II_x_III/rule138_vs_rule105/hamming_distance.png,/Users/amrkandil/github_repos/thesis/Distributed-Tsetlin-Machines/experiments/results_minority/II_x_III/rule138_vs_rule105/lag_hamming.png,/Users/amrkandil/github_repos/thesis/Distributed-Tsetlin-Machines/experiments/results_minority/II_x_III/rule138_vs_rule105/metrics.json
138,122,II_x_III,aperiodic,,,0.27894278606965184,0.5124253731343283,0.5124079601990049,0.0348180389203862,0.5124253731343283,coexist,,0.4406965174129353,0.5593034825870646,never,,aperiodic,,/Users/amrkandil/github_repos/thesis/Distributed-Tsetlin-Machines/experiments/results_minority/II_x_III/rule138_vs_rule122/hamming_distance.png,/Users/amrkandil/github_repos/thesis/Distributed-Tsetlin-Machines/experiments/results_minority/II_x_III/rule138_vs_rule122/lag_hamming.png,/Users/amrkandil/github_repos/thesis/Distributed-Tsetlin-Machines/experiments/results_minority/II_x_III/rule138_vs_rule122/metrics.json
138,126,II_x_III,near_cycle,2,0,0.1030062718986521,0.10300627189865211,0.2305771144278607,0.033582009950154416,0.21677860696517415,coexist,,0.42885572139303485,0.5711442786069652,late,150,cycle,24,/Users/amrkandil/github_repos/thesis/Distributed-Tsetlin-Machines/experiments/results_minority/II_x_III/rule138_vs_rule126/hamming_distance.png,/Users/amrkandil/github_repos/thesis/Distributed-Tsetlin-Machines/experiments/results_minority/II_x_III/rule138_vs_rule126/lag_hamming.png,/Users/amrkandil/github_repos/thesis/Distributed-Tsetlin-Machines/experiments/results_minority/II_x_III/rule138_vs_rule126/metrics.json
138,146,II_x_III,near_cycle,2,2,0.10729560218955349,0.26572650531802144,0.38849751243781094,0.03295480327561044,0.3875,coexist,,0.43039800995024874,0.5696019900497512,early,0,near_cycle,2,/Users/amrkandil/github_repos/thesis/Distributed-Tsetlin-Machines/experiments/results_minority/II_x_III/rule138_vs_rule146/hamming_distance.png,/Users/amrkandil/github_repos/thesis/Distributed-Tsetlin-Machines/experiments/results_minority/II_x_III/rule138_vs_rule146/lag_hamming.png,/Users/amrkandil/github_repos/thesis/Distributed-Tsetlin-Machines/experiments/results_minority/II_x_III/rule138_vs_rule146/metrics.json
138,150,II_x_III,near_cycle,8,0,0.10000886154469385,0.10000886154469384,0.46297512437810945,0.023461621047714917,0.46506218905472635,coexist,,0.4450248756218905,0.5549751243781095,late,250,near_cycle,8,/Users/amrkandil/github_repos/thesis/Distributed-Tsetlin-Machines/experiments/results_minority/II_x_III/rule138_vs_rule150/hamming_distance.png,/Users/amrkandil/github_repos/thesis/Distributed-Tsetlin-Machines/experiments/results_minority/II_x_III/rule138_vs_rule150/lag_hamming.png,/Users/amrkandil/github_repos/thesis/Distributed-Tsetlin-Machines/experiments/results_minority/II_x_III/rule138_vs_rule150/metrics.json
140,18,II_x_III,cycle,84,0,0.0,0.0,0.1242686567164179,0.032368725075461596,0.11491293532338308,coexist,,0.4380099502487562,0.5619900497512438,early,100,near_cycle,2,/Users/amrkandil/github_repos/thesis/Distributed-Tsetlin-Machines/experiments/results_minority/II_x_III/rule140_vs_rule18/hamming_distance.png,/Users/amrkandil/github_repos/thesis/Distributed-Tsetlin-Machines/experiments/results_minority/II_x_III/rule140_vs_rule18/lag_hamming.png,/Users/amrkandil/github_repos/thesis/Distributed-Tsetlin-Machines/experiments/results_minority/II_x_III/rule140_vs_rule18/metrics.json
140,22,II_x_III,near_cycle,12,0,0.09534589264474547,0.09534589264474543,0.24214925373134327,0.02336106510600613,0.24337064676616915,coexist,,0.6013432835820895,0.39865671641791045,late,150,near_cycle,12,/Users/amrkandil/github_repos/thesis/Distributed-Tsetlin-Machines/experiments/results_minority/II_x_III/rule140_vs_rule22/hamming_distance.png,/Users/amrkandil/github_repos/thesis/Distributed-Tsetlin-Machines/experiments/results_minority/II_x_III/rule140_vs_rule22/lag_hamming.png,/Users/amrkandil/github_repos/thesis/Distributed-Tsetlin-Machines/experiments/results_minority/II_x_III/rule140_vs_rule22/metrics.json
140,30,II_x_III,near_cycle,4,0,0.029136433700515097,0.029136433700515055,0.16950248756218905,0.01414992196363433,0.16789800995024876,coexist,,0.5247761194029851,0.4752238805970149,late,300,near_cycle,4,/Users/amrkandil/github_repos/thesis/Distributed-Tsetlin-Machines/experiments/results_minority/II_x_III/rule140_vs_rule30/hamming_distance.png,/Users/amrkandil/github_repos/thesis/Distributed-Tsetlin-Machines/experiments/results_minority/II_x_III/rule140_vs_rule30/lag_hamming.png,/Users/amrkandil/github_repos/thesis/Distributed-Tsetlin-Machines/experiments/results_minority/II_x_III/rule140_vs_rule30/metrics.json
140,45,II_x_III,cycle,4,0,7.070076972737316e-16,0.0,0.05952238805970148,0.020994025111184613,0.057213930348258696,coexist,,0.486318407960199,0.513681592039801,early,50,cycle,4,/Users/amrkandil/github_repos/thesis/Distributed-Tsetlin-Machines/experiments/results_minority/II_x_III/rule140_vs_rule45/hamming_distance.png,/Users/amrkandil/github_repos/thesis/Distributed-Tsetlin-Machines/experiments/results_minority/II_x_III/rule140_vs_rule45/lag_hamming.png,/Users/amrkandil/github_repos/thesis/Distributed-Tsetlin-Machines/experiments/results_minority/II_x_III/rule140_vs_rule45/metrics.json
140,60,II_x_III,cycle,2,0,2.828030789094926e-16,0.0,0.1650646766169154,0.00846987127048754,0.16417910447761194,coexist,,0.5248756218905473,0.47512437810945274,early,50,cycle,2,/Users/amrkandil/github_repos/thesis/Distributed-Tsetlin-Machines/experiments/results_minority/II_x_III/rule140_vs_rule60/hamming_distance.png,/Users/amrkandil/github_repos/thesis/Distributed-Tsetlin-Machines/experiments/results_minority/II_x_III/rule140_vs_rule60/lag_hamming.png,/Users/amrkandil/github_repos/thesis/Distributed-Tsetlin-Machines/experiments/results_minority/II_x_III/rule140_vs_rule60/metrics.json
140,90,II_x_III,near_cycle,4,0,0.16342719651114707,0.16342719651114704,0.3252338308457711,0.03121969474334791,0.32809701492537313,coexist,,0.5633830845771144,0.43661691542288555,late,334,near_cycle,4,/Users/amrkandil/github_repos/thesis/Distributed-Tsetlin-Machines/experiments/results_minority/II_x_III/rule140_vs_rule90/hamming_distance.png,/Users/amrkandil/github_repos/thesis/Distributed-Tsetlin-Machines/experiments/results_minority/II_x_III/rule140_vs_rule90/lag_hamming.png,/Users/amrkandil/github_repos/thesis/Distributed-Tsetlin-Machines/experiments/results_minority/II_x_III/rule140_vs_rule90/metrics.json
140,105,II_x_III,cycle,4,0,0.0,0.0,0.2448159203980099,0.00839711390848248,0.24378109452736316,coexist,,0.5572139303482587,0.4427860696517413,early,50,cycle,4,/Users/amrkandil/github_repos/thesis/Distributed-Tsetlin-Machines/experiments/results_minority/II_x_III/rule140_vs_rule105/hamming_distance.png,/Users/amrkandil/github_repos/thesis/Distributed-Tsetlin-Machines/experiments/results_minority/II_x_III/rule140_vs_rule105/lag_hamming.png,/Users/amrkandil/github_repos/thesis/Distributed-Tsetlin-Machines/experiments/results_minority/II_x_III/rule140_vs_rule105/metrics.json
140,122,II_x_III,near_cycle,2,0,0.08770682926221038,0.08770682926221025,0.39755223880597007,0.017934985954692576,0.39983830845771146,coexist,,0.5139303482587064,0.4860696517412935,early,100,near_cycle,2,/Users/amrkandil/github_repos/thesis/Distributed-Tsetlin-Machines/experiments/results_minority/II_x_III/rule140_vs_rule122/hamming_distance.png,/Users/amrkandil/github_repos/thesis/Distributed-Tsetlin-Machines/experiments/results_minority/II_x_III/rule140_vs_rule122/lag_hamming.png,/Users/amrkandil/github_repos/thesis/Distributed-Tsetlin-Machines/experiments/results_minority/II_x_III/rule140_vs_rule122/metrics.json
140,126,II_x_III,cycle,12,0,2.1210230918211945e-16,0.0,0.23933333333333331,0.00952676433175016,0.23963930348258702,coexist,,0.5609452736318408,0.43905472636815923,early,50,cycle,12,/Users/amrkandil/github_repos/thesis/Distributed-Tsetlin-Machines/experiments/results_minority/II_x_III/rule140_vs_rule126/hamming_distance.png,/Users/amrkandil/github_repos/thesis/Distributed-Tsetlin-Machines/experiments/results_minority/II_x_III/rule140_vs_rule126/lag_hamming.png,/Users/amrkandil/github_repos/thesis/Distributed-Tsetlin-Machines/experiments/results_minority/II_x_III/rule140_vs_rule126/metrics.json
140,146,II_x_III,near_cycle,10,0,0.04545049687623267,0.04545049687623265,0.17260696517412935,0.02588421190475096,0.16763681592039803,coexist,,0.41447761194029853,0.5855223880597015,early,100,near_cycle,10,/Users/amrkandil/github_repos/thesis/Distributed-Tsetlin-Machines/experiments/results_minority/II_x_III/rule140_vs_rule146/hamming_distance.png,/Users/amrkandil/github_repos/thesis/Distributed-Tsetlin-Machines/experiments/results_minority/II_x_III/rule140_vs_rule146/lag_hamming.png,/Users/amrkandil/github_repos/thesis/Distributed-Tsetlin-Machines/experiments/results_minority/II_x_III/rule140_vs_rule146/metrics.json
140,150,II_x_III,near_cycle,4,0,0.05882426657643783,0.05882426657643771,0.22942288557213927,0.018578611967875983,0.22676616915422884,coexist,,0.583134328358209,0.41686567164179106,late,200,near_cycle,4,/Users/amrkandil/github_repos/thesis/Distributed-Tsetlin-Machines/experiments/results_minority/II_x_III/rule140_vs_rule150/hamming_distance.png,/Users/amrkandil/github_repos/thesis/Distributed-Tsetlin-Machines/experiments/results_minority/II_x_III/rule140_vs_rule150/lag_hamming.png,/Users/amrkandil/github_repos/thesis/Distributed-Tsetlin-Machines/experiments/results_minority/II_x_III/rule140_vs_rule150/metrics.json
142,18,II_x_III,aperiodic,,,0.2408830845771145,0.430136815920398,0.433681592039801,0.03834433288194982,0.43013681592039804,coexist,,0.46507462686567164,0.5349253731343283,never,,aperiodic,,/Users/amrkandil/github_repos/thesis/Distributed-Tsetlin-Machines/experiments/results_minority/II_x_III/rule142_vs_rule18/hamming_distance.png,/Users/amrkandil/github_repos/thesis/Distributed-Tsetlin-Machines/experiments/results_minority/II_x_III/rule142_vs_rule18/lag_hamming.png,/Users/amrkandil/github_repos/thesis/Distributed-Tsetlin-Machines/experiments/results_minority/II_x_III/rule142_vs_rule18/metrics.json
142,22,II_x_III,near_cycle,8,0,0.13194840049118284,0.13194840049118275,0.4642686567164179,0.022823231119100416,0.46743781094527365,coexist,,0.46935323383084576,0.5306467661691542,late,334,near_cycle,8,/Users/amrkandil/github_repos/thesis/Distributed-Tsetlin-Machines/experiments/results_minority/II_x_III/rule142_vs_rule22/hamming_distance.png,/Users/amrkandil/github_repos/thesis/Distributed-Tsetlin-Machines/experiments/results_minority/II_x_III/rule142_vs_rule22/lag_hamming.png,/Users/amrkandil/github_repos/thesis/Distributed-Tsetlin-Machines/experiments/results_minority/II_x_III/rule142_vs_rule22/metrics.json
142,30,II_x_III,near_cycle,4,0,0.10809930197877107,0.10809930197877113,0.471044776119403,0.028309113475953482,0.4768034825870647,coexist,,0.5330845771144279,0.46691542288557214,late,200,near_cycle,4,/Users/amrkandil/github_repos/thesis/Distributed-Tsetlin-Machines/experiments/results_minority/II_x_III/rule142_vs_rule30/hamming_distance.png,/Users/amrkandil/github_repos/thesis/Distributed-Tsetlin-Machines/experiments/results_minority/II_x_III/rule142_vs_rule30/lag_hamming.png,/Users/amrkandil/github_repos/thesis/Distributed-Tsetlin-Machines/experiments/results_minority/II_x_III/rule142_vs_rule30/metrics.json
142,45,II_x_III,near_cycle,8,0,0.029255756839213477,0.029255756839213602,0.446636815920398,0.027774798285790325,0.452860696517413,coexist,,0.4462189054726368,0.5537810945273632,late,150,cycle,24,/Users/amrkandil/github_repos/thesis/Distributed-Tsetlin-Machines/experiments/results_minority/II_x_III/rule142_vs_rule45/hamming_distance.png,/Users/amrkandil/github_repos/thesis/Distributed-Tsetlin-Machines/experiments/results_minority/II_x_III/rule142_vs_rule45/lag_hamming.png,/Users/amrkandil/github_repos/thesis/Distributed-Tsetlin-Machines/experiments/results_minority/II_x_III/rule142_vs_rule45/metrics.json
142,60,II_x_III,aperiodic,,,0.3453855721393035,0.407773631840796,0.40651741293532334,0.03224014953284108,0.40777363184079596,coexist,,0.47318407960199005,0.52681592039801,never,,aperiodic,,/Users/amrkandil/github_repos/thesis/Distributed-Tsetlin-Machines/experiments/results_minority/II_x_III/rule142_vs_rule60/hamming_distance.png,/Users/amrkandil/github_repos/thesis/Distributed-Tsetlin-Machines/experiments/results_minority/II_x_III/rule142_vs_rule60/lag_hamming.png,/Users/amrkandil/github_repos/thesis/Distributed-Tsetlin-Machines/experiments/results_minority/II_x_III/rule142_vs_rule60/metrics.json
142,90,II_x_III,aperiodic,,,0.3697512437810946,0.4236069651741294,0.4206567164179105,0.03479860197533994,0.4236069651741293,coexist,,0.4798507462686567,0.5201492537313432,never,,aperiodic,,/Users/amrkandil/github_repos/thesis/Distributed-Tsetlin-Machines/experiments/results_minority/II_x_III/rule142_vs_rule90/hamming_distance.png,/Users/amrkandil/github_repos/thesis/Distributed-Tsetlin-Machines/experiments/results_minority/II_x_III/rule142_vs_rule90/lag_hamming.png,/Users/amrkandil/github_repos/thesis/Distributed-Tsetlin-Machines/experiments/results_minority/II_x_III/rule142_vs_rule90/metrics.json
142,105,II_x_III,aperiodic,,,0.2438619908587146,0.24386199085871454,0.4278407960199005,0.025250892736113188,0.4275248756218906,coexist,,0.46860696517412936,0.5313930348258706,late,334,near_cycle,32,/Users/amrkandil/github_repos/thesis/Distributed-Tsetlin-Machines/experiments/results_minority/II_x_III/rule142_vs_rule105/hamming_distance.png,/Users/amrkandil/github_repos/thesis/Distributed-Tsetlin-Machines/experiments/results_minority/II_x_III/rule142_vs_rule105/lag_hamming.png,/Users/amrkandil/github_repos/thesis/Distributed-Tsetlin-Machines/experiments/results_minority/II_x_III/rule142_vs_rule105/metrics.json
142,122,II_x_III,aperiodic,,,0.3449166381831302,0.3449166381831302,0.45491542288557213,0.026081306498137436,0.4550124378109453,coexist,,0.4718407960199005,0.5281592039800995,never,,aperiodic,,/Users/amrkandil/github_repos/thesis/Distributed-Tsetlin-Machines/experiments/results_minority/II_x_III/rule142_vs_rule122/hamming_distance.png,/Users/amrkandil/github_repos/thesis/Distributed-Tsetlin-Machines/experiments/results_minority/II_x_III/rule142_vs_rule122/lag_hamming.png,/Users/amrkandil/github_repos/thesis/Distributed-Tsetlin-Machines/experiments/results_minority/II_x_III/rule142_vs_rule122/metrics.json
142,126,II_x_III,cycle,4,0,7.070076972737315e-17,0.0,0.19882587064676613,0.02618953106373203,0.19154228855721392,coexist,,0.5223880597014925,0.47761194029850745,early,100,cycle,4,/Users/amrkandil/github_repos/thesis/Distributed-Tsetlin-Machines/experiments/results_minority/II_x_III/rule142_vs_rule126/hamming_distance.png,/Users/amrkandil/github_repos/thesis/Distributed-Tsetlin-Machines/experiments/results_minority/II_x_III/rule142_vs_rule126/lag_hamming.png,/Users/amrkandil/github_repos/thesis/Distributed-Tsetlin-Machines/experiments/results_minority/II_x_III/rule142_vs_rule126/metrics.json
142,146,II_x_III,aperiodic,,,0.2501243781094527,0.4405721393034826,0.4383084577114428,0.03521811797592954,0.4405721393034826,coexist,,0.44671641791044775,0.5532835820895522,never,,aperiodic,,/Users/amrkandil/github_repos/thesis/Distributed-Tsetlin-Machines/experiments/results_minority/II_x_III/rule142_vs_rule146/hamming_distance.png,/Users/amrkandil/github_repos/thesis/Distributed-Tsetlin-Machines/experiments/results_minority/II_x_III/rule142_vs_rule146/lag_hamming.png,/Users/amrkandil/github_repos/thesis/Distributed-Tsetlin-Machines/experiments/results_minority/II_x_III/rule142_vs_rule146/metrics.json
142,150,II_x_III,near_cycle,12,0,0.14737367148831698,0.14737367148831676,0.4574427860696518,0.04059624791978593,0.46228855721393036,coexist,,0.4584577114427861,0.541542288557214,late,334,near_cycle,8,/Users/amrkandil/github_repos/thesis/Distributed-Tsetlin-Machines/experiments/results_minority/II_x_III/rule142_vs_rule150/hamming_distance.png,/Users/amrkandil/github_repos/thesis/Distributed-Tsetlin-Machines/experiments/results_minority/II_x_III/rule142_vs_rule150/lag_hamming.png,/Users/amrkandil/github_repos/thesis/Distributed-Tsetlin-Machines/experiments/results_minority/II_x_III/rule142_vs_rule150/metrics.json
152,18,II_x_III,aperiodic,,,0.10540031671217846,0.26136236112669736,0.382457711442786,0.027092338439286826,0.3823756218905473,coexist,,0.43029850746268655,0.5697014925373134,never,,aperiodic,,/Users/amrkandil/github_repos/thesis/Distributed-Tsetlin-Machines/experiments/results_minority/II_x_III/rule152_vs_rule18/hamming_distance.png,/Users/amrkandil/github_repos/thesis/Distributed-Tsetlin-Machines/experiments/results_minority/II_x_III/rule152_vs_rule18/lag_hamming.png,/Users/amrkandil/github_repos/thesis/Distributed-Tsetlin-Machines/experiments/results_minority/II_x_III/rule152_vs_rule18/metrics.json
152,22,II_x_III,aperiodic,,,0.34708955223880605,0.45634328358208953,0.4541094527363184,0.03472901385522418,0.45634328358208953,coexist,,0.5087064676616916,0.49129353233830847,never,,aperiodic,,/Users/amrkandil/github_repos/thesis/Distributed-Tsetlin-Machines/experiments/results_minority/II_x_III/rule152_vs_rule22/hamming_distance.png,/Users/amrkandil/github_repos/thesis/Distributed-Tsetlin-Machines/experiments/results_minority/II_x_III/rule152_vs_rule22/lag_hamming.png,/Users/amrkandil/github_repos/thesis/Distributed-Tsetlin-Machines/experiments/results_minority/II_x_III/rule152_vs_rule22/metrics.json
152,30,II_x_III,cycle,6,0,0.0,0.0,0.1552238805970149,0.02683432850118025,0.14926616915422883,coexist,,0.4071641791044776,0.5928358208955223,early,50,cycle,6,/Users/amrkandil/github_repos/thesis/Distributed-Tsetlin-Machines/experiments/results_minority/II_x_III/rule152_vs_rule30/hamming_distance.png,/Users/amrkandil/github_repos/thesis/Distributed-Tsetlin-Machines/experiments/results_minority/II_x_III/rule152_vs_rule30/lag_hamming.png,/Users/amrkandil/github_repos/thesis/Distributed-Tsetlin-Machines/experiments/results_minority/II_x_III/rule152_vs_rule30/metrics.json
152,45,II_x_III,cycle,4,0,7.070076972737315e-17,0.0,0.33813930348258703,0.010545437746763281,0.33830845771144274,coexist,,0.4601990049751244,0.5398009950248757,early,50,cycle,4,/Users/amrkandil/github_repos/thesis/Distributed-Tsetlin-Machines/experiments/results_minority/II_x_III/rule152_vs_rule45/hamming_distance.png,/Users/amrkandil/github_repos/thesis/Distributed-Tsetlin-Machines/experiments/results_minority/II_x_III/rule152_vs_rule45/lag_hamming.png,/Users/amrkandil/github_repos/thesis/Distributed-Tsetlin-Machines/experiments/results_minority/II_x_III/rule152_vs_rule45/metrics.json
152,60,II_x_III,cycle,4,0,3.535038486368658e-16,0.0,0.3067661691542289,0.007366544883136155,0.3059701492537314,coexist,,0.486318407960199,0.513681592039801,early,50,cycle,4,/Users/amrkandil/github_repos/thesis/Distributed-Tsetlin-Machines/experiments/results_minority/II_x_III/rule152_vs_rule60/hamming_distance.png,/Users/amrkandil/github_repos/thesis/Distributed-Tsetlin-Machines/experiments/results_minority/II_x_III/rule152_vs_rule60/lag_hamming.png,/Users/amrkandil/github_repos/thesis/Distributed-Tsetlin-Machines/experiments/results_minority/II_x_III/rule152_vs_rule60/metrics.json
152,90,II_x_III,aperiodic,,,0.1482188057207696,0.2774473497175775,0.403771144278607,0.03164313492562156,0.4020398009950249,coexist,,0.44223880597014925,0.5577611940298507,never,,aperiodic,,/Users/amrkandil/github_repos/thesis/Distributed-Tsetlin-Machines/experiments/results_minority/II_x_III/rule152_vs_rule90/hamming_distance.png,/Users/amrkandil/github_repos/thesis/Distributed-Tsetlin-Machines/experiments/results_minority/II_x_III/rule152_vs_rule90/lag_hamming.png,/Users/amrkandil/github_repos/thesis/Distributed-Tsetlin-Machines/experiments/results_minority/II_x_III/rule152_vs_rule90/metrics.json
152,105,II_x_III,near_cycle,24,0,0.1435923829130211,0.1435923829130211,0.4221393034825871,0.024771673360797254,0.4216666666666667,coexist,,0.4600995024875622,0.5399004975124378,late,334,near_cycle,24,/Users/amrkandil/github_repos/thesis/Distributed-Tsetlin-Machines/experiments/results_minority/II_x_III/rule152_vs_rule105/hamming_distance.png,/Users/amrkandil/github_repos/thesis/Distributed-Tsetlin-Machines/experiments/results_minority/II_x_III/rule152_vs_rule105/lag_hamming.png,/Users/amrkandil/github_repos/thesis/Distributed-Tsetlin-Machines/experiments/results_minority/II_x_III/rule152_vs_rule105/metrics.json
152,122,II_x_III,near_cycle,2,0,0.06803077345104072,0.06803077345104054,0.720139303482587,0.06279239586203572,0.7440547263681592,coexist,,0.27412935323383086,0.7258706467661692,late,250,cycle,20,/Users/amrkandil/github_repos/thesis/Distributed-Tsetlin-Machines/experiments/results_minority/II_x_III/rule152_vs_rule122/hamming_distance.png,/Users/amrkandil/github_repos/thesis/Distributed-Tsetlin-Machines/experiments/results_minority/II_x_III/rule152_vs_rule122/lag_hamming.png,/Users/amrkandil/github_repos/thesis/Distributed-Tsetlin-Machines/experiments/results_minority/II_x_III/rule152_vs_rule122/metrics.json
152,126,II_x_III,cycle,4,0,0.0,0.0,0.22134328358208955,0.01850980298689583,0.21890547263681592,coexist,,0.48009950248756217,0.5199004975124378,early,50,cycle,4,/Users/amrkandil/github_repos/thesis/Distributed-Tsetlin-Machines/experiments/results_minority/II_x_III/rule152_vs_rule126/hamming_distance.png,/Users/amrkandil/github_repos/thesis/Distributed-Tsetlin-Machines/experiments/results_minority/II_x_III/rule152_vs_rule126/lag_hamming.png,/Users/amrkandil/github_repos/thesis/Distributed-Tsetlin-Machines/experiments/results_minority/II_x_III/rule152_vs_rule126/metrics.json
152,146,II_x_III,aperiodic,,,0.10557293110046588,0.10557293110046584,0.40621890547263684,0.02743613071809645,0.411455223880597,coexist,,0.42686567164179107,0.573134328358209,late,334,near_cycle,24,/Users/amrkandil/github_repos/thesis/Distributed-Tsetlin-Machines/experiments/results_minority/II_x_III/rule152_vs_rule146/hamming_distance.png,/Users/amrkandil/github_repos/thesis/Distributed-Tsetlin-Machines/experiments/results_minority/II_x_III/rule152_vs_rule146/lag_hamming.png,/Users/amrkandil/github_repos/thesis/Distributed-Tsetlin-Machines/experiments/results_minority/II_x_III/rule152_vs_rule146/metrics.json
152,150,II_x_III,aperiodic,,,0.3724378109452736,0.4475870646766169,0.4461990049751244,0.03430434086645773,0.4475870646766169,coexist,,0.48691542288557216,0.5130845771144279,never,,aperiodic,,/Users/amrkandil/github_repos/thesis/Distributed-Tsetlin-Machines/experiments/results_minority/II_x_III/rule152_vs_rule150/hamming_distance.png,/Users/amrkandil/github_repos/thesis/Distributed-Tsetlin-Machines/experiments/results_minority/II_x_III/rule152_vs_rule150/lag_hamming.png,/Users/amrkandil/github_repos/thesis/Distributed-Tsetlin-Machines/experiments/results_minority/II_x_III/rule152_vs_rule150/metrics.json
154,18,II_x_III,aperiodic,,,0.25579601990049755,0.5114179104477612,0.5150149253731342,0.036207722017337816,0.5114179104477611,coexist,,0.4992537313432836,0.5007462686567165,never,,aperiodic,,/Users/amrkandil/github_repos/thesis/Distributed-Tsetlin-Machines/experiments/results_minority/II_x_III/rule154_vs_rule18/hamming_distance.png,/Users/amrkandil/github_repos/thesis/Distributed-Tsetlin-Machines/experiments/results_minority/II_x_III/rule154_vs_rule18/lag_hamming.png,/Users/amrkandil/github_repos/thesis/Distributed-Tsetlin-Machines/experiments/results_minority/II_x_III/rule154_vs_rule18/metrics.json
154,22,II_x_III,aperiodic,,,0.3894651741293532,0.5847885572139303,0.5855422885572138,0.03823678893964736,0.5847885572139303,coexist,,0.609502487562189,0.39049751243781095,never,,aperiodic,,/Users/amrkandil/github_repos/thesis/Distributed-Tsetlin-Machines/experiments/results_minority/II_x_III/rule154_vs_rule22/hamming_distance.png,/Users/amrkandil/github_repos/thesis/Distributed-Tsetlin-Machines/experiments/results_minority/II_x_III/rule154_vs_rule22/lag_hamming.png,/Users/amrkandil/github_repos/thesis/Distributed-Tsetlin-Machines/experiments/results_minority/II_x_III/rule154_vs_rule22/metrics.json
154,30,II_x_III,aperiodic,,,0.3343985362858254,0.3343985362858253,0.5402487562189056,0.02703553266965553,0.5416791044776119,coexist,,0.48845771144278605,0.511542288557214,never,,aperiodic,,/Users/amrkandil/github_repos/thesis/Distributed-Tsetlin-Machines/experiments/results_minority/II_x_III/rule154_vs_rule30/hamming_distance.png,/Users/amrkandil/github_repos/thesis/Distributed-Tsetlin-Machines/experiments/results_minority/II_x_III/rule154_vs_rule30/lag_hamming.png,/Users/amrkandil/github_repos/thesis/Distributed-Tsetlin-Machines/experiments/results_minority/II_x_III/rule154_vs_rule30/metrics.json
154,45,II_x_III,aperiodic,,,0.2504650002268294,0.2504650002268294,0.5412935323383086,0.027928134444448475,0.5427487562189054,coexist,,0.5264676616915422,0.4735323383084577,late,334,near_cycle,24,/Users/amrkandil/github_repos/thesis/Distributed-Tsetlin-Machines/experiments/results_minority/II_x_III/rule154_vs_rule45/hamming_distance.png,/Users/amrkandil/github_repos/thesis/Distributed-Tsetlin-Machines/experiments/results_minority/II_x_III/rule154_vs_rule45/lag_hamming.png,/Users/amrkandil/github_repos/thesis/Distributed-Tsetlin-Machines/experiments/results_minority/II_x_III/rule154_vs_rule45/metrics.json
154,60,II_x_III,near_cycle,24,0,0.20436280137772678,0.20436280137772675,0.5568059701492537,0.029094600526685877,0.5577238805970149,coexist,,0.5508955223880597,0.4491044776119403,late,300,near_cycle,12,/Users/amrkandil/github_repos/thesis/Distributed-Tsetlin-Machines/experiments/results_minority/II_x_III/rule154_vs_rule60/hamming_distance.png,/Users/amrkandil/github_repos/thesis/Distributed-Tsetlin-Machines/experiments/results_minority/II_x_III/rule154_vs_rule60/lag_hamming.png,/Users/amrkandil/github_repos/thesis/Distributed-Tsetlin-Machines/experiments/results_minority/II_x_III/rule154_vs_rule60/metrics.json
154,90,II_x_III,aperiodic,,,0.37512437810945276,0.496865671641791,0.49768159203980095,0.03739786268839514,0.4968656716417911,coexist,,0.49651741293532337,0.5034825870646766,never,,aperiodic,,/Users/amrkandil/github_repos/thesis/Distributed-Tsetlin-Machines/experiments/results_minority/II_x_III/rule154_vs_rule90/hamming_distance.png,/Users/amrkandil/github_repos/thesis/Distributed-Tsetlin-Machines/experiments/results_minority/II_x_III/rule154_vs_rule90/lag_hamming.png,/Users/amrkandil/github_repos/thesis/Distributed-Tsetlin-Machines/experiments/results_minority/II_x_III/rule154_vs_rule90/metrics.json
154,105,II_x_III,aperiodic,,,0.36916666666666675,0.5025248756218905,0.5025771144278607,0.03441897190632571,0.5025248756218905,coexist,,0.5091044776119403,0.4908955223880597,never,,aperiodic,,/Users/amrkandil/github_repos/thesis/Distributed-Tsetlin-Machines/experiments/results_minority/II_x_III/rule154_vs_rule105/hamming_distance.png,/Users/amrkandil/github_repos/thesis/Distributed-Tsetlin-Machines/experiments/results_minority/II_x_III/rule154_vs_rule105/lag_hamming.png,/Users/amrkandil/github_repos/thesis/Distributed-Tsetlin-Machines/experiments/results_minority/II_x_III/rule154_vs_rule105/metrics.json
154,122,II_x_III,aperiodic,,,0.37522388059701495,0.525497512437811,0.5267263681592039,0.033647298399528174,0.525497512437811,coexist,,0.5049751243781094,0.49502487562189057,never,,aperiodic,,/Users/amrkandil/github_repos/thesis/Distributed-Tsetlin-Machines/experiments/results_minority/II_x_III/rule154_vs_rule122/hamming_distance.png,/Users/amrkandil/github_repos/thesis/Distributed-Tsetlin-Machines/experiments/results_minority/II_x_III/rule154_vs_rule122/lag_hamming.png,/Users/amrkandil/github_repos/thesis/Distributed-Tsetlin-Machines/experiments/results_minority/II_x_III/rule154_vs_rule122/metrics.json
154,126,II_x_III,near_cycle,2,0,0.14745819773313887,0.1474581977331388,0.34431840796019897,0.03740444489242492,0.3356592039800995,coexist,,0.41681592039800996,0.58318407960199,late,334,near_cycle,2,/Users/amrkandil/github_repos/thesis/Distributed-Tsetlin-Machines/experiments/results_minority/II_x_III/rule154_vs_rule126/hamming_distance.png,/Users/amrkandil/github_repos/thesis/Distributed-Tsetlin-Machines/experiments/results_minority/II_x_III/rule154_vs_rule126/lag_hamming.png,/Users/amrkandil/github_repos/thesis/Distributed-Tsetlin-Machines/experiments/results_minority/II_x_III/rule154_vs_rule126/metrics.json
154,146,II_x_III,aperiodic,,,0.25295043768499276,0.25295043768499276,0.5102487562189054,0.03485940105814528,0.5067412935323383,coexist,,0.496865671641791,0.5031343283582089,never,,aperiodic,,/Users/amrkandil/github_repos/thesis/Distributed-Tsetlin-Machines/experiments/results_minority/II_x_III/rule154_vs_rule146/hamming_distance.png,/Users/amrkandil/github_repos/thesis/Distributed-Tsetlin-Machines/experiments/results_minority/II_x_III/rule154_vs_rule146/lag_hamming.png,/Users/amrkandil/github_repos/thesis/Distributed-Tsetlin-Machines/experiments/results_minority/II_x_III/rule154_vs_rule146/metrics.json
154,150,II_x_III,aperiodic,,,0.3840671641791045,0.5397885572139304,0.5387263681592039,0.035219995850654294,0.5397885572139303,coexist,,0.5322885572139303,0.46771144278606963,never,,aperiodic,,/Users/amrkandil/github_repos/thesis/Distributed-Tsetlin-Machines/experiments/results_minority/II_x_III/rule154_vs_rule150/hamming_distance.png,/Users/amrkandil/github_repos/thesis/Distributed-Tsetlin-Machines/experiments/results_minority/II_x_III/rule154_vs_rule150/lag_hamming.png,/Users/amrkandil/github_repos/thesis/Distributed-Tsetlin-Machines/experiments/results_minority/II_x_III/rule154_vs_rule150/metrics.json
156,18,II_x_III,cycle,12,0,7.070076972737315e-17,0.0,0.20165174129353233,0.03500203348323758,0.1932089552238806,coexist,,0.7458208955223881,0.25417910447761194,early,100,cycle,12,/Users/amrkandil/github_repos/thesis/Distributed-Tsetlin-Machines/experiments/results_minority/II_x_III/rule156_vs_rule18/hamming_distance.png,/Users/amrkandil/github_repos/thesis/Distributed-Tsetlin-Machines/experiments/results_minority/II_x_III/rule156_vs_rule18/lag_hamming.png,/Users/amrkandil/github_repos/thesis/Distributed-Tsetlin-Machines/experiments/results_minority/II_x_III/rule156_vs_rule18/metrics.json
156,22,II_x_III,cycle,20,0,0.0,0.0,0.19940298507462684,0.028739515539957326,0.19552238805970149,coexist,,0.6604477611940298,0.33955223880597013,early,50,cycle,20,/Users/amrkandil/github_repos/thesis/Distributed-Tsetlin-Machines/experiments/results_minority/II_x_III/rule156_vs_rule22/hamming_distance.png,/Users/amrkandil/github_repos/thesis/Distributed-Tsetlin-Machines/experiments/results_minority/II_x_III/rule156_vs_rule22/lag_hamming.png,/Users/amrkandil/github_repos/thesis/Distributed-Tsetlin-Machines/experiments/results_minority/II_x_III/rule156_vs_rule22/metrics.json
156,30,II_x_III,cycle,2,0,0.0,0.0,0.10654726368159205,0.018574574729066724,0.10447761194029852,coexist,,0.5796019900497512,0.42039800995024873,early,50,cycle,2,/Users/amrkandil/github_repos/thesis/Distributed-Tsetlin-Machines/experiments/results_minority/II_x_III/rule156_vs_rule30/hamming_distance.png,/Users/amrkandil/github_repos/thesis/Distributed-Tsetlin-Machines/experiments/results_minority/II_x_III/rule156_vs_rule30/lag_hamming.png,/Users/amrkandil/github_repos/thesis/Distributed-Tsetlin-Machines/experiments/results_minority/II_x_III/rule156_vs_rule30/metrics.json
156,45,II_x_III,cycle,12,0,2.1210230918211945e-16,0.0,0.2704477611940299,0.014787422180896516,0.2702985074626866,coexist,,0.6322885572139304,0.36771144278606965,early,50,cycle,12,/Users/amrkandil/github_repos/thesis/Distributed-Tsetlin-Machines/experiments/results_minority/II_x_III/rule156_vs_rule45/hamming_distance.png,/Users/amrkandil/github_repos/thesis/Distributed-Tsetlin-Machines/experiments/results_minority/II_x_III/rule156_vs_rule45/lag_hamming.png,/Users/amrkandil/github_repos/thesis/Distributed-Tsetlin-Machines/experiments/results_minority/II_x_III/rule156_vs_rule45/metrics.json
156,60,II_x_III,cycle,8,0,2.1210230918211945e-16,0.0,0.21222885572139302,0.013676648586785498,0.2101990049751244,coexist,,0.6268656716417911,0.373134328358209,early,50,cycle,8,/Users/amrkandil/github_repos/thesis/Distributed-Tsetlin-Machines/experiments/results_minority/II_x_III/rule156_vs_rule60/hamming_distance.png,/Users/amrkandil/github_repos/thesis/Distributed-Tsetlin-Machines/experiments/results_minority/II_x_III/rule156_vs_rule60/lag_hamming.png,/Users/amrkandil/github_repos/thesis/Distributed-Tsetlin-Machines/experiments/results_minority/II_x_III/rule156_vs_rule60/metrics.json
156,90,II_x_III,near_cycle,2,0,0.09175924886843988,0.09175924886843975,0.2532935323383085,0.02121309025433729,0.24710199004975128,coexist,,0.6865174129353234,0.31348258706467663,late,200,cycle,8,/Users/amrkandil/github_repos/thesis/Distributed-Tsetlin-Machines/experiments/results_minority/II_x_III/rule156_vs_rule90/hamming_distance.png,/Users/amrkandil/github_repos/thesis/Distributed-Tsetlin-Machines/experiments/results_minority/II_x_III/rule156_vs_rule90/lag_hamming.png,/Users/amrkandil/github_repos/thesis/Distributed-Tsetlin-Machines/experiments/results_minority/II_x_III/rule156_vs_rule90/metrics.json
156,105,II_x_III,near_cycle,2,0,0.09314330602625967,0.09314330602625968,0.34318407960199004,0.018886872232431445,0.34600746268656724,coexist,,0.6350746268656716,0.3649253731343284,late,200,near_cycle,2,/Users/amrkandil/github_repos/thesis/Distributed-Tsetlin-Machines/experiments/results_minority/II_x_III/rule156_vs_rule105/hamming_distance.png,/Users/amrkandil/github_repos/thesis/Distributed-Tsetlin-Machines/experiments/results_minority/II_x_III/rule156_vs_rule105/lag_hamming.png,/Users/amrkandil/github_repos/thesis/Distributed-Tsetlin-Machines/experiments/results_minority/II_x_III/rule156_vs_rule105/metrics.json
156,122,II_x_III,cycle,24,0,0.0,0.0,0.3475621890547264,0.018700380082827112,0.3470273631840797,coexist,,0.6521890547263681,0.3478109452736318,early,50,cycle,24,/Users/amrkandil/github_repos/thesis/Distributed-Tsetlin-Machines/experiments/results_minority/II_x_III/rule156_vs_rule122/hamming_distance.png,/Users/amrkandil/github_repos/thesis/Distributed-Tsetlin-Machines/experiments/results_minority/II_x_III/rule156_vs_rule122/lag_hamming.png,/Users/amrkandil/github_repos/thesis/Distributed-Tsetlin-Machines/experiments/results_minority/II_x_III/rule156_vs_rule122/metrics.json
156,126,II_x_III,cycle,4,0,0.0,0.0,0.21737313432835823,0.014843169980063324,0.2164179104477612,coexist,,0.582089552238806,0.417910447761194,early,50,cycle,4,/Users/amrkandil/github_repos/thesis/Distributed-Tsetlin-Machines/experiments/results_minority/II_x_III/rule156_vs_rule126/hamming_distance.png,/Users/amrkandil/github_repos/thesis/Distributed-Tsetlin-Machines/experiments/results_minority/II_x_III/rule156_vs_rule126/lag_hamming.png,/Users/amrkandil/github_repos/thesis/Distributed-Tsetlin-Machines/experiments/results_minority/II_x_III/rule156_vs_rule126/metrics.json
156,146,II_x_III,near_cycle,4,0,0.044563078812486556,0.04456307881248669,0.22688557213930347,0.03480140718606282,0.2133582089552239,coexist,,0.7614427860696518,0.23855721393034826,late,150,cycle,48,/Users/amrkandil/github_repos/thesis/Distributed-Tsetlin-Machines/experiments/results_minority/II_x_III/rule156_vs_rule146/hamming_distance.png,/Users/amrkandil/github_repos/thesis/Distributed-Tsetlin-Machines/experiments/results_minority/II_x_III/rule156_vs_rule146/lag_hamming.png,/Users/amrkandil/github_repos/thesis/Distributed-Tsetlin-Machines/experiments/results_minority/II_x_III/rule156_vs_rule146/metrics.json
156,150,II_x_III,near_cycle,4,0,0.05942579294960979,0.05942579294960963,0.1683681592039801,0.025530211286327938,0.1646268656716418,coexist,,0.6643781094527363,0.33562189054726366,late,300,near_cycle,4,/Users/amrkandil/github_repos/thesis/Distributed-Tsetlin-Machines/experiments/results_minority/II_x_III/rule156_vs_rule150/hamming_distance.png,/Users/amrkandil/github_repos/thesis/Distributed-Tsetlin-Machines/experiments/results_minority/II_x_III/rule156_vs_rule150/lag_hamming.png,/Users/amrkandil/github_repos/thesis/Distributed-Tsetlin-Machines/experiments/results_minority/II_x_III/rule156_vs_rule150/metrics.json
162,18,II_x_III,cycle,24,0,0.0,0.0,0.6892039800995023,0.03340865478286478,0.6976865671641791,coexist,,0.5038308457711442,0.4961691542288557,early,100,cycle,24,/Users/amrkandil/github_repos/thesis/Distributed-Tsetlin-Machines/experiments/results_minority/II_x_III/rule162_vs_rule18/hamming_distance.png,/Users/amrkandil/github_repos/thesis/Distributed-Tsetlin-Machines/experiments/results_minority/II_x_III/rule162_vs_rule18/lag_hamming.png,/Users/amrkandil/github_repos/thesis/Distributed-Tsetlin-Machines/experiments/results_minority/II_x_III/rule162_vs_rule18/metrics.json
162,22,II_x_III,near_cycle,1,1,0.19805970149253743,0.6357960199004975,0.6327661691542289,0.03867800178504071,0.6357960199004975,coexist,,0.6979601990049751,0.30203980099502487,late,334,near_cycle,2,/Users/amrkandil/github_repos/thesis/Distributed-Tsetlin-Machines/experiments/results_minority/II_x_III/rule162_vs_rule22/hamming_distance.png,/Users/amrkandil/github_repos/thesis/Distributed-Tsetlin-Machines/experiments/results_minority/II_x_III/rule162_vs_rule22/lag_hamming.png,/Users/amrkandil/github_repos/thesis/Distributed-Tsetlin-Machines/experiments/results_minority/II_x_III/rule162_vs_rule22/metrics.json
162,30,II_x_III,near_cycle,1,1,0.1866169154228856,0.6442537313432836,0.6411840796019901,0.03729920657491976,0.6442537313432837,coexist,,0.734726368159204,0.265273631840796,late,250,near_cycle,1,/Users/amrkandil/github_repos/thesis/Distributed-Tsetlin-Machines/experiments/results_minority/II_x_III/rule162_vs_rule30/hamming_distance.png,/Users/amrkandil/github_repos/thesis/Distributed-Tsetlin-Machines/experiments/results_minority/II_x_III/rule162_vs_rule30/lag_hamming.png,/Users/amrkandil/github_repos/thesis/Distributed-Tsetlin-Machines/experiments/results_minority/II_x_III/rule162_vs_rule30/metrics.json
162,45,II_x_III,aperiodic,,,0.36407960199004974,0.5083582089552239,0.5078208955223882,0.034160964720074474,0.5083582089552239,coexist,,0.4826865671641791,0.5173134328358209,never,,aperiodic,,/Users/amrkandil/github_repos/thesis/Distributed-Tsetlin-Machines/experiments/results_minority/II_x_III/rule162_vs_rule45/hamming_distance.png,/Users/amrkandil/github_repos/thesis/Distributed-Tsetlin-Machines/experiments/results_minority/II_x_III/rule162_vs_rule45/lag_hamming.png,/Users/amrkandil/github_repos/thesis/Distributed-Tsetlin-Machines/experiments/results_minority/II_x_III/rule162_vs_rule45/metrics.json
162,60,II_x_III,aperiodic,,,0.23873134328358211,0.3858457711442786,0.37312437810945276,0.06631264059600014,0.3858457711442786,coexist,,0.4834825870646766,0.5165174129353234,never,,aperiodic,,/Users/amrkandil/github_repos/thesis/Distributed-Tsetlin-Machines/experiments/results_minority/II_x_III/rule162_vs_rule60/hamming_distance.png,/Users/amrkandil/github_repos/thesis/Distributed-Tsetlin-Machines/experiments/results_minority/II_x_III/rule162_vs_rule60/lag_hamming.png,/Users/amrkandil/github_repos/thesis/Distributed-Tsetlin-Machines/experiments/results_minority/II_x_III/rule162_vs_rule60/metrics.json
162,90,II_x_III,near_cycle,4,0,0.0699399726806772,0.06993997268067721,0.6737114427860698,0.03192733265450506,0.6807462686567165,coexist,,0.40865671641791046,0.5913432835820895,late,150,near_cycle,4,/Users/amrkandil/github_repos/thesis/Distributed-Tsetlin-Machines/experiments/results_minority/II_x_III/rule162_vs_rule90/hamming_distance.png,/Users/amrkandil/github_repos/thesis/Distributed-Tsetlin-Machines/experiments/results_minority/II_x_III/rule162_vs_rule90/lag_hamming.png,/Users/amrkandil/github_repos/thesis/Distributed-Tsetlin-Machines/experiments/results_minority/II_x_III/rule162_vs_rule90/metrics.json
162,105,II_x_III,aperiodic,,,0.2274253731343284,0.5889676616915422,0.5892238805970148,0.03586703910205259,0.5889676616915422,coexist,,0.6446268656716417,0.3553731343283582,never,,aperiodic,,/Users/amrkandil/github_repos/thesis/Distributed-Tsetlin-Machines/experiments/results_minority/II_x_III/rule162_vs_rule105/hamming_distance.png,/Users/amrkandil/github_repos/thesis/Distributed-Tsetlin-Machines/experiments/results_minority/II_x_III/rule162_vs_rule105/lag_hamming.png,/Users/amrkandil/github_repos/thesis/Distributed-Tsetlin-Machines/experiments/results_minority/II_x_III/rule162_vs_rule105/metrics.json
162,122,II_x_III,cycle,2,0,2.828030789094926e-16,0.0,0.9924676616915423,0.03838714023385024,1.0,coexist,,0.6467661691542289,0.35323383084577115,early,50,cycle,2,/Users/amrkandil/github_repos/thesis/Distributed-Tsetlin-Machines/experiments/results_minority/II_x_III/rule162_vs_rule122/hamming_distance.png,/Users/amrkandil/github_repos/thesis/Distributed-Tsetlin-Machines/experiments/results_minority/II_x_III/rule162_vs_rule122/lag_hamming.png,/Users/amrkandil/github_repos/thesis/Distributed-Tsetlin-Machines/experiments/results_minority/II_x_III/rule162_vs_rule122/metrics.json
162,126,II_x_III,near_cycle,1,1,0.1071144278606966,0.8775124378109452,0.8619800995024876,0.05818629401132204,0.8775124378109453,dominate,a,0.9202487562189055,0.07975124378109452,late,334,near_cycle,1,/Users/amrkandil/github_repos/thesis/Distributed-Tsetlin-Machines/experiments/results_minority/II_x_III/rule162_vs_rule126/hamming_distance.png,/Users/amrkandil/github_repos/thesis/Distributed-Tsetlin-Machines/experiments/results_minority/II_x_III/rule162_vs_rule126/lag_hamming.png,/Users/amrkandil/github_repos/thesis/Distributed-Tsetlin-Machines/experiments/results_minority/II_x_III/rule162_vs_rule126/metrics.json
162,146,II_x_III,cycle,24,0,2.1210230918211945e-16,0.0,0.6606268656716417,0.026874977198056458,0.6670646766169154,coexist,,0.47378109452736317,0.5262189054726368,early,100,cycle,24,/Users/amrkandil/github_repos/thesis/Distributed-Tsetlin-Machines/experiments/results_minority/II_x_III/rule162_vs_rule146/hamming_distance.png,/Users/amrkandil/github_repos/thesis/Distributed-Tsetlin-Machines/experiments/results_minority/II_x_III/rule162_vs_rule146/lag_hamming.png,/Users/amrkandil/github_repos/thesis/Distributed-Tsetlin-Machines/experiments/results_minority/II_x_III/rule162_vs_rule146/metrics.json
162,150,II_x_III,cycle,4,0,0.0,0.0,0.898039800995025,0.06868086027276979,0.9154228855721394,coexist,,0.7786069651741293,0.22139303482587064,early,50,cycle,4,/Users/amrkandil/github_repos/thesis/Distributed-Tsetlin-Machines/experiments/results_minority/II_x_III/rule162_vs_rule150/hamming_distance.png,/Users/amrkandil/github_repos/thesis/Distributed-Tsetlin-Machines/experiments/results_minority/II_x_III/rule162_vs_rule150/lag_hamming.png,/Users/amrkandil/github_repos/thesis/Distributed-Tsetlin-Machines/experiments/results_minority/II_x_III/rule162_vs_rule150/metrics.json
164,18,II_x_III,cycle,84,0,0.0,0.0,0.21161194029850744,0.021290302912220543,0.20871890547263683,coexist,,0.4015422885572139,0.598457711442786,early,50,near_cycle,4,/Users/amrkandil/github_repos/thesis/Distributed-Tsetlin-Machines/experiments/results_minority/II_x_III/rule164_vs_rule18/hamming_distance.png,/Users/amrkandil/github_repos/thesis/Distributed-Tsetlin-Machines/experiments/results_minority/II_x_III/rule164_vs_rule18/lag_hamming.png,/Users/amrkandil/github_repos/thesis/Distributed-Tsetlin-Machines/experiments/results_minority/II_x_III/rule164_vs_rule18/metrics.json
164,22,II_x_III,near_cycle,4,0,0.05426269157988384,0.054262691579883955,0.22417910447761194,0.0328615909730971,0.2196517412935323,coexist,,0.5021393034825871,0.49786069651741294,late,150,near_cycle,4,/Users/amrkandil/github_repos/thesis/Distributed-Tsetlin-Machines/experiments/results_minority/II_x_III/rule164_vs_rule22/hamming_distance.png,/Users/amrkandil/github_repos/thesis/Distributed-Tsetlin-Machines/experiments/results_minority/II_x_III/rule164_vs_rule22/lag_hamming.png,/Users/amrkandil/github_repos/thesis/Distributed-Tsetlin-Machines/experiments/results_minority/II_x_III/rule164_vs_rule22/metrics.json
164,30,II_x_III,near_cycle,48,0,0.1489295730976845,0.14892957309768437,0.38752238805970146,0.035332608983665977,0.38190298507462683,coexist,,0.5142786069651741,0.48572139303482587,late,334,near_cycle,48,/Users/amrkandil/github_repos/thesis/Distributed-Tsetlin-Machines/experiments/results_minority/II_x_III/rule164_vs_rule30/hamming_distance.png,/Users/amrkandil/github_repos/thesis/Distributed-Tsetlin-Machines/experiments/results_minority/II_x_III/rule164_vs_rule30/lag_hamming.png,/Users/amrkandil/github_repos/thesis/Distributed-Tsetlin-Machines/experiments/results_minority/II_x_III/rule164_vs_rule30/metrics.json
164,45,II_x_III,aperiodic,,,0.2915272503978847,0.29152725039788463,0.3154726368159204,0.04116743319064296,0.3074129353233831,coexist,,0.37477611940298505,0.625223880597015,never,,aperiodic,,/Users/amrkandil/github_repos/thesis/Distributed-Tsetlin-Machines/experiments/results_minority/II_x_III/rule164_vs_rule45/hamming_distance.png,/Users/amrkandil/github_repos/thesis/Distributed-Tsetlin-Machines/experiments/results_minority/II_x_III/rule164_vs_rule45/lag_hamming.png,/Users/amrkandil/github_repos/thesis/Distributed-Tsetlin-Machines/experiments/results_minority/II_x_III/rule164_vs_rule45/metrics.json
164,60,II_x_III,aperiodic,,,0.16694109523556594,0.16694109523556594,0.22316417910447764,0.028691962846101694,0.2234577114427861,coexist,,0.4263681592039801,0.5736318407960199,never,,aperiodic,,/Users/amrkandil/github_repos/thesis/Distributed-Tsetlin-Machines/experiments/results_minority/II_x_III/rule164_vs_rule60/hamming_distance.png,/Users/amrkandil/github_repos/thesis/Distributed-Tsetlin-Machines/experiments/results_minority/II_x_III/rule164_vs_rule60/lag_hamming.png,/Users/amrkandil/github_repos/thesis/Distributed-Tsetlin-Machines/experiments/results_minority/II_x_III/rule164_vs_rule60/metrics.json
164,90,II_x_III,cycle,84,0,0.0,0.0,0.27946268656716416,0.013857678256198281,0.2778855721393035,coexist,,0.4103980099502488,0.5896019900497512,late,334,near_cycle,2,/Users/amrkandil/github_repos/thesis/Distributed-Tsetlin-Machines/experiments/results_minority/II_x_III/rule164_vs_rule90/hamming_distance.png,/Users/amrkandil/github_repos/thesis/Distributed-Tsetlin-Machines/experiments/results_minority/II_x_III/rule164_vs_rule90/lag_hamming.png,/Users/amrkandil/github_repos/thesis/Distributed-Tsetlin-Machines/experiments/results_minority/II_x_III/rule164_vs_rule90/metrics.json
164,105,II_x_III,near_cycle,2,0,0.09202109751991933,0.0920210975199192,0.4701592039800995,0.018499166278274887,0.4725,coexist,,0.39597014925373136,0.6040298507462687,late,200,near_cycle,2,/Users/amrkandil/github_repos/thesis/Distributed-Tsetlin-Machines/experiments/results_minority/II_x_III/rule164_vs_rule105/hamming_distance.png,/Users/amrkandil/github_repos/thesis/Distributed-Tsetlin-Machines/experiments/results_minority/II_x_III/rule164_vs_rule105/lag_hamming.png,/Users/amrkandil/github_repos/thesis/Distributed-Tsetlin-Machines/experiments/results_minority/II_x_III/rule164_vs_rule105/metrics.json
164,122,II_x_III,cycle,12,0,7.070076972737315e-17,0.0,0.5245373134328358,0.020841778788665485,0.5290174129353233,coexist,,0.39925373134328357,0.6007462686567164,early,100,cycle,12,/Users/amrkandil/github_repos/thesis/Distributed-Tsetlin-Machines/experiments/results_minority/II_x_III/rule164_vs_rule122/hamming_distance.png,/Users/amrkandil/github_repos/thesis/Distributed-Tsetlin-Machines/experiments/results_minority/II_x_III/rule164_vs_rule122/lag_hamming.png,/Users/amrkandil/github_repos/thesis/Distributed-Tsetlin-Machines/experiments/results_minority/II_x_III/rule164_vs_rule122/metrics.json
164,126,II_x_III,near_cycle,4,0,0.11885158589921938,0.11885158589921926,0.4668557213930348,0.02944321985560443,0.4691417910447761,coexist,,0.5842786069651741,0.41572139303482586,early,100,near_cycle,4,/Users/amrkandil/github_repos/thesis/Distributed-Tsetlin-Machines/experiments/results_minority/II_x_III/rule164_vs_rule126/hamming_distance.png,/Users/amrkandil/github_repos/thesis/Distributed-Tsetlin-Machines/experiments/results_minority/II_x_III/rule164_vs_rule126/lag_hamming.png,/Users/amrkandil/github_repos/thesis/Distributed-Tsetlin-Machines/experiments/results_minority/II_x_III/rule164_vs_rule126/metrics.json
164,146,II_x_III,cycle,84,0,2.1210230918211945e-16,0.0,0.15576119402985075,0.0231314586568717,0.15185323383084576,coexist,,0.42009950248756217,0.5799004975124378,late,334,near_cycle,2,/Users/amrkandil/github_repos/thesis/Distributed-Tsetlin-Machines/experiments/results_minority/II_x_III/rule164_vs_rule146/hamming_distance.png,/Users/amrkandil/github_repos/thesis/Distributed-Tsetlin-Machines/experiments/results_minority/II_x_III/rule164_vs_rule146/lag_hamming.png,/Users/amrkandil/github_repos/thesis/Distributed-Tsetlin-Machines/experiments/results_minority/II_x_III/rule164_vs_rule146/metrics.json
164,150,II_x_III,aperiodic,,,0.2731932278155821,0.27319322781558203,0.40148258706467665,0.03583015220363251,0.40803482587064677,coexist,,0.47189054726368157,0.5281094527363184,never,,aperiodic,,/Users/amrkandil/github_repos/thesis/Distributed-Tsetlin-Machines/experiments/results_minority/II_x_III/rule164_vs_rule150/hamming_distance.png,/Users/amrkandil/github_repos/thesis/Distributed-Tsetlin-Machines/experiments/results_minority/II_x_III/rule164_vs_rule150/lag_hamming.png,/Users/amrkandil/github_repos/thesis/Distributed-Tsetlin-Machines/experiments/results_minority/II_x_III/rule164_vs_rule150/metrics.json
170,18,II_x_III,near_cycle,1,1,0.11028606965174131,0.6174253731343283,0.6153333333333333,0.049121606795300636,0.6174253731343283,coexist,,0.6048756218905472,0.3951243781094527,early,100,near_cycle,1,/Users/amrkandil/github_repos/thesis/Distributed-Tsetlin-Machines/experiments/results_minority/II_x_III/rule170_vs_rule18/hamming_distance.png,/Users/amrkandil/github_repos/thesis/Distributed-Tsetlin-Machines/experiments/results_minority/II_x_III/rule170_vs_rule18/lag_hamming.png,/Users/amrkandil/github_repos/thesis/Distributed-Tsetlin-Machines/experiments/results_minority/II_x_III/rule170_vs_rule18/metrics.json
170,22,II_x_III,near_cycle,4,0,0.0919959396969811,0.09199593969698108,0.4904179104477612,0.029181775992865307,0.4891417910447761,coexist,,0.4090547263681592,0.5909452736318408,early,50,near_cycle,4,/Users/amrkandil/github_repos/thesis/Distributed-Tsetlin-Machines/experiments/results_minority/II_x_III/rule170_vs_rule22/hamming_distance.png,/Users/amrkandil/github_repos/thesis/Distributed-Tsetlin-Machines/experiments/results_minority/II_x_III/rule170_vs_rule22/lag_hamming.png,/Users/amrkandil/github_repos/thesis/Distributed-Tsetlin-Machines/experiments/results_minority/II_x_III/rule170_vs_rule22/metrics.json
170,30,II_x_III,cycle,96,0,0.0,0.0,0.48044776119402993,0.0188485001727829,0.48094527363184075,coexist,,0.4390049751243781,0.5609950248756219,early,100,near_cycle,8,/Users/amrkandil/github_repos/thesis/Distributed-Tsetlin-Machines/experiments/results_minority/II_x_III/rule170_vs_rule30/hamming_distance.png,/Users/amrkandil/github_repos/thesis/Distributed-Tsetlin-Machines/experiments/results_minority/II_x_III/rule170_vs_rule30/lag_hamming.png,/Users/amrkandil/github_repos/thesis/Distributed-Tsetlin-Machines/experiments/results_minority/II_x_III/rule170_vs_rule30/metrics.json
170,45,II_x_III,near_cycle,12,0,0.10102444077811465,0.10102444077811457,0.4880597014925373,0.02083027006513266,0.4879228855721393,coexist,,0.4753233830845771,0.5246766169154229,late,334,near_cycle,12,/Users/amrkandil/github_repos/thesis/Distributed-Tsetlin-Machines/experiments/results_minority/II_x_III/rule170_vs_rule45/hamming_distance.png,/Users/amrkandil/github_repos/thesis/Distributed-Tsetlin-Machines/experiments/results_minority/II_x_III/rule170_vs_rule45/lag_hamming.png,/Users/amrkandil/github_repos/thesis/Distributed-Tsetlin-Machines/experiments/results_minority/II_x_III/rule170_vs_rule45/metrics.json
170,60,II_x_III,cycle,6,0,0.0,0.0,0.6361691542288558,0.028179194071870393,0.6417412935323382,coexist,,0.4916417910447761,0.5083582089552239,early,100,cycle,6,/Users/amrkandil/github_repos/thesis/Distributed-Tsetlin-Machines/experiments/results_minority/II_x_III/rule170_vs_rule60/hamming_distance.png,/Users/amrkandil/github_repos/thesis/Distributed-Tsetlin-Machines/experiments/results_minority/II_x_III/rule170_vs_rule60/lag_hamming.png,/Users/amrkandil/github_repos/thesis/Distributed-Tsetlin-Machines/experiments/results_minority/II_x_III/rule170_vs_rule60/metrics.json
170,90,II_x_III,aperiodic,,,0.2732835820895522,0.5050248756218906,0.5041990049751244,0.03543380680209936,0.5050248756218906,coexist,,0.48218905472636814,0.5178109452736318,never,,aperiodic,,/Users/amrkandil/github_repos/thesis/Distributed-Tsetlin-Machines/experiments/results_minority/II_x_III/rule170_vs_rule90/hamming_distance.png,/Users/amrkandil/github_repos/thesis/Distributed-Tsetlin-Machines/experiments/results_minority/II_x_III/rule170_vs_rule90/lag_hamming.png,/Users/amrkandil/github_repos/thesis/Distributed-Tsetlin-Machines/experiments/results_minority/II_x_III/rule170_vs_rule90/metrics.json
170,105,II_x_III,aperiodic,,,0.250547263681592,0.4989054726368159,0.49803980099502493,0.0370220008751323,0.49890547263681595,coexist,,0.505273631840796,0.49472636815920396,never,,aperiodic,,/Users/amrkandil/github_repos/thesis/Distributed-Tsetlin-Machines/experiments/results_minority/II_x_III/rule170_vs_rule105/hamming_distance.png,/Users/amrkandil/github_repos/thesis/Distributed-Tsetlin-Machines/experiments/results_minority/II_x_III/rule170_vs_rule105/lag_hamming.png,/Users/amrkandil/github_repos/thesis/Distributed-Tsetlin-Machines/experiments/results_minority/II_x_III/rule170_vs_rule105/metrics.json
170,122,II_x_III,near_cycle,1,1,0.21131840796019902,0.5619651741293532,0.5636119402985076,0.03648642523263653,0.5619651741293532,coexist,,0.539452736318408,0.46054726368159205,late,300,near_cycle,1,/Users/amrkandil/github_repos/thesis/Distributed-Tsetlin-Machines/experiments/results_minority/II_x_III/rule170_vs_rule122/hamming_distance.png,/Users/amrkandil/github_repos/thesis/Distributed-Tsetlin-Machines/experiments/results_minority/II_x_III/rule170_vs_rule122/lag_hamming.png,/Users/amrkandil/github_repos/thesis/Distributed-Tsetlin-Machines/experiments/results_minority/II_x_III/rule170_vs_rule122/metrics.json
170,126,II_x_III,aperiodic,,,0.27634328358208954,0.4772636815920398,0.4784179104477612,0.028783472770757393,0.47726368159203986,coexist,,0.5307960199004975,0.4692039800995025,never,,aperiodic,,/Users/amrkandil/github_repos/thesis/Distributed-Tsetlin-Machines/experiments/results_minority/II_x_III/rule170_vs_rule126/hamming_distance.png,/Users/amrkandil/github_repos/thesis/Distributed-Tsetlin-Machines/experiments/results_minority/II_x_III/rule170_vs_rule126/lag_hamming.png,/Users/amrkandil/github_repos/thesis/Distributed-Tsetlin-Machines/experiments/results_minority/II_x_III/rule170_vs_rule126/metrics.json
170,146,II_x_III,aperiodic,,,0.12850107146885226,0.1285010714688522,0.6503681592039801,0.04604821611067116,0.6622014925373133,coexist,,0.5682587064676617,0.4317412935323383,late,334,near_cycle,4,/Users/amrkandil/github_repos/thesis/Distributed-Tsetlin-Machines/experiments/results_minority/II_x_III/rule170_vs_rule146/hamming_distance.png,/Users/amrkandil/github_repos/thesis/Distributed-Tsetlin-Machines/experiments/results_minority/II_x_III/rule170_vs_rule146/lag_hamming.png,/Users/amrkandil/github_repos/thesis/Distributed-Tsetlin-Machines/experiments/results_minority/II_x_III/rule170_vs_rule146/metrics.json
170,150,II_x_III,cycle,104,0,0.0,0.0,0.49296517412935326,0.018741501543419022,0.49559701492537317,coexist,,0.395273631840796,0.604726368159204,early,100,near_cycle,4,/Users/amrkandil/github_repos/thesis/Distributed-Tsetlin-Machines/experiments/results_minority/II_x_III/rule170_vs_rule150/hamming_distance.png,/Users/amrkandil/github_repos/thesis/Distributed-Tsetlin-Machines/experiments/results_minority/II_x_III/rule170_vs_rule150/lag_hamming.png,/Users/amrkandil/github_repos/thesis/Distributed-Tsetlin-Machines/experiments/results_minority/II_x_III/rule170_vs_rule150/metrics.json
172,18,II_x_III,near_cycle,40,0,0.06609611223660092,0.06609611223660093,0.23903482587064678,0.030545758142684454,0.2460074626865672,coexist,,0.4867164179104478,0.5132835820895523,late,200,near_cycle,40,/Users/amrkandil/github_repos/thesis/Distributed-Tsetlin-Machines/experiments/results_minority/II_x_III/rule172_vs_rule18/hamming_distance.png,/Users/amrkandil/github_repos/thesis/Distributed-Tsetlin-Machines/experiments/results_minority/II_x_III/rule172_vs_rule18/lag_hamming.png,/Users/amrkandil/github_repos/thesis/Distributed-Tsetlin-Machines/experiments/results_minority/II_x_III/rule172_vs_rule18/metrics.json
172,22,II_x_III,near_cycle,8,0,0.13735394275442123,0.13735394275442128,0.41293532338308453,0.031028187939688374,0.41763681592039803,coexist,,0.5049253731343284,0.49507462686567166,late,334,near_cycle,8,/Users/amrkandil/github_repos/thesis/Distributed-Tsetlin-Machines/experiments/results_minority/II_x_III/rule172_vs_rule22/hamming_distance.png,/Users/amrkandil/github_repos/thesis/Distributed-Tsetlin-Machines/experiments/results_minority/II_x_III/rule172_vs_rule22/lag_hamming.png,/Users/amrkandil/github_repos/thesis/Distributed-Tsetlin-Machines/experiments/results_minority/II_x_III/rule172_vs_rule22/metrics.json
172,30,II_x_III,near_cycle,8,0,0.10660438266681864,0.10660438266681858,0.4310248756218906,0.025410909350161572,0.436318407960199,coexist,,0.5405970149253732,0.45940298507462685,late,250,near_cycle,8,/Users/amrkandil/github_repos/thesis/Distributed-Tsetlin-Machines/experiments/results_minority/II_x_III/rule172_vs_rule30/hamming_distance.png,/Users/amrkandil/github_repos/thesis/Distributed-Tsetlin-Machines/experiments/results_minority/II_x_III/rule172_vs_rule30/lag_hamming.png,/Users/amrkandil/github_repos/thesis/Distributed-Tsetlin-Machines/experiments/results_minority/II_x_III/rule172_vs_rule30/metrics.json
172,45,II_x_III,aperiodic,,,0.35340796019900494,0.353407960199005,0.3485771144278607,0.03987303927354151,0.35340796019900494,coexist,,0.4618905472636816,0.5381094527363184,never,,aperiodic,,/Users/amrkandil/github_repos/thesis/Distributed-Tsetlin-Machines/experiments/results_minority/II_x_III/rule172_vs_rule45/hamming_distance.png,/Users/amrkandil/github_repos/thesis/Distributed-Tsetlin-Machines/experiments/results_minority/II_x_III/rule172_vs_rule45/lag_hamming.png,/Users/amrkandil/github_repos/thesis/Distributed-Tsetlin-Machines/experiments/results_minority/II_x_III/rule172_vs_rule45/metrics.json
172,60,II_x_III,aperiodic,,,0.24257845631891423,0.24257845631891434,0.28210945273631843,0.033031373073767877,0.27996268656716417,coexist,,0.46124378109452735,0.5387562189054727,never,,aperiodic,,/Users/amrkandil/github_repos/thesis/Distributed-Tsetlin-Machines/experiments/results_minority/II_x_III/rule172_vs_rule60/hamming_distance.png,/Users/amrkandil/github_repos/thesis/Distributed-Tsetlin-Machines/experiments/results_minority/II_x_III/rule172_vs_rule60/lag_hamming.png,/Users/amrkandil/github_repos/thesis/Distributed-Tsetlin-Machines/experiments/results_minority/II_x_III/rule172_vs_rule60/metrics.json
172,90,II_x_III,aperiodic,,,0.3238592929558755,0.3238592929558755,0.41420895522388057,0.03205249277376955,0.41939054726368163,coexist,,0.45298507462686566,0.5470149253731343,never,,aperiodic,,/Users/amrkandil/github_repos/thesis/Distributed-Tsetlin-Machines/experiments/results_minority/II_x_III/rule172_vs_rule90/hamming_distance.png,/Users/amrkandil/github_repos/thesis/Distributed-Tsetlin-Machines/experiments/results_minority/II_x_III/rule172_vs_rule90/lag_hamming.png,/Users/amrkandil/github_repos/thesis/Distributed-Tsetlin-Machines/experiments/results_minority/II_x_III/rule172_vs_rule90/metrics.json
172,105,II_x_III,near_cycle,4,0,0.07179467899795734,0.07179467899795731,0.31162189054726364,0.02580718584650037,0.30266169154228856,coexist,,0.4717910447761194,0.5282089552238806,early,100,near_cycle,4,/Users/amrkandil/github_repos/thesis/Distributed-Tsetlin-Machines/experiments/results_minority/II_x_III/rule172_vs_rule105/hamming_distance.png,/Users/amrkandil/github_repos/thesis/Distributed-Tsetlin-Machines/experiments/results_minority/II_x_III/rule172_vs_rule105/lag_hamming.png,/Users/amrkandil/github_repos/thesis/Distributed-Tsetlin-Machines/experiments/results_minority/II_x_III/rule172_vs_rule105/metrics.json
172,122,II_x_III,aperiodic,,,0.30022431920999537,0.30022431920999537,0.456457711442786,0.04053688357199481,0.45702736318407955,coexist,,0.4507462686567164,0.5492537313432836,never,,aperiodic,,/Users/amrkandil/github_repos/thesis/Distributed-Tsetlin-Machines/experiments/results_minority/II_x_III/rule172_vs_rule122/hamming_distance.png,/Users/amrkandil/github_repos/thesis/Distributed-Tsetlin-Machines/experiments/results_minority/II_x_III/rule172_vs_rule122/lag_hamming.png,/Users/amrkandil/github_repos/thesis/Distributed-Tsetlin-Machines/experiments/results_minority/II_x_III/rule172_vs_rule122/metrics.json
172,126,II_x_III,near_cycle,8,0,0.19189042067018594,0.19189042067018597,0.4156218905472637,0.02275998419969306,0.4171890547263682,coexist,,0.4981592039800995,0.5018407960199005,late,300,near_cycle,8,/Users/amrkandil/github_repos/thesis/Distributed-Tsetlin-Machines/experiments/results_minority/II_x_III/rule172_vs_rule126/hamming_distance.png,/Users/amrkandil/github_repos/thesis/Distributed-Tsetlin-Machines/experiments/results_minority/II_x_III/rule172_vs_rule126/lag_hamming.png,/Users/amrkandil/github_repos/thesis/Distributed-Tsetlin-Machines/experiments/results_minority/II_x_III/rule172_vs_rule126/metrics.json
172,146,II_x_III,near_cycle,28,0,0.05496645459031929,0.05496645459031918,0.20374129353233833,0.028003231699558675,0.19680348258706468,coexist,,0.45308457711442784,0.5469154228855722,late,334,near_cycle,28,/Users/amrkandil/github_repos/thesis/Distributed-Tsetlin-Machines/experiments/results_minority/II_x_III/rule172_vs_rule146/hamming_distance.png,/Users/amrkandil/github_repos/thesis/Distributed-Tsetlin-Machines/experiments/results_minority/II_x_III/rule172_vs_rule146/lag_hamming.png,/Users/amrkandil/github_repos/thesis/Distributed-Tsetlin-Machines/experiments/results_minority/II_x_III/rule172_vs_rule146/metrics.json
172,150,II_x_III,near_cycle,4,0,0.115580786245097,0.11558078624509693,0.4383681592039801,0.02908616849795004,0.4437064676616916,coexist,,0.44532338308457714,0.5546766169154229,late,300,near_cycle,4,/Users/amrkandil/github_repos/thesis/Distributed-Tsetlin-Machines/experiments/results_minority/II_x_III/rule172_vs_rule150/hamming_distance.png,/Users/amrkandil/github_repos/thesis/Distributed-Tsetlin-Machines/experiments/results_minority/II_x_III/rule172_vs_rule150/lag_hamming.png,/Users/amrkandil/github_repos/thesis/Distributed-Tsetlin-Machines/experiments/results_minority/II_x_III/rule172_vs_rule150/metrics.json
178,18,II_x_III,cycle,12,0,0.0,0.0,0.8060895522388061,0.018860527879496637,0.8076243781094528,coexist,,0.5837313432835821,0.4162686567164179,early,50,cycle,12,/Users/amrkandil/github_repos/thesis/Distributed-Tsetlin-Machines/experiments/results_minority/II_x_III/rule178_vs_rule18/hamming_distance.png,/Users/amrkandil/github_repos/thesis/Distributed-Tsetlin-Machines/experiments/results_minority/II_x_III/rule178_vs_rule18/lag_hamming.png,/Users/amrkandil/github_repos/thesis/Distributed-Tsetlin-Machines/experiments/results_minority/II_x_III/rule178_vs_rule18/metrics.json
178,22,II_x_III,cycle,12,0,2.1210230918211945e-16,0.0,0.9288756218905474,0.029874113573716318,0.9336567164179105,coexist,,0.7251243781094527,0.27487562189054726,early,50,cycle,12,/Users/amrkandil/github_repos/thesis/Distributed-Tsetlin-Machines/experiments/results_minority/II_x_III/rule178_vs_rule22/hamming_distance.png,/Users/amrkandil/github_repos/thesis/Distributed-Tsetlin-Machines/experiments/results_minority/II_x_III/rule178_vs_rule22/lag_hamming.png,/Users/amrkandil/github_repos/thesis/Distributed-Tsetlin-Machines/experiments/results_minority/II_x_III/rule178_vs_rule22/metrics.json
178,30,II_x_III,cycle,12,0,3.535038486368658e-16,0.0,0.9220497512437814,0.03635103012506914,0.9286940298507466,coexist,,0.7873134328358209,0.2126865671641791,early,50,cycle,12,/Users/amrkandil/github_repos/thesis/Distributed-Tsetlin-Machines/experiments/results_minority/II_x_III/rule178_vs_rule30/hamming_distance.png,/Users/amrkandil/github_repos/thesis/Distributed-Tsetlin-Machines/experiments/results_minority/II_x_III/rule178_vs_rule30/lag_hamming.png,/Users/amrkandil/github_repos/thesis/Distributed-Tsetlin-Machines/experiments/results_minority/II_x_III/rule178_vs_rule30/metrics.json
178,45,II_x_III,cycle,24,0,2.1210230918211945e-16,0.0,0.8320995024875623,0.02509578985307682,0.8354228855721394,coexist,,0.790547263681592,0.20945273631840797,early,50,cycle,24,/Users/amrkandil/github_repos/thesis/Distributed-Tsetlin-Machines/experiments/results_minority/II_x_III/rule178_vs_rule45/hamming_distance.png,/Users/amrkandil/github_repos/thesis/Distributed-Tsetlin-Machines/experiments/results_minority/II_x_III/rule178_vs_rule45/lag_hamming.png,/Users/amrkandil/github_repos/thesis/Distributed-Tsetlin-Machines/experiments/results_minority/II_x_III/rule178_vs_rule45/metrics.json
178,60,II_x_III,cycle,48,0,7.070076972737315e-17,0.0,0.9057910447761194,0.03626722488967126,0.911679104477612,coexist,,0.8053233830845771,0.19467661691542287,early,100,cycle,48,/Users/amrkandil/github_repos/thesis/Distributed-Tsetlin-Machines/experiments/results_minority/II_x_III/rule178_vs_rule60/hamming_distance.png,/Users/amrkandil/github_repos/thesis/Distributed-Tsetlin-Machines/experiments/results_minority/II_x_III/rule178_vs_rule60/lag_hamming.png,/Users/amrkandil/github_repos/thesis/Distributed-Tsetlin-Machines/experiments/results_minority/II_x_III/rule178_vs_rule60/metrics.json
178,90,II_x_III,cycle,12,0,0.0,0.0,0.8140398009950249,0.020538959689504744,0.8175870646766171,coexist,,0.650497512437811,0.34950248756218905,early,50,cycle,12,/Users/amrkandil/github_repos/thesis/Distributed-Tsetlin-Machines/experiments/results_minority/II_x_III/rule178_vs_rule90/hamming_distance.png,/Users/amrkandil/github_repos/thesis/Distributed-Tsetlin-Machines/experiments/results_minority/II_x_III/rule178_vs_rule90/lag_hamming.png,/Users/amrkandil/github_repos/thesis/Distributed-Tsetlin-Machines/experiments/results_minority/II_x_III/rule178_vs_rule90/metrics.json
178,105,II_x_III,cycle,4,0,4.949053880916121e-16,0.0,0.8330049751243782,0.01583750497076222,0.8358208955223881,coexist,,0.7300995024875622,0.26990049751243783,early,50,cycle,4,/Users/amrkandil/github_repos/thesis/Distributed-Tsetlin-Machines/experiments/results_minority/II_x_III/rule178_vs_rule105/hamming_distance.png,/Users/amrkandil/github_repos/thesis/Distributed-Tsetlin-Machines/experiments/results_minority/II_x_III/rule178_vs_rule105/lag_hamming.png,/Users/amrkandil/github_repos/thesis/Distributed-Tsetlin-Machines/experiments/results_minority/II_x_III/rule178_vs_rule105/metrics.json
178,122,II_x_III,cycle,2,0,7.070076972737315e-17,0.0,0.9771940298507461,0.021658050734193763,0.980099502487562,coexist,,0.6318407960199005,0.3681592039800995,early,50,cycle,2,/Users/amrkandil/github_repos/thesis/Distributed-Tsetlin-Machines/experiments/results_minority/II_x_III/rule178_vs_rule122/hamming_distance.png,/Users/amrkandil/github_repos/thesis/Distributed-Tsetlin-Machines/experiments/results_minority/II_x_III/rule178_vs_rule122/lag_hamming.png,/Users/amrkandil/github_repos/thesis/Distributed-Tsetlin-Machines/experiments/results_minority/II_x_III/rule178_vs_rule122/metrics.json
178,126,II_x_III,cycle,12,0,3.535038486368658e-16,0.0,0.9537512437810944,0.03223956758513186,0.9593656716417908,coexist,,0.835820895522388,0.16417910447761194,early,50,cycle,12,/Users/amrkandil/github_repos/thesis/Distributed-Tsetlin-Machines/experiments/results_minority/II_x_III/rule178_vs_rule126/hamming_distance.png,/Users/amrkandil/github_repos/thesis/Distributed-Tsetlin-Machines/experiments/results_minority/II_x_III/rule178_vs_rule126/lag_hamming.png,/Users/amrkandil/github_repos/thesis/Distributed-Tsetlin-Machines/experiments/results_minority/II_x_III/rule178_vs_rule126/metrics.json
178,146,II_x_III,cycle,12,0,2.1210230918211945e-16,0.0,0.807950248756219,0.026138867895171298,0.8101119402985074,coexist,,0.6023880597014926,0.39761194029850744,early,50,cycle,12,/Users/amrkandil/github_repos/thesis/Distributed-Tsetlin-Machines/experiments/results_minority/II_x_III/rule178_vs_rule146/hamming_distance.png,/Users/amrkandil/github_repos/thesis/Distributed-Tsetlin-Machines/experiments/results_minority/II_x_III/rule178_vs_rule146/lag_hamming.png,/Users/amrkandil/github_repos/thesis/Distributed-Tsetlin-Machines/experiments/results_minority/II_x_III/rule178_vs_rule146/metrics.json
178,150,II_x_III,cycle,4,0,3.535038486368658e-16,0.0,0.8863084577114427,0.029073673369663162,0.890547263681592,coexist,,0.681592039800995,0.31840796019900497,early,50,cycle,4,/Users/amrkandil/github_repos/thesis/Distributed-Tsetlin-Machines/experiments/results_minority/II_x_III/rule178_vs_rule150/hamming_distance.png,/Users/amrkandil/github_repos/thesis/Distributed-Tsetlin-Machines/experiments/results_minority/II_x_III/rule178_vs_rule150/lag_hamming.png,/Users/amrkandil/github_repos/thesis/Distributed-Tsetlin-Machines/experiments/results_minority/II_x_III/rule178_vs_rule150/metrics.json
184,18,II_x_III,near_cycle,56,0,0.09908428870142046,0.09908428870142043,0.6493432835820896,0.04596693900186263,0.6654228855721394,coexist,,0.5809950248756219,0.4190049751243781,never,,aperiodic,,/Users/amrkandil/github_repos/thesis/Distributed-Tsetlin-Machines/experiments/results_minority/II_x_III/rule184_vs_rule18/hamming_distance.png,/Users/amrkandil/github_repos/thesis/Distributed-Tsetlin-Machines/experiments/results_minority/II_x_III/rule184_vs_rule18/lag_hamming.png,/Users/amrkandil/github_repos/thesis/Distributed-Tsetlin-Machines/experiments/results_minority/II_x_III/rule184_vs_rule18/metrics.json
184,22,II_x_III,near_cycle,1,-1,0.004838308457711708,0.8436691542288557,0.8189552238805973,0.058733002688537594,0.843669154228856,dominate_complete,a,1.0,0.0,late,200,drift,1,/Users/amrkandil/github_repos/thesis/Distributed-Tsetlin-Machines/experiments/results_minority/II_x_III/rule184_vs_rule22/hamming_distance.png,/Users/amrkandil/github_repos/thesis/Distributed-Tsetlin-Machines/experiments/results_minority/II_x_III/rule184_vs_rule22/lag_hamming.png,/Users/amrkandil/github_repos/thesis/Distributed-Tsetlin-Machines/experiments/results_minority/II_x_III/rule184_vs_rule22/metrics.json
184,30,II_x_III,near_cycle,8,0,0.03443343081032495,0.03443343081032497,0.6536019900497513,0.022529198016095344,0.657636815920398,coexist,,0.8003980099502488,0.19960199004975124,late,200,cycle,48,/Users/amrkandil/github_repos/thesis/Distributed-Tsetlin-Machines/experiments/results_minority/II_x_III/rule184_vs_rule30/hamming_distance.png,/Users/amrkandil/github_repos/thesis/Distributed-Tsetlin-Machines/experiments/results_minority/II_x_III/rule184_vs_rule30/lag_hamming.png,/Users/amrkandil/github_repos/thesis/Distributed-Tsetlin-Machines/experiments/results_minority/II_x_III/rule184_vs_rule30/metrics.json
184,45,II_x_III,aperiodic,,,0.19644278606965185,0.634726368159204,0.6305771144278607,0.02894542755415208,0.6347263681592039,coexist,,0.6075124378109453,0.39248756218905473,never,,aperiodic,,/Users/amrkandil/github_repos/thesis/Distributed-Tsetlin-Machines/experiments/results_minority/II_x_III/rule184_vs_rule45/hamming_distance.png,/Users/amrkandil/github_repos/thesis/Distributed-Tsetlin-Machines/experiments/results_minority/II_x_III/rule184_vs_rule45/lag_hamming.png,/Users/amrkandil/github_repos/thesis/Distributed-Tsetlin-Machines/experiments/results_minority/II_x_III/rule184_vs_rule45/metrics.json
184,60,II_x_III,near_cycle,3,0,0.009587739693492494,0.009587739693492338,0.6697213930348259,0.028273857265645626,0.6692786069651742,coexist,,0.5012935323383084,0.4987064676616915,late,334,near_cycle,3,/Users/amrkandil/github_repos/thesis/Distributed-Tsetlin-Machines/experiments/results_minority/II_x_III/rule184_vs_rule60/hamming_distance.png,/Users/amrkandil/github_repos/thesis/Distributed-Tsetlin-Machines/experiments/results_minority/II_x_III/rule184_vs_rule60/lag_hamming.png,/Users/amrkandil/github_repos/thesis/Distributed-Tsetlin-Machines/experiments/results_minority/II_x_III/rule184_vs_rule60/metrics.json
184,90,II_x_III,near_cycle,1,-1,0.1347014925373135,0.6862189054726369,0.6732537313432836,0.04485869224292878,0.6862189054726368,coexist,,0.6358706467661691,0.36412935323383083,late,334,near_cycle,6,/Users/amrkandil/github_repos/thesis/Distributed-Tsetlin-Machines/experiments/results_minority/II_x_III/rule184_vs_rule90/hamming_distance.png,/Users/amrkandil/github_repos/thesis/Distributed-Tsetlin-Machines/experiments/results_minority/II_x_III/rule184_vs_rule90/lag_hamming.png,/Users/amrkandil/github_repos/thesis/Distributed-Tsetlin-Machines/experiments/results_minority/II_x_III/rule184_vs_rule90/metrics.json
184,105,II_x_III,near_cycle,1,-1,0.22038557213930351,0.6513059701492537,0.6397810945273632,0.05567090463189992,0.6513059701492537,coexist,,0.8218905472636816,0.1781094527363184,late,334,near_cycle,1,/Users/amrkandil/github_repos/thesis/Distributed-Tsetlin-Machines/experiments/results_minority/II_x_III/rule184_vs_rule105/hamming_distance.png,/Users/amrkandil/github_repos/thesis/Distributed-Tsetlin-Machines/experiments/results_minority/II_x_III/rule184_vs_rule105/lag_hamming.png,/Users/amrkandil/github_repos/thesis/Distributed-Tsetlin-Machines/experiments/results_minority/II_x_III/rule184_vs_rule105/metrics.json
184,122,II_x_III,near_cycle,1,1,0.11202736318407973,0.7859328358208956,0.7688955223880597,0.05638282271630237,0.7859328358208956,coexist,,0.7850248756218905,0.21497512437810945,early,100,near_cycle,1,/Users/amrkandil/github_repos/thesis/Distributed-Tsetlin-Machines/experiments/results_minority/II_x_III/rule184_vs_rule122/hamming_distance.png,/Users/amrkandil/github_repos/thesis/Distributed-Tsetlin-Machines/experiments/results_minority/II_x_III/rule184_vs_rule122/lag_hamming.png,/Users/amrkandil/github_repos/thesis/Distributed-Tsetlin-Machines/experiments/results_minority/II_x_III/rule184_vs_rule122/metrics.json
184,126,II_x_III,aperiodic,,,0.3255597014925373,0.511952736318408,0.5143482587064677,0.02962290494054234,0.5119527363184079,coexist,,0.6108955223880597,0.3891044776119403,never,,aperiodic,,/Users/amrkandil/github_repos/thesis/Distributed-Tsetlin-Machines/experiments/results_minority/II_x_III/rule184_vs_rule126/hamming_distance.png,/Users/amrkandil/github_repos/thesis/Distributed-Tsetlin-Machines/experiments/results_minority/II_x_III/rule184_vs_rule126/lag_hamming.png,/Users/amrkandil/github_repos/thesis/Distributed-Tsetlin-Machines/experiments/results_minority/II_x_III/rule184_vs_rule126/metrics.json
184,146,II_x_III,near_cycle,4,0,0.052520771457573716,0.05252077145757359,0.6296616915422885,0.03408673927513499,0.6415796019900497,coexist,,0.4565174129353234,0.5434825870646767,late,150,cycle,48,/Users/amrkandil/github_repos/thesis/Distributed-Tsetlin-Machines/experiments/results_minority/II_x_III/rule184_vs_rule146/hamming_distance.png,/Users/amrkandil/github_repos/thesis/Distributed-Tsetlin-Machines/experiments/results_minority/II_x_III/rule184_vs_rule146/lag_hamming.png,/Users/amrkandil/github_repos/thesis/Distributed-Tsetlin-Machines/experiments/results_minority/II_x_III/rule184_vs_rule146/metrics.json
184,150,II_x_III,aperiodic,,,0.1981716417910448,0.7246890547263681,0.7112437810945273,0.04893216299462239,0.7246890547263682,coexist,,0.848407960199005,0.15159203980099503,never,,aperiodic,,/Users/amrkandil/github_repos/thesis/Distributed-Tsetlin-Machines/experiments/results_minority/II_x_III/rule184_vs_rule150/hamming_distance.png,/Users/amrkandil/github_repos/thesis/Distributed-Tsetlin-Machines/experiments/results_minority/II_x_III/rule184_vs_rule150/lag_hamming.png,/Users/amrkandil/github_repos/thesis/Distributed-Tsetlin-Machines/experiments/results_minority/II_x_III/rule184_vs_rule150/metrics.json
200,18,II_x_III,cycle,14,0,7.070076972737315e-17,0.0,0.05096517412935323,0.03590525721059558,0.044042288557213934,coexist,,0.47238805970149256,0.5276119402985074,early,50,cycle,14,/Users/amrkandil/github_repos/thesis/Distributed-Tsetlin-Machines/experiments/results_minority/II_x_III/rule200_vs_rule18/hamming_distance.png,/Users/amrkandil/github_repos/thesis/Distributed-Tsetlin-Machines/experiments/results_minority/II_x_III/rule200_vs_rule18/lag_hamming.png,/Users/amrkandil/github_repos/thesis/Distributed-Tsetlin-Machines/experiments/results_minority/II_x_III/rule200_vs_rule18/metrics.json
200,22,II_x_III,cycle,24,0,7.070076972737315e-17,0.0,0.29092537313432837,0.028611690719365892,0.291455223880597,coexist,,0.4707960199004975,0.5292039800995025,early,100,cycle,24,/Users/amrkandil/github_repos/thesis/Distributed-Tsetlin-Machines/experiments/results_minority/II_x_III/rule200_vs_rule22/hamming_distance.png,/Users/amrkandil/github_repos/thesis/Distributed-Tsetlin-Machines/experiments/results_minority/II_x_III/rule200_vs_rule22/lag_hamming.png,/Users/amrkandil/github_repos/thesis/Distributed-Tsetlin-Machines/experiments/results_minority/II_x_III/rule200_vs_rule22/metrics.json
200,30,II_x_III,cycle,4,0,0.0,0.0,0.18023880597014927,0.018747715717723018,0.17661691542288555,coexist,,0.4116915422885572,0.5883084577114428,early,100,cycle,4,/Users/amrkandil/github_repos/thesis/Distributed-Tsetlin-Machines/experiments/results_minority/II_x_III/rule200_vs_rule30/hamming_distance.png,/Users/amrkandil/github_repos/thesis/Distributed-Tsetlin-Machines/experiments/results_minority/II_x_III/rule200_vs_rule30/lag_hamming.png,/Users/amrkandil/github_repos/thesis/Distributed-Tsetlin-Machines/experiments/results_minority/II_x_III/rule200_vs_rule30/metrics.json
200,45,II_x_III,cycle,4,0,2.1210230918211945e-16,0.0,0.05797014925373134,0.024809312616937567,0.054726368159203974,coexist,,0.40671641791044777,0.5932835820895522,early,50,cycle,4,/Users/amrkandil/github_repos/thesis/Distributed-Tsetlin-Machines/experiments/results_minority/II_x_III/rule200_vs_rule45/hamming_distance.png,/Users/amrkandil/github_repos/thesis/Distributed-Tsetlin-Machines/experiments/results_minority/II_x_III/rule200_vs_rule45/lag_hamming.png,/Users/amrkandil/github_repos/thesis/Distributed-Tsetlin-Machines/experiments/results_minority/II_x_III/rule200_vs_rule45/metrics.json
200,60,II_x_III,near_cycle,20,0,0.12324205742938847,0.12324205742938849,0.2005074626865672,0.028356810648950653,0.20007462686567162,coexist,,0.42199004975124377,0.5780099502487562,never,,aperiodic,,/Users/amrkandil/github_repos/thesis/Distributed-Tsetlin-Machines/experiments/results_minority/II_x_III/rule200_vs_rule60/hamming_distance.png,/Users/amrkandil/github_repos/thesis/Distributed-Tsetlin-Machines/experiments/results_minority/II_x_III/rule200_vs_rule60/lag_hamming.png,/Users/amrkandil/github_repos/thesis/Distributed-Tsetlin-Machines/experiments/results_minority/II_x_III/rule200_vs_rule60/metrics.json
200,90,II_x_III,aperiodic,,,0.07200230730405942,0.07200230730405942,0.20151243781094527,0.028337246332602803,0.19737562189054728,coexist,,0.41049751243781096,0.589502487562189,late,334,near_cycle,8,/Users/amrkandil/github_repos/thesis/Distributed-Tsetlin-Machines/experiments/results_minority/II_x_III/rule200_vs_rule90/hamming_distance.png,/Users/amrkandil/github_repos/thesis/Distributed-Tsetlin-Machines/experiments/results_minority/II_x_III/rule200_vs_rule90/lag_hamming.png,/Users/amrkandil/github_repos/thesis/Distributed-Tsetlin-Machines/experiments/results_minority/II_x_III/rule200_vs_rule90/metrics.json
200,105,II_x_III,cycle,60,0,7.070076972737315e-17,0.0,0.21332338308457713,0.021964549271888324,0.21194029850746268,coexist,,0.48850746268656714,0.5114925373134328,late,334,near_cycle,2,/Users/amrkandil/github_repos/thesis/Distributed-Tsetlin-Machines/experiments/results_minority/II_x_III/rule200_vs_rule105/hamming_distance.png,/Users/amrkandil/github_repos/thesis/Distributed-Tsetlin-Machines/experiments/results_minority/II_x_III/rule200_vs_rule105/lag_hamming.png,/Users/amrkandil/github_repos/thesis/Distributed-Tsetlin-Machines/experiments/results_minority/II_x_III/rule200_vs_rule105/metrics.json
200,122,II_x_III,near_cycle,2,0,0.027581391289168485,0.027581391289168193,0.28386069651741297,0.051128417696629194,0.2627860696517413,coexist,,0.3855721393034826,0.6144278606965174,late,200,cycle,6,/Users/amrkandil/github_repos/thesis/Distributed-Tsetlin-Machines/experiments/results_minority/II_x_III/rule200_vs_rule122/hamming_distance.png,/Users/amrkandil/github_repos/thesis/Distributed-Tsetlin-Machines/experiments/results_minority/II_x_III/rule200_vs_rule122/lag_hamming.png,/Users/amrkandil/github_repos/thesis/Distributed-Tsetlin-Machines/experiments/results_minority/II_x_III/rule200_vs_rule122/metrics.json
200,126,II_x_III,cycle,12,0,7.070076972737315e-17,0.0,0.128636815920398,0.026572597130212882,0.1260323383084577,coexist,,0.5318905472636816,0.46810945273631843,early,100,cycle,12,/Users/amrkandil/github_repos/thesis/Distributed-Tsetlin-Machines/experiments/results_minority/II_x_III/rule200_vs_rule126/hamming_distance.png,/Users/amrkandil/github_repos/thesis/Distributed-Tsetlin-Machines/experiments/results_minority/II_x_III/rule200_vs_rule126/lag_hamming.png,/Users/amrkandil/github_repos/thesis/Distributed-Tsetlin-Machines/experiments/results_minority/II_x_III/rule200_vs_rule126/metrics.json
200,146,II_x_III,cycle,84,0,7.070076972737315e-17,0.0,0.0939502487562189,0.025852722454998617,0.08834577114427862,coexist,,0.4462686567164179,0.5537313432835821,early,50,near_cycle,4,/Users/amrkandil/github_repos/thesis/Distributed-Tsetlin-Machines/experiments/results_minority/II_x_III/rule200_vs_rule146/hamming_distance.png,/Users/amrkandil/github_repos/thesis/Distributed-Tsetlin-Machines/experiments/results_minority/II_x_III/rule200_vs_rule146/lag_hamming.png,/Users/amrkandil/github_repos/thesis/Distributed-Tsetlin-Machines/experiments/results_minority/II_x_III/rule200_vs_rule146/metrics.json
200,150,II_x_III,cycle,24,0,2.828030789094926e-16,0.0,0.3639303482587064,0.03433899179167007,0.3701990049751243,coexist,,0.4509950248756219,0.5490049751243781,early,100,cycle,24,/Users/amrkandil/github_repos/thesis/Distributed-Tsetlin-Machines/experiments/results_minority/II_x_III/rule200_vs_rule150/hamming_distance.png,/Users/amrkandil/github_repos/thesis/Distributed-Tsetlin-Machines/experiments/results_minority/II_x_III/rule200_vs_rule150/lag_hamming.png,/Users/amrkandil/github_repos/thesis/Distributed-Tsetlin-Machines/experiments/results_minority/II_x_III/rule200_vs_rule150/metrics.json
204,18,II_x_III,near_cycle,8,0,0.11187067208486834,0.11187067208486828,0.213592039800995,0.03044978369376138,0.2105099502487562,coexist,,0.5471641791044776,0.4528358208955224,late,334,near_cycle,8,/Users/amrkandil/github_repos/thesis/Distributed-Tsetlin-Machines/experiments/results_minority/II_x_III/rule204_vs_rule18/hamming_distance.png,/Users/amrkandil/github_repos/thesis/Distributed-Tsetlin-Machines/experiments/results_minority/II_x_III/rule204_vs_rule18/lag_hamming.png,/Users/amrkandil/github_repos/thesis/Distributed-Tsetlin-Machines/experiments/results_minority/II_x_III/rule204_vs_rule18/metrics.json
204,22,II_x_III,cycle,24,0,0.0,0.0,0.14444776119402986,0.021942974306885514,0.13848258706467662,coexist,,0.5501492537313433,0.44985074626865673,early,100,cycle,24,/Users/amrkandil/github_repos/thesis/Distributed-Tsetlin-Machines/experiments/results_minority/II_x_III/rule204_vs_rule22/hamming_distance.png,/Users/amrkandil/github_repos/thesis/Distributed-Tsetlin-Machines/experiments/results_minority/II_x_III/rule204_vs_rule22/lag_hamming.png,/Users/amrkandil/github_repos/thesis/Distributed-Tsetlin-Machines/experiments/results_minority/II_x_III/rule204_vs_rule22/metrics.json
204,30,II_x_III,cycle,4,0,0.0,0.0,0.049522388059701494,0.020088591196250987,0.04477611940298507,coexist,,0.48756218905472637,0.5124378109452736,early,100,cycle,4,/Users/amrkandil/github_repos/thesis/Distributed-Tsetlin-Machines/experiments/results_minority/II_x_III/rule204_vs_rule30/hamming_distance.png,/Users/amrkandil/github_repos/thesis/Distributed-Tsetlin-Machines/experiments/results_minority/II_x_III/rule204_vs_rule30/lag_hamming.png,/Users/amrkandil/github_repos/thesis/Distributed-Tsetlin-Machines/experiments/results_minority/II_x_III/rule204_vs_rule30/metrics.json
204,45,II_x_III,cycle,4,0,0.0,0.0,0.14758208955223878,0.019979385926089274,0.14676616915422888,coexist,,0.5,0.5,early,50,cycle,4,/Users/amrkandil/github_repos/thesis/Distributed-Tsetlin-Machines/experiments/results_minority/II_x_III/rule204_vs_rule45/hamming_distance.png,/Users/amrkandil/github_repos/thesis/Distributed-Tsetlin-Machines/experiments/results_minority/II_x_III/rule204_vs_rule45/lag_hamming.png,/Users/amrkandil/github_repos/thesis/Distributed-Tsetlin-Machines/experiments/results_minority/II_x_III/rule204_vs_rule45/metrics.json
204,60,II_x_III,near_cycle,12,0,0.10796915167095125,0.10796915167095116,0.29091542288557215,0.021002641800495853,0.2916169154228856,coexist,,0.4934825870646766,0.5065174129353234,late,334,near_cycle,12,/Users/amrkandil/github_repos/thesis/Distributed-Tsetlin-Machines/experiments/results_minority/II_x_III/rule204_vs_rule60/hamming_distance.png,/Users/amrkandil/github_repos/thesis/Distributed-Tsetlin-Machines/experiments/results_minority/II_x_III/rule204_vs_rule60/lag_hamming.png,/Users/amrkandil/github_repos/thesis/Distributed-Tsetlin-Machines/experiments/results_minority/II_x_III/rule204_vs_rule60/metrics.json
204,90,II_x_III,near_cycle,24,0,0.032872771421407675,0.03287277142140755,0.05919402985074626,0.01806976954396474,0.056082089552238805,coexist,,0.4816417910447761,0.5183582089552239,late,150,near_cycle,24,/Users/amrkandil/github_repos/thesis/Distributed-Tsetlin-Machines/experiments/results_minority/II_x_III/rule204_vs_rule90/hamming_distance.png,/Users/amrkandil/github_repos/thesis/Distributed-Tsetlin-Machines/experiments/results_minority/II_x_III/rule204_vs_rule90/lag_hamming.png,/Users/amrkandil/github_repos/thesis/Distributed-Tsetlin-Machines/experiments/results_minority/II_x_III/rule204_vs_rule90/metrics.json
204,105,II_x_III,cycle,4,0,2.1210230918211945e-16,0.0,0.17461691542288557,0.011890855342706374,0.17412935323383086,coexist,,0.5422885572139303,0.4577114427860697,early,50,cycle,4,/Users/amrkandil/github_repos/thesis/Distributed-Tsetlin-Machines/experiments/results_minority/II_x_III/rule204_vs_rule105/hamming_distance.png,/Users/amrkandil/github_repos/thesis/Distributed-Tsetlin-Machines/experiments/results_minority/II_x_III/rule204_vs_rule105/lag_hamming.png,/Users/amrkandil/github_repos/thesis/Distributed-Tsetlin-Machines/experiments/results_minority/II_x_III/rule204_vs_rule105/metrics.json
204,122,II_x_III,near_cycle,4,0,0.08228379513014279,0.08228379513014274,0.3270348258706468,0.02205234417284781,0.32781094527363186,coexist,,0.5187562189054726,0.48124378109452737,early,100,near_cycle,4,/Users/amrkandil/github_repos/thesis/Distributed-Tsetlin-Machines/experiments/results_minority/II_x_III/rule204_vs_rule122/hamming_distance.png,/Users/amrkandil/github_repos/thesis/Distributed-Tsetlin-Machines/experiments/results_minority/II_x_III/rule204_vs_rule122/lag_hamming.png,/Users/amrkandil/github_repos/thesis/Distributed-Tsetlin-Machines/experiments/results_minority/II_x_III/rule204_vs_rule122/metrics.json
204,126,II_x_III,cycle,12,0,0.0,0.0,0.22070646766169152,0.007549996717508906,0.22057213930348257,coexist,,0.49218905472636815,0.5078109452736318,early,50,cycle,12,/Users/amrkandil/github_repos/thesis/Distributed-Tsetlin-Machines/experiments/results_minority/II_x_III/rule204_vs_rule126/hamming_distance.png,/Users/amrkandil/github_repos/thesis/Distributed-Tsetlin-Machines/experiments/results_minority/II_x_III/rule204_vs_rule126/lag_hamming.png,/Users/amrkandil/github_repos/thesis/Distributed-Tsetlin-Machines/experiments/results_minority/II_x_III/rule204_vs_rule126/metrics.json
204,146,II_x_III,near_cycle,12,0,0.04315185000447642,0.043151850004476335,0.22259701492537312,0.02377226464438371,0.22014925373134325,coexist,,0.43472636815920396,0.565273631840796,early,100,near_cycle,12,/Users/amrkandil/github_repos/thesis/Distributed-Tsetlin-Machines/experiments/results_minority/II_x_III/rule204_vs_rule146/hamming_distance.png,/Users/amrkandil/github_repos/thesis/Distributed-Tsetlin-Machines/experiments/results_minority/II_x_III/rule204_vs_rule146/lag_hamming.png,/Users/amrkandil/github_repos/thesis/Distributed-Tsetlin-Machines/experiments/results_minority/II_x_III/rule204_vs_rule146/metrics.json
204,150,II_x_III,near_cycle,4,0,0.03193102497587645,0.031931024975876285,0.19935323383084577,0.01832649716946783,0.1984452736318408,coexist,,0.4808457711442786,0.5191542288557214,late,250,cycle,20,/Users/amrkandil/github_repos/thesis/Distributed-Tsetlin-Machines/experiments/results_minority/II_x_III/rule204_vs_rule150/hamming_distance.png,/Users/amrkandil/github_repos/thesis/Distributed-Tsetlin-Machines/experiments/results_minority/II_x_III/rule204_vs_rule150/lag_hamming.png,/Users/amrkandil/github_repos/thesis/Distributed-Tsetlin-Machines/experiments/results_minority/II_x_III/rule204_vs_rule150/metrics.json
232,18,II_x_III,cycle,42,0,0.0,0.0,0.08189054726368158,0.0340425044118529,0.07722636815920399,coexist,,0.4565671641791045,0.5434328358208955,early,50,cycle,42,/Users/amrkandil/github_repos/thesis/Distributed-Tsetlin-Machines/experiments/results_minority/II_x_III/rule232_vs_rule18/hamming_distance.png,/Users/amrkandil/github_repos/thesis/Distributed-Tsetlin-Machines/experiments/results_minority/II_x_III/rule232_vs_rule18/lag_hamming.png,/Users/amrkandil/github_repos/thesis/Distributed-Tsetlin-Machines/experiments/results_minority/II_x_III/rule232_vs_rule18/metrics.json
232,22,II_x_III,cycle,24,0,0.0,0.0,0.451592039800995,0.041288466991368955,0.4577114427860696,coexist,,0.3996019900497512,0.6003980099502487,early,100,cycle,24,/Users/amrkandil/github_repos/thesis/Distributed-Tsetlin-Machines/experiments/results_minority/II_x_III/rule232_vs_rule22/hamming_distance.png,/Users/amrkandil/github_repos/thesis/Distributed-Tsetlin-Machines/experiments/results_minority/II_x_III/rule232_vs_rule22/lag_hamming.png,/Users/amrkandil/github_repos/thesis/Distributed-Tsetlin-Machines/experiments/results_minority/II_x_III/rule232_vs_rule22/metrics.json
232,30,II_x_III,near_cycle,24,0,0.181176346384787,0.18117634638478694,0.3448258706467661,0.02680751952146063,0.3450248756218906,coexist,,0.4728358208955224,0.5271641791044777,late,334,near_cycle,24,/Users/amrkandil/github_repos/thesis/Distributed-Tsetlin-Machines/experiments/results_minority/II_x_III/rule232_vs_rule30/hamming_distance.png,/Users/amrkandil/github_repos/thesis/Distributed-Tsetlin-Machines/experiments/results_minority/II_x_III/rule232_vs_rule30/lag_hamming.png,/Users/amrkandil/github_repos/thesis/Distributed-Tsetlin-Machines/experiments/results_minority/II_x_III/rule232_vs_rule30/metrics.json
232,45,II_x_III,near_cycle,8,0,0.1580393199397415,0.1580393199397415,0.3767661691542289,0.03305561145519793,0.3806218905472637,coexist,,0.43517412935323385,0.5648258706467661,late,250,near_cycle,8,/Users/amrkandil/github_repos/thesis/Distributed-Tsetlin-Machines/experiments/results_minority/II_x_III/rule232_vs_rule45/hamming_distance.png,/Users/amrkandil/github_repos/thesis/Distributed-Tsetlin-Machines/experiments/results_minority/II_x_III/rule232_vs_rule45/lag_hamming.png,/Users/amrkandil/github_repos/thesis/Distributed-Tsetlin-Machines/experiments/results_minority/II_x_III/rule232_vs_rule45/metrics.json
232,60,II_x_III,aperiodic,,,0.31380950138895436,0.3138095013889543,0.3137014925373135,0.033960493458759934,0.31406716417910446,coexist,,0.4014925373134328,0.5985074626865672,never,,aperiodic,,/Users/amrkandil/github_repos/thesis/Distributed-Tsetlin-Machines/experiments/results_minority/II_x_III/rule232_vs_rule60/hamming_distance.png,/Users/amrkandil/github_repos/thesis/Distributed-Tsetlin-Machines/experiments/results_minority/II_x_III/rule232_vs_rule60/lag_hamming.png,/Users/amrkandil/github_repos/thesis/Distributed-Tsetlin-Machines/experiments/results_minority/II_x_III/rule232_vs_rule60/metrics.json
232,90,II_x_III,aperiodic,,,0.18871890547263684,0.20598258706467662,0.2148358208955224,0.03908462144468613,0.20598258706467662,coexist,,0.4107960199004975,0.5892039800995025,never,,aperiodic,,/Users/amrkandil/github_repos/thesis/Distributed-Tsetlin-Machines/experiments/results_minority/II_x_III/rule232_vs_rule90/hamming_distance.png,/Users/amrkandil/github_repos/thesis/Distributed-Tsetlin-Machines/experiments/results_minority/II_x_III/rule232_vs_rule90/lag_hamming.png,/Users/amrkandil/github_repos/thesis/Distributed-Tsetlin-Machines/experiments/results_minority/II_x_III/rule232_vs_rule90/metrics.json
232,105,II_x_III,near_cycle,4,0,0.1683521936914922,0.16835219369149215,0.3925074626865671,0.030482032869596668,0.39332089552238797,coexist,,0.4039800995024876,0.5960199004975124,late,334,near_cycle,4,/Users/amrkandil/github_repos/thesis/Distributed-Tsetlin-Machines/experiments/results_minority/II_x_III/rule232_vs_rule105/hamming_distance.png,/Users/amrkandil/github_repos/thesis/Distributed-Tsetlin-Machines/experiments/results_minority/II_x_III/rule232_vs_rule105/lag_hamming.png,/Users/amrkandil/github_repos/thesis/Distributed-Tsetlin-Machines/experiments/results_minority/II_x_III/rule232_vs_rule105/metrics.json
232,122,II_x_III,aperiodic,,,0.27532819363741096,0.2753281936374109,0.4140696517412935,0.03628500337964208,0.40953980099502485,coexist,,0.4102985074626866,0.5897014925373134,never,,aperiodic,,/Users/amrkandil/github_repos/thesis/Distributed-Tsetlin-Machines/experiments/results_minority/II_x_III/rule232_vs_rule122/hamming_distance.png,/Users/amrkandil/github_repos/thesis/Distributed-Tsetlin-Machines/experiments/results_minority/II_x_III/rule232_vs_rule122/lag_hamming.png,/Users/amrkandil/github_repos/thesis/Distributed-Tsetlin-Machines/experiments/results_minority/II_x_III/rule232_vs_rule122/metrics.json
232,126,II_x_III,aperiodic,,,0.3155175280410288,0.3155175280410288,0.3891243781094527,0.028908942171100675,0.38965174129353236,coexist,,0.4438308457711443,0.5561691542288557,never,,aperiodic,,/Users/amrkandil/github_repos/thesis/Distributed-Tsetlin-Machines/experiments/results_minority/II_x_III/rule232_vs_rule126/hamming_distance.png,/Users/amrkandil/github_repos/thesis/Distributed-Tsetlin-Machines/experiments/results_minority/II_x_III/rule232_vs_rule126/lag_hamming.png,/Users/amrkandil/github_repos/thesis/Distributed-Tsetlin-Machines/experiments/results_minority/II_x_III/rule232_vs_rule126/metrics.json
232,146,II_x_III,near_cycle,16,0,0.023686761000193776,0.023686761000193835,0.12787064676616916,0.021115400824432296,0.1250995024875622,coexist,,0.4318407960199005,0.5681592039800994,early,100,near_cycle,16,/Users/amrkandil/github_repos/thesis/Distributed-Tsetlin-Machines/experiments/results_minority/II_x_III/rule232_vs_rule146/hamming_distance.png,/Users/amrkandil/github_repos/thesis/Distributed-Tsetlin-Machines/experiments/results_minority/II_x_III/rule232_vs_rule146/lag_hamming.png,/Users/amrkandil/github_repos/thesis/Distributed-Tsetlin-Machines/experiments/results_minority/II_x_III/rule232_vs_rule146/metrics.json
232,150,II_x_III,cycle,12,0,0.0,0.0,0.46932338308457716,0.043435555242465895,0.47758706467661693,coexist,,0.4171641791044776,0.5828358208955224,early,50,cycle,12,/Users/amrkandil/github_repos/thesis/Distributed-Tsetlin-Machines/experiments/results_minority/II_x_III/rule232_vs_rule150/hamming_distance.png,/Users/amrkandil/github_repos/thesis/Distributed-Tsetlin-Machines/experiments/results_minority/II_x_III/rule232_vs_rule150/lag_hamming.png,/Users/amrkandil/github_repos/thesis/Distributed-Tsetlin-Machines/experiments/results_minority/II_x_III/rule232_vs_rule150/metrics.json
1,41,II_x_IV,cycle,2,0,0.0,0.0,0.8182985074626867,0.015502535461258623,0.82089552238806,coexist,,0.47761194029850745,0.5223880597014925,early,50,cycle,2,/Users/amrkandil/github_repos/thesis/Distributed-Tsetlin-Machines/experiments/results_minority/II_x_IV/rule1_vs_rule41/hamming_distance.png,/Users/amrkandil/github_repos/thesis/Distributed-Tsetlin-Machines/experiments/results_minority/II_x_IV/rule1_vs_rule41/lag_hamming.png,/Users/amrkandil/github_repos/thesis/Distributed-Tsetlin-Machines/experiments/results_minority/II_x_IV/rule1_vs_rule41/metrics.json
1,54,II_x_IV,near_cycle,2,0,0.16070025810795646,0.16070025810795646,0.5051442786069651,0.03171025947429054,0.5116169154228856,coexist,,0.5564179104477612,0.4435820895522388,late,300,near_cycle,2,/Users/amrkandil/github_repos/thesis/Distributed-Tsetlin-Machines/experiments/results_minority/II_x_IV/rule1_vs_rule54/hamming_distance.png,/Users/amrkandil/github_repos/thesis/Distributed-Tsetlin-Machines/experiments/results_minority/II_x_IV/rule1_vs_rule54/lag_hamming.png,/Users/amrkandil/github_repos/thesis/Distributed-Tsetlin-Machines/experiments/results_minority/II_x_IV/rule1_vs_rule54/metrics.json
1,106,II_x_IV,aperiodic,,,0.3603358208955224,0.47944029850746267,0.48122388059701493,0.031085142464329685,0.47944029850746267,coexist,,0.4614427860696517,0.5385572139303483,never,,aperiodic,,/Users/amrkandil/github_repos/thesis/Distributed-Tsetlin-Machines/experiments/results_minority/II_x_IV/rule1_vs_rule106/hamming_distance.png,/Users/amrkandil/github_repos/thesis/Distributed-Tsetlin-Machines/experiments/results_minority/II_x_IV/rule1_vs_rule106/lag_hamming.png,/Users/amrkandil/github_repos/thesis/Distributed-Tsetlin-Machines/experiments/results_minority/II_x_IV/rule1_vs_rule106/metrics.json
1,110,II_x_IV,cycle,12,0,2.1210230918211945e-16,0.0,0.19389054726368157,0.022815822761256332,0.19236318407960198,coexist,,0.4919900497512438,0.5080099502487562,early,50,cycle,12,/Users/amrkandil/github_repos/thesis/Distributed-Tsetlin-Machines/experiments/results_minority/II_x_IV/rule1_vs_rule110/hamming_distance.png,/Users/amrkandil/github_repos/thesis/Distributed-Tsetlin-Machines/experiments/results_minority/II_x_IV/rule1_vs_rule110/lag_hamming.png,/Users/amrkandil/github_repos/thesis/Distributed-Tsetlin-Machines/experiments/results_minority/II_x_IV/rule1_vs_rule110/metrics.json
2,41,II_x_IV,cycle,24,0,0.0,0.0,0.5999502487562189,0.0195554033872629,0.6032089552238806,coexist,,0.4924875621890547,0.5075124378109452,early,50,cycle,24,/Users/amrkandil/github_repos/thesis/Distributed-Tsetlin-Machines/experiments/results_minority/II_x_IV/rule2_vs_rule41/hamming_distance.png,/Users/amrkandil/github_repos/thesis/Distributed-Tsetlin-Machines/experiments/results_minority/II_x_IV/rule2_vs_rule41/lag_hamming.png,/Users/amrkandil/github_repos/thesis/Distributed-Tsetlin-Machines/experiments/results_minority/II_x_IV/rule2_vs_rule41/metrics.json
2,54,II_x_IV,aperiodic,,,0.31240049751243787,0.4534452736318408,0.4522487562189054,0.043907663046287064,0.45344527363184084,coexist,,0.48024875621890545,0.5197512437810945,never,,aperiodic,,/Users/amrkandil/github_repos/thesis/Distributed-Tsetlin-Machines/experiments/results_minority/II_x_IV/rule2_vs_rule54/hamming_distance.png,/Users/amrkandil/github_repos/thesis/Distributed-Tsetlin-Machines/experiments/results_minority/II_x_IV/rule2_vs_rule54/lag_hamming.png,/Users/amrkandil/github_repos/thesis/Distributed-Tsetlin-Machines/experiments/results_minority/II_x_IV/rule2_vs_rule54/metrics.json
2,106,II_x_IV,drift,1,1,0.0,0.39800995024875624,0.3983482587064677,0.008228344356565697,0.39800995024875624,coexist,,0.4993034825870647,0.5006965174129353,early,50,drift,1,/Users/amrkandil/github_repos/thesis/Distributed-Tsetlin-Machines/experiments/results_minority/II_x_IV/rule2_vs_rule106/hamming_distance.png,/Users/amrkandil/github_repos/thesis/Distributed-Tsetlin-Machines/experiments/results_minority/II_x_IV/rule2_vs_rule106/lag_hamming.png,/Users/amrkandil/github_repos/thesis/Distributed-Tsetlin-Machines/experiments/results_minority/II_x_IV/rule2_vs_rule106/metrics.json
2,110,II_x_IV,cycle,60,0,7.070076972737315e-17,0.0,0.19149253731343283,0.02275644949598955,0.1883706467661692,coexist,,0.47049751243781096,0.5295024875621891,late,250,near_cycle,4,/Users/amrkandil/github_repos/thesis/Distributed-Tsetlin-Machines/experiments/results_minority/II_x_IV/rule2_vs_rule110/hamming_distance.png,/Users/amrkandil/github_repos/thesis/Distributed-Tsetlin-Machines/experiments/results_minority/II_x_IV/rule2_vs_rule110/lag_hamming.png,/Users/amrkandil/github_repos/thesis/Distributed-Tsetlin-Machines/experiments/results_minority/II_x_IV/rule2_vs_rule110/metrics.json
3,41,II_x_IV,cycle,28,0,7.070076972737315e-17,0.0,0.8311343283582091,0.01674972694224553,0.8336691542288558,coexist,,0.4628855721393035,0.5371144278606965,early,50,cycle,28,/Users/amrkandil/github_repos/thesis/Distributed-Tsetlin-Machines/experiments/results_minority/II_x_IV/rule3_vs_rule41/hamming_distance.png,/Users/amrkandil/github_repos/thesis/Distributed-Tsetlin-Machines/experiments/results_minority/II_x_IV/rule3_vs_rule41/lag_hamming.png,/Users/amrkandil/github_repos/thesis/Distributed-Tsetlin-Machines/experiments/results_minority/II_x_IV/rule3_vs_rule41/metrics.json
3,54,II_x_IV,near_cycle,4,0,0.1791796684085868,0.1791796684085868,0.7873432835820895,0.032913545880656155,0.7935199004975125,coexist,,0.46746268656716417,0.5325373134328358,late,300,near_cycle,4,/Users/amrkandil/github_repos/thesis/Distributed-Tsetlin-Machines/experiments/results_minority/II_x_IV/rule3_vs_rule54/hamming_distance.png,/Users/amrkandil/github_repos/thesis/Distributed-Tsetlin-Machines/experiments/results_minority/II_x_IV/rule3_vs_rule54/lag_hamming.png,/Users/amrkandil/github_repos/thesis/Distributed-Tsetlin-Machines/experiments/results_minority/II_x_IV/rule3_vs_rule54/metrics.json
3,106,II_x_IV,near_cycle,12,0,0.0394045198173658,0.03940451981736561,0.6321990049751244,0.01577578599866412,0.6289179104477611,coexist,,0.5050746268656716,0.4949253731343284,early,0,near_cycle,12,/Users/amrkandil/github_repos/thesis/Distributed-Tsetlin-Machines/experiments/results_minority/II_x_IV/rule3_vs_rule106/hamming_distance.png,/Users/amrkandil/github_repos/thesis/Distributed-Tsetlin-Machines/experiments/results_minority/II_x_IV/rule3_vs_rule106/lag_hamming.png,/Users/amrkandil/github_repos/thesis/Distributed-Tsetlin-Machines/experiments/results_minority/II_x_IV/rule3_vs_rule106/metrics.json
3,110,II_x_IV,cycle,8,0,3.535038486368658e-16,0.0,0.2127363184079602,0.029995668111294577,0.20895522388059704,coexist,,0.4514427860696517,0.5485572139303483,early,50,cycle,8,/Users/amrkandil/github_repos/thesis/Distributed-Tsetlin-Machines/experiments/results_minority/II_x_IV/rule3_vs_rule110/hamming_distance.png,/Users/amrkandil/github_repos/thesis/Distributed-Tsetlin-Machines/experiments/results_minority/II_x_IV/rule3_vs_rule110/lag_hamming.png,/Users/amrkandil/github_repos/thesis/Distributed-Tsetlin-Machines/experiments/results_minority/II_x_IV/rule3_vs_rule110/metrics.json
4,41,II_x_IV,cycle,2,0,0.0,0.0,0.4916517412935323,0.009762299550442074,0.49253731343283574,coexist,,0.472636815920398,0.527363184079602,early,50,cycle,2,/Users/amrkandil/github_repos/thesis/Distributed-Tsetlin-Machines/experiments/results_minority/II_x_IV/rule4_vs_rule41/hamming_distance.png,/Users/amrkandil/github_repos/thesis/Distributed-Tsetlin-Machines/experiments/results_minority/II_x_IV/rule4_vs_rule41/lag_hamming.png,/Users/amrkandil/github_repos/thesis/Distributed-Tsetlin-Machines/experiments/results_minority/II_x_IV/rule4_vs_rule41/metrics.json
4,54,II_x_IV,cycle,12,0,0.0,0.0,0.07775124378109452,0.03233663064916552,0.07379353233830846,coexist,,0.4862686567164179,0.513731343283582,early,50,cycle,12,/Users/amrkandil/github_repos/thesis/Distributed-Tsetlin-Machines/experiments/results_minority/II_x_IV/rule4_vs_rule54/hamming_distance.png,/Users/amrkandil/github_repos/thesis/Distributed-Tsetlin-Machines/experiments/results_minority/II_x_IV/rule4_vs_rule54/lag_hamming.png,/Users/amrkandil/github_repos/thesis/Distributed-Tsetlin-Machines/experiments/results_minority/II_x_IV/rule4_vs_rule54/metrics.json
4,106,II_x_IV,fixed,1,0,0.0,0.0,0.002606965174129353,0.023922757145608986,0.0,coexist,,0.5,0.5,early,50,fixed,1,/Users/amrkandil/github_repos/thesis/Distributed-Tsetlin-Machines/experiments/results_minority/II_x_IV/rule4_vs_rule106/hamming_distance.png,/Users/amrkandil/github_repos/thesis/Distributed-Tsetlin-Machines/experiments/results_minority/II_x_IV/rule4_vs_rule106/lag_hamming.png,/Users/amrkandil/github_repos/thesis/Distributed-Tsetlin-Machines/experiments/results_minority/II_x_IV/rule4_vs_rule106/metrics.json
4,110,II_x_IV,cycle,6,0,0.0,0.0,0.12308457711442784,0.012316221604896739,0.12272388059701492,coexist,,0.45860696517412936,0.5413930348258706,early,50,cycle,6,/Users/amrkandil/github_repos/thesis/Distributed-Tsetlin-Machines/experiments/results_minority/II_x_IV/rule4_vs_rule110/hamming_distance.png,/Users/amrkandil/github_repos/thesis/Distributed-Tsetlin-Machines/experiments/results_minority/II_x_IV/rule4_vs_rule110/lag_hamming.png,/Users/amrkandil/github_repos/thesis/Distributed-Tsetlin-Machines/experiments/results_minority/II_x_IV/rule4_vs_rule110/metrics.json
5,41,II_x_IV,cycle,2,0,0.0,0.0,0.7882587064676617,0.01801132454007282,0.7910447761194029,coexist,,0.5074626865671642,0.4925373134328358,early,50,cycle,2,/Users/amrkandil/github_repos/thesis/Distributed-Tsetlin-Machines/experiments/results_minority/II_x_IV/rule5_vs_rule41/hamming_distance.png,/Users/amrkandil/github_repos/thesis/Distributed-Tsetlin-Machines/experiments/results_minority/II_x_IV/rule5_vs_rule41/lag_hamming.png,/Users/amrkandil/github_repos/thesis/Distributed-Tsetlin-Machines/experiments/results_minority/II_x_IV/rule5_vs_rule41/metrics.json
5,54,II_x_IV,near_cycle,2,0,0.15785732989189394,0.1578573298918939,0.41891542288557215,0.06040243494408627,0.4009825870646766,coexist,,0.7457711442786069,0.25422885572139303,late,334,near_cycle,2,/Users/amrkandil/github_repos/thesis/Distributed-Tsetlin-Machines/experiments/results_minority/II_x_IV/rule5_vs_rule54/hamming_distance.png,/Users/amrkandil/github_repos/thesis/Distributed-Tsetlin-Machines/experiments/results_minority/II_x_IV/rule5_vs_rule54/lag_hamming.png,/Users/amrkandil/github_repos/thesis/Distributed-Tsetlin-Machines/experiments/results_minority/II_x_IV/rule5_vs_rule54/metrics.json
5,106,II_x_IV,cycle,120,0,0.0,0.0,0.29209950248756217,0.04709344991530272,0.2821890547263681,coexist,,0.6979601990049751,0.30203980099502487,early,100,near_cycle,4,/Users/amrkandil/github_repos/thesis/Distributed-Tsetlin-Machines/experiments/results_minority/II_x_IV/rule5_vs_rule106/hamming_distance.png,/Users/amrkandil/github_repos/thesis/Distributed-Tsetlin-Machines/experiments/results_minority/II_x_IV/rule5_vs_rule106/lag_hamming.png,/Users/amrkandil/github_repos/thesis/Distributed-Tsetlin-Machines/experiments/results_minority/II_x_IV/rule5_vs_rule106/metrics.json
5,110,II_x_IV,cycle,12,0,2.1210230918211945e-16,0.0,0.1271641791044776,0.02266517276973121,0.12436567164179102,coexist,,0.5646766169154229,0.43532338308457713,early,50,cycle,12,/Users/amrkandil/github_repos/thesis/Distributed-Tsetlin-Machines/experiments/results_minority/II_x_IV/rule5_vs_rule110/hamming_distance.png,/Users/amrkandil/github_repos/thesis/Distributed-Tsetlin-Machines/experiments/results_minority/II_x_IV/rule5_vs_rule110/lag_hamming.png,/Users/amrkandil/github_repos/thesis/Distributed-Tsetlin-Machines/experiments/results_minority/II_x_IV/rule5_vs_rule110/metrics.json
6,41,II_x_IV,near_cycle,4,0,0.1250297630236726,0.12502976302367258,0.5300895522388059,0.015895266233269548,0.530360696517413,coexist,,0.46577114427860694,0.534228855721393,early,50,near_cycle,4,/Users/amrkandil/github_repos/thesis/Distributed-Tsetlin-Machines/experiments/results_minority/II_x_IV/rule6_vs_rule41/hamming_distance.png,/Users/amrkandil/github_repos/thesis/Distributed-Tsetlin-Machines/experiments/results_minority/II_x_IV/rule6_vs_rule41/lag_hamming.png,/Users/amrkandil/github_repos/thesis/Distributed-Tsetlin-Machines/experiments/results_minority/II_x_IV/rule6_vs_rule41/metrics.json
6,54,II_x_IV,aperiodic,,,0.3000660856120401,0.46677639372061996,0.4720099502487562,0.05201375926323957,0.4729353233830846,coexist,,0.48890547263681594,0.5110945273631841,never,,aperiodic,,/Users/amrkandil/github_repos/thesis/Distributed-Tsetlin-Machines/experiments/results_minority/II_x_IV/rule6_vs_rule54/hamming_distance.png,/Users/amrkandil/github_repos/thesis/Distributed-Tsetlin-Machines/experiments/results_minority/II_x_IV/rule6_vs_rule54/lag_hamming.png,/Users/amrkandil/github_repos/thesis/Distributed-Tsetlin-Machines/experiments/results_minority/II_x_IV/rule6_vs_rule54/metrics.json
6,106,II_x_IV,aperiodic,,,0.05740827114427861,0.3830457089552239,0.30971144278606966,0.019404577049118767,0.30842039800995025,coexist,,0.49771144278606966,0.5022885572139304,never,,aperiodic,,/Users/amrkandil/github_repos/thesis/Distributed-Tsetlin-Machines/experiments/results_minority/II_x_IV/rule6_vs_rule106/hamming_distance.png,/Users/amrkandil/github_repos/thesis/Distributed-Tsetlin-Machines/experiments/results_minority/II_x_IV/rule6_vs_rule106/lag_hamming.png,/Users/amrkandil/github_repos/thesis/Distributed-Tsetlin-Machines/experiments/results_minority/II_x_IV/rule6_vs_rule106/metrics.json
6,110,II_x_IV,cycle,4,0,7.070076972737315e-17,0.0,0.16301492537313433,0.023934042598132692,0.1592039800995025,coexist,,0.5696517412935324,0.43034825870646765,early,50,cycle,4,/Users/amrkandil/github_repos/thesis/Distributed-Tsetlin-Machines/experiments/results_minority/II_x_IV/rule6_vs_rule110/hamming_distance.png,/Users/amrkandil/github_repos/thesis/Distributed-Tsetlin-Machines/experiments/results_minority/II_x_IV/rule6_vs_rule110/lag_hamming.png,/Users/amrkandil/github_repos/thesis/Distributed-Tsetlin-Machines/experiments/results_minority/II_x_IV/rule6_vs_rule110/metrics.json
7,41,II_x_IV,cycle,16,0,0.0,0.0,0.7982985074626865,0.021793223271918464,0.798507462686567,coexist,,0.4572636815920398,0.5427363184079602,early,50,cycle,16,/Users/amrkandil/github_repos/thesis/Distributed-Tsetlin-Machines/experiments/results_minority/II_x_IV/rule7_vs_rule41/hamming_distance.png,/Users/amrkandil/github_repos/thesis/Distributed-Tsetlin-Machines/experiments/results_minority/II_x_IV/rule7_vs_rule41/lag_hamming.png,/Users/amrkandil/github_repos/thesis/Distributed-Tsetlin-Machines/experiments/results_minority/II_x_IV/rule7_vs_rule41/metrics.json
7,54,II_x_IV,near_cycle,8,0,0.19235881660400297,0.1923588166040029,0.7538109452736319,0.030671044205401395,0.7530845771144279,coexist,,0.508955223880597,0.491044776119403,early,100,near_cycle,8,/Users/amrkandil/github_repos/thesis/Distributed-Tsetlin-Machines/experiments/results_minority/II_x_IV/rule7_vs_rule54/hamming_distance.png,/Users/amrkandil/github_repos/thesis/Distributed-Tsetlin-Machines/experiments/results_minority/II_x_IV/rule7_vs_rule54/lag_hamming.png,/Users/amrkandil/github_repos/thesis/Distributed-Tsetlin-Machines/experiments/results_minority/II_x_IV/rule7_vs_rule54/metrics.json
7,106,II_x_IV,cycle,8,0,2.1210230918211945e-16,0.0,0.5104776119402985,0.018270810850789247,0.5074626865671642,coexist,,0.5135323383084577,0.48646766169154226,early,100,cycle,8,/Users/amrkandil/github_repos/thesis/Distributed-Tsetlin-Machines/experiments/results_minority/II_x_IV/rule7_vs_rule106/hamming_distance.png,/Users/amrkandil/github_repos/thesis/Distributed-Tsetlin-Machines/experiments/results_minority/II_x_IV/rule7_vs_rule106/lag_hamming.png,/Users/amrkandil/github_repos/thesis/Distributed-Tsetlin-Machines/experiments/results_minority/II_x_IV/rule7_vs_rule106/metrics.json
7,110,II_x_IV,cycle,4,0,0.0,0.0,0.18373134328358207,0.033975801539044496,0.17910447761194032,coexist,,0.49129353233830847,0.5087064676616916,early,50,cycle,4,/Users/amrkandil/github_repos/thesis/Distributed-Tsetlin-Machines/experiments/results_minority/II_x_IV/rule7_vs_rule110/hamming_distance.png,/Users/amrkandil/github_repos/thesis/Distributed-Tsetlin-Machines/experiments/results_minority/II_x_IV/rule7_vs_rule110/lag_hamming.png,/Users/amrkandil/github_repos/thesis/Distributed-Tsetlin-Machines/experiments/results_minority/II_x_IV/rule7_vs_rule110/metrics.json
9,41,II_x_IV,aperiodic,,,0.2675719148617814,0.34358283769124304,0.6419900497512437,0.02968711369744719,0.6417412935323383,coexist,,0.45671641791044776,0.5432835820895522,never,,aperiodic,,/Users/amrkandil/github_repos/thesis/Distributed-Tsetlin-Machines/experiments/results_minority/II_x_IV/rule9_vs_rule41/hamming_distance.png,/Users/amrkandil/github_repos/thesis/Distributed-Tsetlin-Machines/experiments/results_minority/II_x_IV/rule9_vs_rule41/lag_hamming.png,/Users/amrkandil/github_repos/thesis/Distributed-Tsetlin-Machines/experiments/results_minority/II_x_IV/rule9_vs_rule41/metrics.json
9,54,II_x_IV,near_cycle,4,0,0.17802674286000733,0.17802674286000728,0.4024676616915423,0.03687140635262822,0.39832089552238803,coexist,,0.5697014925373134,0.43029850746268655,late,334,near_cycle,2,/Users/amrkandil/github_repos/thesis/Distributed-Tsetlin-Machines/experiments/results_minority/II_x_IV/rule9_vs_rule54/hamming_distance.png,/Users/amrkandil/github_repos/thesis/Distributed-Tsetlin-Machines/experiments/results_minority/II_x_IV/rule9_vs_rule54/lag_hamming.png,/Users/amrkandil/github_repos/thesis/Distributed-Tsetlin-Machines/experiments/results_minority/II_x_IV/rule9_vs_rule54/metrics.json
9,106,II_x_IV,aperiodic,,,0.35363184079601995,0.4647014925373134,0.46437810945273633,0.03132053189878504,0.4647014925373134,coexist,,0.4979601990049751,0.5020398009950249,never,,aperiodic,,/Users/amrkandil/github_repos/thesis/Distributed-Tsetlin-Machines/experiments/results_minority/II_x_IV/rule9_vs_rule106/hamming_distance.png,/Users/amrkandil/github_repos/thesis/Distributed-Tsetlin-Machines/experiments/results_minority/II_x_IV/rule9_vs_rule106/lag_hamming.png,/Users/amrkandil/github_repos/thesis/Distributed-Tsetlin-Machines/experiments/results_minority/II_x_IV/rule9_vs_rule106/metrics.json
9,110,II_x_IV,near_cycle,4,0,0.0005889945737308792,0.000588994573730842,0.15183084577114425,0.024390125985488068,0.146865671641791,coexist,,0.49129353233830847,0.5087064676616916,late,150,cycle,4,/Users/amrkandil/github_repos/thesis/Distributed-Tsetlin-Machines/experiments/results_minority/II_x_IV/rule9_vs_rule110/hamming_distance.png,/Users/amrkandil/github_repos/thesis/Distributed-Tsetlin-Machines/experiments/results_minority/II_x_IV/rule9_vs_rule110/lag_hamming.png,/Users/amrkandil/github_repos/thesis/Distributed-Tsetlin-Machines/experiments/results_minority/II_x_IV/rule9_vs_rule110/metrics.json
10,41,II_x_IV,aperiodic,,,0.3045299816705945,0.46435741094028604,0.49429850746268655,0.027311884975488854,0.49309701492537317,coexist,,0.4734328358208955,0.5265671641791044,never,,aperiodic,,/Users/amrkandil/github_repos/thesis/Distributed-Tsetlin-Machines/experiments/results_minority/II_x_IV/rule10_vs_rule41/hamming_distance.png,/Users/amrkandil/github_repos/thesis/Distributed-Tsetlin-Machines/experiments/results_minority/II_x_IV/rule10_vs_rule41/lag_hamming.png,/Users/amrkandil/github_repos/thesis/Distributed-Tsetlin-Machines/experiments/results_minority/II_x_IV/rule10_vs_rule41/metrics.json
10,54,II_x_IV,aperiodic,,,0.22684079601990045,0.4391044776119403,0.4395323383084577,0.039316165218695666,0.43910447761194027,coexist,,0.47069651741293533,0.5293034825870647,never,,aperiodic,,/Users/amrkandil/github_repos/thesis/Distributed-Tsetlin-Machines/experiments/results_minority/II_x_IV/rule10_vs_rule54/hamming_distance.png,/Users/amrkandil/github_repos/thesis/Distributed-Tsetlin-Machines/experiments/results_minority/II_x_IV/rule10_vs_rule54/lag_hamming.png,/Users/amrkandil/github_repos/thesis/Distributed-Tsetlin-Machines/experiments/results_minority/II_x_IV/rule10_vs_rule54/metrics.json
10,106,II_x_IV,aperiodic,,,0.02152000414593696,0.41123808043117743,0.3587164179104478,0.015754417735234862,0.35819651741293534,coexist,,0.5002985074626866,0.49970149253731344,never,,aperiodic,,/Users/amrkandil/github_repos/thesis/Distributed-Tsetlin-Machines/experiments/results_minority/II_x_IV/rule10_vs_rule106/hamming_distance.png,/Users/amrkandil/github_repos/thesis/Distributed-Tsetlin-Machines/experiments/results_minority/II_x_IV/rule10_vs_rule106/lag_hamming.png,/Users/amrkandil/github_repos/thesis/Distributed-Tsetlin-Machines/experiments/results_minority/II_x_IV/rule10_vs_rule106/metrics.json
10,110,II_x_IV,near_cycle,4,0,0.06900008772259626,0.06900008772259608,0.3064179104477612,0.01950217026851243,0.30963930348258706,coexist,,0.4905970149253731,0.5094029850746269,early,50,near_cycle,4,/Users/amrkandil/github_repos/thesis/Distributed-Tsetlin-Machines/experiments/results_minority/II_x_IV/rule10_vs_rule110/hamming_distance.png,/Users/amrkandil/github_repos/thesis/Distributed-Tsetlin-Machines/experiments/results_minority/II_x_IV/rule10_vs_rule110/lag_hamming.png,/Users/amrkandil/github_repos/thesis/Distributed-Tsetlin-Machines/experiments/results_minority/II_x_IV/rule10_vs_rule110/metrics.json
11,41,II_x_IV,cycle,16,0,0.0,0.0,0.5450149253731345,0.031326575346066775,0.5410447761194032,coexist,,0.45303482587064675,0.5469651741293532,early,50,cycle,16,/Users/amrkandil/github_repos/thesis/Distributed-Tsetlin-Machines/experiments/results_minority/II_x_IV/rule11_vs_rule41/hamming_distance.png,/Users/amrkandil/github_repos/thesis/Distributed-Tsetlin-Machines/experiments/results_minority/II_x_IV/rule11_vs_rule41/lag_hamming.png,/Users/amrkandil/github_repos/thesis/Distributed-Tsetlin-Machines/experiments/results_minority/II_x_IV/rule11_vs_rule41/metrics.json
11,54,II_x_IV,near_cycle,20,0,0.20766247502644267,0.20766247502644258,0.7018308457711444,0.02618417744056331,0.703457711442786,coexist,,0.4918905472636816,0.5081094527363184,early,100,near_cycle,20,/Users/amrkandil/github_repos/thesis/Distributed-Tsetlin-Machines/experiments/results_minority/II_x_IV/rule11_vs_rule54/hamming_distance.png,/Users/amrkandil/github_repos/thesis/Distributed-Tsetlin-Machines/experiments/results_minority/II_x_IV/rule11_vs_rule54/lag_hamming.png,/Users/amrkandil/github_repos/thesis/Distributed-Tsetlin-Machines/experiments/results_minority/II_x_IV/rule11_vs_rule54/metrics.json
11,106,II_x_IV,near_cycle,4,0,0.03884857826735346,0.03884857826735341,0.5163383084577113,0.03975785721983273,0.5125995024875621,coexist,,0.47567164179104476,0.5243283582089552,late,150,cycle,24,/Users/amrkandil/github_repos/thesis/Distributed-Tsetlin-Machines/experiments/results_minority/II_x_IV/rule11_vs_rule106/hamming_distance.png,/Users/amrkandil/github_repos/thesis/Distributed-Tsetlin-Machines/experiments/results_minority/II_x_IV/rule11_vs_rule106/lag_hamming.png,/Users/amrkandil/github_repos/thesis/Distributed-Tsetlin-Machines/experiments/results_minority/II_x_IV/rule11_vs_rule106/metrics.json
11,110,II_x_IV,near_cycle,4,0,0.017895409601864705,0.017895409601864733,0.1607363184079602,0.045200075832633954,0.14506218905472637,coexist,,0.458955223880597,0.5410447761194029,late,334,near_cycle,4,/Users/amrkandil/github_repos/thesis/Distributed-Tsetlin-Machines/experiments/results_minority/II_x_IV/rule11_vs_rule110/hamming_distance.png,/Users/amrkandil/github_repos/thesis/Distributed-Tsetlin-Machines/experiments/results_minority/II_x_IV/rule11_vs_rule110/lag_hamming.png,/Users/amrkandil/github_repos/thesis/Distributed-Tsetlin-Machines/experiments/results_minority/II_x_IV/rule11_vs_rule110/metrics.json
12,41,II_x_IV,cycle,12,0,0.0,0.0,0.28010945273631843,0.01687351847869452,0.2777611940298508,coexist,,0.546865671641791,0.45313432835820894,early,50,cycle,12,/Users/amrkandil/github_repos/thesis/Distributed-Tsetlin-Machines/experiments/results_minority/II_x_IV/rule12_vs_rule41/hamming_distance.png,/Users/amrkandil/github_repos/thesis/Distributed-Tsetlin-Machines/experiments/results_minority/II_x_IV/rule12_vs_rule41/lag_hamming.png,/Users/amrkandil/github_repos/thesis/Distributed-Tsetlin-Machines/experiments/results_minority/II_x_IV/rule12_vs_rule41/metrics.json
12,54,II_x_IV,near_cycle,4,0,0.18552075892577424,0.18552075892577416,0.3060497512437811,0.042837451503394325,0.31013681592039805,coexist,,0.6081592039800995,0.3918407960199005,late,334,near_cycle,4,/Users/amrkandil/github_repos/thesis/Distributed-Tsetlin-Machines/experiments/results_minority/II_x_IV/rule12_vs_rule54/hamming_distance.png,/Users/amrkandil/github_repos/thesis/Distributed-Tsetlin-Machines/experiments/results_minority/II_x_IV/rule12_vs_rule54/lag_hamming.png,/Users/amrkandil/github_repos/thesis/Distributed-Tsetlin-Machines/experiments/results_minority/II_x_IV/rule12_vs_rule54/metrics.json
12,106,II_x_IV,near_cycle,2,1,0.03927729772191672,0.1686305315527625,0.08550248756218906,0.0188919852387129,0.08431592039800996,coexist,,0.5148258706467662,0.48517412935323384,late,334,near_cycle,2,/Users/amrkandil/github_repos/thesis/Distributed-Tsetlin-Machines/experiments/results_minority/II_x_IV/rule12_vs_rule106/hamming_distance.png,/Users/amrkandil/github_repos/thesis/Distributed-Tsetlin-Machines/experiments/results_minority/II_x_IV/rule12_vs_rule106/lag_hamming.png,/Users/amrkandil/github_repos/thesis/Distributed-Tsetlin-Machines/experiments/results_minority/II_x_IV/rule12_vs_rule106/metrics.json
12,110,II_x_IV,near_cycle,8,0,0.016165989391465144,0.016165989391465067,0.1526865671641791,0.018019224681086382,0.15287313432835822,coexist,,0.5595522388059702,0.44044776119402984,late,150,cycle,24,/Users/amrkandil/github_repos/thesis/Distributed-Tsetlin-Machines/experiments/results_minority/II_x_IV/rule12_vs_rule110/hamming_distance.png,/Users/amrkandil/github_repos/thesis/Distributed-Tsetlin-Machines/experiments/results_minority/II_x_IV/rule12_vs_rule110/lag_hamming.png,/Users/amrkandil/github_repos/thesis/Distributed-Tsetlin-Machines/experiments/results_minority/II_x_IV/rule12_vs_rule110/metrics.json
13,41,II_x_IV,cycle,2,0,0.0,0.0,0.10303482587064677,0.055615993955817004,0.08955223880597017,coexist,,0.8009950248756219,0.19900497512437812,early,100,cycle,2,/Users/amrkandil/github_repos/thesis/Distributed-Tsetlin-Machines/experiments/results_minority/II_x_IV/rule13_vs_rule41/hamming_distance.png,/Users/amrkandil/github_repos/thesis/Distributed-Tsetlin-Machines/experiments/results_minority/II_x_IV/rule13_vs_rule41/lag_hamming.png,/Users/amrkandil/github_repos/thesis/Distributed-Tsetlin-Machines/experiments/results_minority/II_x_IV/rule13_vs_rule41/metrics.json
13,54,II_x_IV,cycle,4,0,0.0,0.0,0.2002089552238806,0.0460534867355768,0.18905472636815923,coexist,,0.8507462686567164,0.14925373134328357,early,100,cycle,4,/Users/amrkandil/github_repos/thesis/Distributed-Tsetlin-Machines/experiments/results_minority/II_x_IV/rule13_vs_rule54/hamming_distance.png,/Users/amrkandil/github_repos/thesis/Distributed-Tsetlin-Machines/experiments/results_minority/II_x_IV/rule13_vs_rule54/lag_hamming.png,/Users/amrkandil/github_repos/thesis/Distributed-Tsetlin-Machines/experiments/results_minority/II_x_IV/rule13_vs_rule54/metrics.json
13,106,II_x_IV,near_cycle,4,0,0.018471872376154292,0.018471872376154493,0.12287562189054727,0.04567012321476287,0.11002487562189056,coexist,,0.8824875621890548,0.11751243781094528,late,200,cycle,40,/Users/amrkandil/github_repos/thesis/Distributed-Tsetlin-Machines/experiments/results_minority/II_x_IV/rule13_vs_rule106/hamming_distance.png,/Users/amrkandil/github_repos/thesis/Distributed-Tsetlin-Machines/experiments/results_minority/II_x_IV/rule13_vs_rule106/lag_hamming.png,/Users/amrkandil/github_repos/thesis/Distributed-Tsetlin-Machines/experiments/results_minority/II_x_IV/rule13_vs_rule106/metrics.json
13,110,II_x_IV,near_cycle,2,0,0.03147171411114855,0.03147171411114852,0.050049751243781096,0.03825103922033502,0.03575870646766169,coexist,,0.7356716417910448,0.2643283582089552,late,334,near_cycle,2,/Users/amrkandil/github_repos/thesis/Distributed-Tsetlin-Machines/experiments/results_minority/II_x_IV/rule13_vs_rule110/hamming_distance.png,/Users/amrkandil/github_repos/thesis/Distributed-Tsetlin-Machines/experiments/results_minority/II_x_IV/rule13_vs_rule110/lag_hamming.png,/Users/amrkandil/github_repos/thesis/Distributed-Tsetlin-Machines/experiments/results_minority/II_x_IV/rule13_vs_rule110/metrics.json
14,41,II_x_IV,aperiodic,,,0.23292884021817264,0.2329288402181726,0.4626865671641791,0.025906977933672633,0.46049751243781095,coexist,,0.5003482587064677,0.49965174129353235,never,,aperiodic,,/Users/amrkandil/github_repos/thesis/Distributed-Tsetlin-Machines/experiments/results_minority/II_x_IV/rule14_vs_rule41/hamming_distance.png,/Users/amrkandil/github_repos/thesis/Distributed-Tsetlin-Machines/experiments/results_minority/II_x_IV/rule14_vs_rule41/lag_hamming.png,/Users/amrkandil/github_repos/thesis/Distributed-Tsetlin-Machines/experiments/results_minority/II_x_IV/rule14_vs_rule41/metrics.json
14,54,II_x_IV,aperiodic,,,0.2763059701492538,0.4559328358208955,0.4568855721393035,0.045038052001237096,0.45593283582089555,coexist,,0.47512437810945274,0.5248756218905473,never,,aperiodic,,/Users/amrkandil/github_repos/thesis/Distributed-Tsetlin-Machines/experiments/results_minority/II_x_IV/rule14_vs_rule54/hamming_distance.png,/Users/amrkandil/github_repos/thesis/Distributed-Tsetlin-Machines/experiments/results_minority/II_x_IV/rule14_vs_rule54/lag_hamming.png,/Users/amrkandil/github_repos/thesis/Distributed-Tsetlin-Machines/experiments/results_minority/II_x_IV/rule14_vs_rule54/metrics.json
14,106,II_x_IV,aperiodic,,,0.053915884237958206,0.6567413558772554,0.3280895522388059,0.0202940464320481,0.3283582089552239,coexist,,0.5,0.5,never,,aperiodic,,/Users/amrkandil/github_repos/thesis/Distributed-Tsetlin-Machines/experiments/results_minority/II_x_IV/rule14_vs_rule106/hamming_distance.png,/Users/amrkandil/github_repos/thesis/Distributed-Tsetlin-Machines/experiments/results_minority/II_x_IV/rule14_vs_rule106/lag_hamming.png,/Users/amrkandil/github_repos/thesis/Distributed-Tsetlin-Machines/experiments/results_minority/II_x_IV/rule14_vs_rule106/metrics.json
14,110,II_x_IV,near_cycle,4,0,0.001090266551373555,0.0010902665513741118,0.19602985074626866,0.022690274201800368,0.19215174129353232,coexist,,0.6156716417910447,0.3843283582089552,late,150,cycle,4,/Users/amrkandil/github_repos/thesis/Distributed-Tsetlin-Machines/experiments/results_minority/II_x_IV/rule14_vs_rule110/hamming_distance.png,/Users/amrkandil/github_repos/thesis/Distributed-Tsetlin-Machines/experiments/results_minority/II_x_IV/rule14_vs_rule110/lag_hamming.png,/Users/amrkandil/github_repos/thesis/Distributed-Tsetlin-Machines/experiments/results_minority/II_x_IV/rule14_vs_rule110/metrics.json
15,41,II_x_IV,cycle,16,0,0.0,0.0,0.5201492537313434,0.022973818613254315,0.5161691542288557,coexist,,0.4446766169154229,0.5553233830845771,early,100,cycle,16,/Users/amrkandil/github_repos/thesis/Distributed-Tsetlin-Machines/experiments/results_minority/II_x_IV/rule15_vs_rule41/hamming_distance.png,/Users/amrkandil/github_repos/thesis/Distributed-Tsetlin-Machines/experiments/results_minority/II_x_IV/rule15_vs_rule41/lag_hamming.png,/Users/amrkandil/github_repos/thesis/Distributed-Tsetlin-Machines/experiments/results_minority/II_x_IV/rule15_vs_rule41/metrics.json
15,54,II_x_IV,near_cycle,6,0,0.13577681214182272,0.13577681214182252,0.7101592039800996,0.024152389885470395,0.7105970149253733,coexist,,0.5064179104477612,0.4935820895522388,early,50,near_cycle,6,/Users/amrkandil/github_repos/thesis/Distributed-Tsetlin-Machines/experiments/results_minority/II_x_IV/rule15_vs_rule54/hamming_distance.png,/Users/amrkandil/github_repos/thesis/Distributed-Tsetlin-Machines/experiments/results_minority/II_x_IV/rule15_vs_rule54/lag_hamming.png,/Users/amrkandil/github_repos/thesis/Distributed-Tsetlin-Machines/experiments/results_minority/II_x_IV/rule15_vs_rule54/metrics.json
15,106,II_x_IV,cycle,16,0,2.1210230918211945e-16,0.0,0.5170248756218905,0.024855671601908314,0.5180348258706468,coexist,,0.42880597014925376,0.5711940298507463,early,100,cycle,16,/Users/amrkandil/github_repos/thesis/Distributed-Tsetlin-Machines/experiments/results_minority/II_x_IV/rule15_vs_rule106/hamming_distance.png,/Users/amrkandil/github_repos/thesis/Distributed-Tsetlin-Machines/experiments/results_minority/II_x_IV/rule15_vs_rule106/lag_hamming.png,/Users/amrkandil/github_repos/thesis/Distributed-Tsetlin-Machines/experiments/results_minority/II_x_IV/rule15_vs_rule106/metrics.json
15,110,II_x_IV,near_cycle,4,0,0.024925749088311234,0.02492574908831159,0.16150248756218907,0.03391289289995679,0.15181592039800992,coexist,,0.7087064676616915,0.29129353233830846,late,150,cycle,16,/Users/amrkandil/github_repos/thesis/Distributed-Tsetlin-Machines/experiments/results_minority/II_x_IV/rule15_vs_rule110/hamming_distance.png,/Users/amrkandil/github_repos/thesis/Distributed-Tsetlin-Machines/experiments/results_minority/II_x_IV/rule15_vs_rule110/lag_hamming.png,/Users/amrkandil/github_repos/thesis/Distributed-Tsetlin-Machines/experiments/results_minority/II_x_IV/rule15_vs_rule110/metrics.json
19,41,II_x_IV,aperiodic,,,0.2739685033479221,0.5337473035823389,0.719402985074627,0.03103456905809819,0.7145646766169154,coexist,,0.46039800995024877,0.5396019900497513,never,,aperiodic,,/Users/amrkandil/github_repos/thesis/Distributed-Tsetlin-Machines/experiments/results_minority/II_x_IV/rule19_vs_rule41/hamming_distance.png,/Users/amrkandil/github_repos/thesis/Distributed-Tsetlin-Machines/experiments/results_minority/II_x_IV/rule19_vs_rule41/lag_hamming.png,/Users/amrkandil/github_repos/thesis/Distributed-Tsetlin-Machines/experiments/results_minority/II_x_IV/rule19_vs_rule41/metrics.json
19,54,II_x_IV,cycle,24,0,0.0,0.0,0.9224179104477613,0.02615664911288398,0.9265920398009952,coexist,,0.4608457711442786,0.5391542288557214,early,50,cycle,24,/Users/amrkandil/github_repos/thesis/Distributed-Tsetlin-Machines/experiments/results_minority/II_x_IV/rule19_vs_rule54/hamming_distance.png,/Users/amrkandil/github_repos/thesis/Distributed-Tsetlin-Machines/experiments/results_minority/II_x_IV/rule19_vs_rule54/lag_hamming.png,/Users/amrkandil/github_repos/thesis/Distributed-Tsetlin-Machines/experiments/results_minority/II_x_IV/rule19_vs_rule54/metrics.json
19,106,II_x_IV,aperiodic,,,0.29530738268456713,0.29530738268456713,0.6684278606965174,0.03259852595529525,0.6679228855721394,coexist,,0.46223880597014927,0.5377611940298508,never,,aperiodic,,/Users/amrkandil/github_repos/thesis/Distributed-Tsetlin-Machines/experiments/results_minority/II_x_IV/rule19_vs_rule106/hamming_distance.png,/Users/amrkandil/github_repos/thesis/Distributed-Tsetlin-Machines/experiments/results_minority/II_x_IV/rule19_vs_rule106/lag_hamming.png,/Users/amrkandil/github_repos/thesis/Distributed-Tsetlin-Machines/experiments/results_minority/II_x_IV/rule19_vs_rule106/metrics.json
19,110,II_x_IV,cycle,120,0,0.0,0.0,0.26103482587064675,0.05225656556678332,0.2506343283582089,coexist,,0.45238805970149254,0.5476119402985075,late,334,near_cycle,4,/Users/amrkandil/github_repos/thesis/Distributed-Tsetlin-Machines/experiments/results_minority/II_x_IV/rule19_vs_rule110/hamming_distance.png,/Users/amrkandil/github_repos/thesis/Distributed-Tsetlin-Machines/experiments/results_minority/II_x_IV/rule19_vs_rule110/lag_hamming.png,/Users/amrkandil/github_repos/thesis/Distributed-Tsetlin-Machines/experiments/results_minority/II_x_IV/rule19_vs_rule110/metrics.json
23,41,II_x_IV,aperiodic,,,0.2987194354044315,0.6317161061858627,0.6810049751243781,0.0369675765743342,0.674179104477612,coexist,,0.43149253731343284,0.5685074626865672,never,,aperiodic,,/Users/amrkandil/github_repos/thesis/Distributed-Tsetlin-Machines/experiments/results_minority/II_x_IV/rule23_vs_rule41/hamming_distance.png,/Users/amrkandil/github_repos/thesis/Distributed-Tsetlin-Machines/experiments/results_minority/II_x_IV/rule23_vs_rule41/lag_hamming.png,/Users/amrkandil/github_repos/thesis/Distributed-Tsetlin-Machines/experiments/results_minority/II_x_IV/rule23_vs_rule41/metrics.json
23,54,II_x_IV,cycle,60,0,2.1210230918211945e-16,0.0,0.9280895522388062,0.0189132505602889,0.9301741293532341,coexist,,0.4556716417910448,0.5443283582089552,early,50,near_cycle,2,/Users/amrkandil/github_repos/thesis/Distributed-Tsetlin-Machines/experiments/results_minority/II_x_IV/rule23_vs_rule54/hamming_distance.png,/Users/amrkandil/github_repos/thesis/Distributed-Tsetlin-Machines/experiments/results_minority/II_x_IV/rule23_vs_rule54/lag_hamming.png,/Users/amrkandil/github_repos/thesis/Distributed-Tsetlin-Machines/experiments/results_minority/II_x_IV/rule23_vs_rule54/metrics.json
23,106,II_x_IV,near_cycle,12,0,0.04454590799217286,0.04454590799217281,0.6374925373134329,0.027946520263739685,0.6371393034825871,coexist,,0.46482587064676617,0.5351741293532338,late,300,near_cycle,12,/Users/amrkandil/github_repos/thesis/Distributed-Tsetlin-Machines/experiments/results_minority/II_x_IV/rule23_vs_rule106/hamming_distance.png,/Users/amrkandil/github_repos/thesis/Distributed-Tsetlin-Machines/experiments/results_minority/II_x_IV/rule23_vs_rule106/lag_hamming.png,/Users/amrkandil/github_repos/thesis/Distributed-Tsetlin-Machines/experiments/results_minority/II_x_IV/rule23_vs_rule106/metrics.json
23,110,II_x_IV,near_cycle,6,0,0.015265444927262327,0.015265444927262423,0.39854726368159205,0.03293379624001524,0.39152985074626867,coexist,,0.448407960199005,0.551592039800995,late,150,cycle,12,/Users/amrkandil/github_repos/thesis/Distributed-Tsetlin-Machines/experiments/results_minority/II_x_IV/rule23_vs_rule110/hamming_distance.png,/Users/amrkandil/github_repos/thesis/Distributed-Tsetlin-Machines/experiments/results_minority/II_x_IV/rule23_vs_rule110/lag_hamming.png,/Users/amrkandil/github_repos/thesis/Distributed-Tsetlin-Machines/experiments/results_minority/II_x_IV/rule23_vs_rule110/metrics.json
24,41,II_x_IV,near_cycle,8,0,0.10118618105401744,0.10118618105401744,0.450636815920398,0.027016307011387613,0.4493532338308458,coexist,,0.48592039800995024,0.5140796019900498,late,334,near_cycle,8,/Users/amrkandil/github_repos/thesis/Distributed-Tsetlin-Machines/experiments/results_minority/II_x_IV/rule24_vs_rule41/hamming_distance.png,/Users/amrkandil/github_repos/thesis/Distributed-Tsetlin-Machines/experiments/results_minority/II_x_IV/rule24_vs_rule41/lag_hamming.png,/Users/amrkandil/github_repos/thesis/Distributed-Tsetlin-Machines/experiments/results_minority/II_x_IV/rule24_vs_rule41/metrics.json
24,54,II_x_IV,aperiodic,,,0.3601990049751244,0.4644278606965174,0.4642089552238806,0.04170815162094636,0.4644278606965175,coexist,,0.5090547263681592,0.4909452736318408,never,,aperiodic,,/Users/amrkandil/github_repos/thesis/Distributed-Tsetlin-Machines/experiments/results_minority/II_x_IV/rule24_vs_rule54/hamming_distance.png,/Users/amrkandil/github_repos/thesis/Distributed-Tsetlin-Machines/experiments/results_minority/II_x_IV/rule24_vs_rule54/lag_hamming.png,/Users/amrkandil/github_repos/thesis/Distributed-Tsetlin-Machines/experiments/results_minority/II_x_IV/rule24_vs_rule54/metrics.json
24,106,II_x_IV,fixed,1,0,0.0,0.0,0.0041393034825870645,0.03597526714346142,0.0,coexist,,0.5,0.5,early,50,fixed,1,/Users/amrkandil/github_repos/thesis/Distributed-Tsetlin-Machines/experiments/results_minority/II_x_IV/rule24_vs_rule106/hamming_distance.png,/Users/amrkandil/github_repos/thesis/Distributed-Tsetlin-Machines/experiments/results_minority/II_x_IV/rule24_vs_rule106/lag_hamming.png,/Users/amrkandil/github_repos/thesis/Distributed-Tsetlin-Machines/experiments/results_minority/II_x_IV/rule24_vs_rule106/metrics.json
24,110,II_x_IV,near_cycle,24,0,0.09778692743180659,0.09778692743180649,0.2035223880597015,0.028576248271910864,0.1955721393034826,coexist,,0.48592039800995024,0.5140796019900498,late,250,near_cycle,24,/Users/amrkandil/github_repos/thesis/Distributed-Tsetlin-Machines/experiments/results_minority/II_x_IV/rule24_vs_rule110/hamming_distance.png,/Users/amrkandil/github_repos/thesis/Distributed-Tsetlin-Machines/experiments/results_minority/II_x_IV/rule24_vs_rule110/lag_hamming.png,/Users/amrkandil/github_repos/thesis/Distributed-Tsetlin-Machines/experiments/results_minority/II_x_IV/rule24_vs_rule110/metrics.json
25,41,II_x_IV,aperiodic,,,0.32145039214952803,0.4361401014975249,0.6602089552238806,0.026753587825247473,0.6576119402985074,coexist,,0.4228358208955224,0.5771641791044776,never,,aperiodic,,/Users/amrkandil/github_repos/thesis/Distributed-Tsetlin-Machines/experiments/results_minority/II_x_IV/rule25_vs_rule41/hamming_distance.png,/Users/amrkandil/github_repos/thesis/Distributed-Tsetlin-Machines/experiments/results_minority/II_x_IV/rule25_vs_rule41/lag_hamming.png,/Users/amrkandil/github_repos/thesis/Distributed-Tsetlin-Machines/experiments/results_minority/II_x_IV/rule25_vs_rule41/metrics.json
25,54,II_x_IV,near_cycle,8,0,0.12431481270492327,0.12431481270492323,0.7233731343283583,0.024679623873927865,0.7261318407960199,coexist,,0.5193532338308458,0.48064676616915425,late,250,cycle,48,/Users/amrkandil/github_repos/thesis/Distributed-Tsetlin-Machines/experiments/results_minority/II_x_IV/rule25_vs_rule54/hamming_distance.png,/Users/amrkandil/github_repos/thesis/Distributed-Tsetlin-Machines/experiments/results_minority/II_x_IV/rule25_vs_rule54/lag_hamming.png,/Users/amrkandil/github_repos/thesis/Distributed-Tsetlin-Machines/experiments/results_minority/II_x_IV/rule25_vs_rule54/metrics.json
25,106,II_x_IV,aperiodic,,,0.44465174129353235,0.555273631840796,0.556915422885572,0.033993026539578114,0.555273631840796,coexist,,0.5056716417910447,0.4943283582089552,never,,aperiodic,,/Users/amrkandil/github_repos/thesis/Distributed-Tsetlin-Machines/experiments/results_minority/II_x_IV/rule25_vs_rule106/hamming_distance.png,/Users/amrkandil/github_repos/thesis/Distributed-Tsetlin-Machines/experiments/results_minority/II_x_IV/rule25_vs_rule106/lag_hamming.png,/Users/amrkandil/github_repos/thesis/Distributed-Tsetlin-Machines/experiments/results_minority/II_x_IV/rule25_vs_rule106/metrics.json
25,110,II_x_IV,cycle,120,0,2.1210230918211945e-16,0.0,0.1910049751243781,0.03596238501974677,0.18475124378109453,coexist,,0.4545771144278607,0.5454228855721392,early,50,near_cycle,4,/Users/amrkandil/github_repos/thesis/Distributed-Tsetlin-Machines/experiments/results_minority/II_x_IV/rule25_vs_rule110/hamming_distance.png,/Users/amrkandil/github_repos/thesis/Distributed-Tsetlin-Machines/experiments/results_minority/II_x_IV/rule25_vs_rule110/lag_hamming.png,/Users/amrkandil/github_repos/thesis/Distributed-Tsetlin-Machines/experiments/results_minority/II_x_IV/rule25_vs_rule110/metrics.json
26,41,II_x_IV,aperiodic,,,0.2955348258706468,0.5708582089552239,0.5735323383084577,0.03391619319276696,0.5708582089552239,coexist,,0.5444776119402985,0.45552238805970147,never,,aperiodic,,/Users/amrkandil/github_repos/thesis/Distributed-Tsetlin-Machines/experiments/results_minority/II_x_IV/rule26_vs_rule41/hamming_distance.png,/Users/amrkandil/github_repos/thesis/Distributed-Tsetlin-Machines/experiments/results_minority/II_x_IV/rule26_vs_rule41/lag_hamming.png,/Users/amrkandil/github_repos/thesis/Distributed-Tsetlin-Machines/experiments/results_minority/II_x_IV/rule26_vs_rule41/metrics.json
26,54,II_x_IV,aperiodic,,,0.3915547263681593,0.6074502487562189,0.608636815920398,0.038158621490426675,0.6074502487562189,coexist,,0.6033830845771144,0.3966169154228856,never,,aperiodic,,/Users/amrkandil/github_repos/thesis/Distributed-Tsetlin-Machines/experiments/results_minority/II_x_IV/rule26_vs_rule54/hamming_distance.png,/Users/amrkandil/github_repos/thesis/Distributed-Tsetlin-Machines/experiments/results_minority/II_x_IV/rule26_vs_rule54/lag_hamming.png,/Users/amrkandil/github_repos/thesis/Distributed-Tsetlin-Machines/experiments/results_minority/II_x_IV/rule26_vs_rule54/metrics.json
26,106,II_x_IV,aperiodic,,,0.24029850746268652,0.5350746268656716,0.5342985074626865,0.0357000324166053,0.5350746268656716,coexist,,0.4817412935323383,0.5182587064676617,never,,aperiodic,,/Users/amrkandil/github_repos/thesis/Distributed-Tsetlin-Machines/experiments/results_minority/II_x_IV/rule26_vs_rule106/hamming_distance.png,/Users/amrkandil/github_repos/thesis/Distributed-Tsetlin-Machines/experiments/results_minority/II_x_IV/rule26_vs_rule106/lag_hamming.png,/Users/amrkandil/github_repos/thesis/Distributed-Tsetlin-Machines/experiments/results_minority/II_x_IV/rule26_vs_rule106/metrics.json
26,110,II_x_IV,near_cycle,4,0,0.1116332694211562,0.11163326942115619,0.2990547263681592,0.04134980880189494,0.285,coexist,,0.4572636815920398,0.5427363184079602,late,334,near_cycle,4,/Users/amrkandil/github_repos/thesis/Distributed-Tsetlin-Machines/experiments/results_minority/II_x_IV/rule26_vs_rule110/hamming_distance.png,/Users/amrkandil/github_repos/thesis/Distributed-Tsetlin-Machines/experiments/results_minority/II_x_IV/rule26_vs_rule110/lag_hamming.png,/Users/amrkandil/github_repos/thesis/Distributed-Tsetlin-Machines/experiments/results_minority/II_x_IV/rule26_vs_rule110/metrics.json
27,41,II_x_IV,aperiodic,,,0.28233519121186057,0.5507924038953104,0.7051442786069652,0.02380130076843175,0.7049626865671641,coexist,,0.45990049751243783,0.5400995024875622,never,,aperiodic,,/Users/amrkandil/github_repos/thesis/Distributed-Tsetlin-Machines/experiments/results_minority/II_x_IV/rule27_vs_rule41/hamming_distance.png,/Users/amrkandil/github_repos/thesis/Distributed-Tsetlin-Machines/experiments/results_minority/II_x_IV/rule27_vs_rule41/lag_hamming.png,/Users/amrkandil/github_repos/thesis/Distributed-Tsetlin-Machines/experiments/results_minority/II_x_IV/rule27_vs_rule41/metrics.json
27,54,II_x_IV,cycle,24,0,7.070076972737315e-17,0.0,0.885363184079602,0.026101266387419865,0.8880348258706467,coexist,,0.4444776119402985,0.5555223880597014,early,50,cycle,24,/Users/amrkandil/github_repos/thesis/Distributed-Tsetlin-Machines/experiments/results_minority/II_x_IV/rule27_vs_rule54/hamming_distance.png,/Users/amrkandil/github_repos/thesis/Distributed-Tsetlin-Machines/experiments/results_minority/II_x_IV/rule27_vs_rule54/lag_hamming.png,/Users/amrkandil/github_repos/thesis/Distributed-Tsetlin-Machines/experiments/results_minority/II_x_IV/rule27_vs_rule54/metrics.json
27,106,II_x_IV,aperiodic,,,0.3347512437810945,0.618457711442786,0.6184776119402985,0.030744257610252106,0.618457711442786,coexist,,0.4799502487562189,0.520049751243781,never,,aperiodic,,/Users/amrkandil/github_repos/thesis/Distributed-Tsetlin-Machines/experiments/results_minority/II_x_IV/rule27_vs_rule106/hamming_distance.png,/Users/amrkandil/github_repos/thesis/Distributed-Tsetlin-Machines/experiments/results_minority/II_x_IV/rule27_vs_rule106/lag_hamming.png,/Users/amrkandil/github_repos/thesis/Distributed-Tsetlin-Machines/experiments/results_minority/II_x_IV/rule27_vs_rule106/metrics.json
27,110,II_x_IV,near_cycle,2,0,0.11855509420316965,0.11855509420316962,0.5074825870646766,0.02303863158014203,0.5086069651741293,coexist,,0.4242786069651741,0.5757213930348258,late,334,near_cycle,2,/Users/amrkandil/github_repos/thesis/Distributed-Tsetlin-Machines/experiments/results_minority/II_x_IV/rule27_vs_rule110/hamming_distance.png,/Users/amrkandil/github_repos/thesis/Distributed-Tsetlin-Machines/experiments/results_minority/II_x_IV/rule27_vs_rule110/lag_hamming.png,/Users/amrkandil/github_repos/thesis/Distributed-Tsetlin-Machines/experiments/results_minority/II_x_IV/rule27_vs_rule110/metrics.json
28,41,II_x_IV,cycle,24,0,0.0,0.0,0.3856616915422886,0.017007123404004794,0.3855348258706468,coexist,,0.6502985074626866,0.3497014925373134,early,50,cycle,24,/Users/amrkandil/github_repos/thesis/Distributed-Tsetlin-Machines/experiments/results_minority/II_x_IV/rule28_vs_rule41/hamming_distance.png,/Users/amrkandil/github_repos/thesis/Distributed-Tsetlin-Machines/experiments/results_minority/II_x_IV/rule28_vs_rule41/lag_hamming.png,/Users/amrkandil/github_repos/thesis/Distributed-Tsetlin-Machines/experiments/results_minority/II_x_IV/rule28_vs_rule41/metrics.json
28,54,II_x_IV,cycle,60,0,2.1210230918211945e-16,0.0,0.25322388059701495,0.03039780475621033,0.24774875621890544,coexist,,0.7623880597014925,0.23761194029850746,early,100,near_cycle,4,/Users/amrkandil/github_repos/thesis/Distributed-Tsetlin-Machines/experiments/results_minority/II_x_IV/rule28_vs_rule54/hamming_distance.png,/Users/amrkandil/github_repos/thesis/Distributed-Tsetlin-Machines/experiments/results_minority/II_x_IV/rule28_vs_rule54/lag_hamming.png,/Users/amrkandil/github_repos/thesis/Distributed-Tsetlin-Machines/experiments/results_minority/II_x_IV/rule28_vs_rule54/metrics.json
28,106,II_x_IV,aperiodic,,,0.340907960199005,0.340907960199005,0.33372139303482584,0.0440875513647781,0.34090796019900493,coexist,,0.6119402985074627,0.3880597014925373,never,,aperiodic,,/Users/amrkandil/github_repos/thesis/Distributed-Tsetlin-Machines/experiments/results_minority/II_x_IV/rule28_vs_rule106/hamming_distance.png,/Users/amrkandil/github_repos/thesis/Distributed-Tsetlin-Machines/experiments/results_minority/II_x_IV/rule28_vs_rule106/lag_hamming.png,/Users/amrkandil/github_repos/thesis/Distributed-Tsetlin-Machines/experiments/results_minority/II_x_IV/rule28_vs_rule106/metrics.json
28,110,II_x_IV,cycle,12,0,0.0,0.0,0.0870049751243781,0.028319715517163915,0.08207711442786068,coexist,,0.6915422885572139,0.30845771144278605,early,50,cycle,12,/Users/amrkandil/github_repos/thesis/Distributed-Tsetlin-Machines/experiments/results_minority/II_x_IV/rule28_vs_rule110/hamming_distance.png,/Users/amrkandil/github_repos/thesis/Distributed-Tsetlin-Machines/experiments/results_minority/II_x_IV/rule28_vs_rule110/lag_hamming.png,/Users/amrkandil/github_repos/thesis/Distributed-Tsetlin-Machines/experiments/results_minority/II_x_IV/rule28_vs_rule110/metrics.json
29,41,II_x_IV,near_cycle,2,0,0.1230065212783202,0.12300652127832018,0.4568656716417911,0.017635465076786115,0.45407960199004976,coexist,,0.704228855721393,0.29577114427860696,early,50,near_cycle,2,/Users/amrkandil/github_repos/thesis/Distributed-Tsetlin-Machines/experiments/results_minority/II_x_IV/rule29_vs_rule41/hamming_distance.png,/Users/amrkandil/github_repos/thesis/Distributed-Tsetlin-Machines/experiments/results_minority/II_x_IV/rule29_vs_rule41/lag_hamming.png,/Users/amrkandil/github_repos/thesis/Distributed-Tsetlin-Machines/experiments/results_minority/II_x_IV/rule29_vs_rule41/metrics.json
29,54,II_x_IV,cycle,24,0,0.0,0.0,0.32269651741293537,0.033232548311416206,0.3175621890547264,coexist,,0.7799004975124378,0.2200995024875622,early,50,cycle,24,/Users/amrkandil/github_repos/thesis/Distributed-Tsetlin-Machines/experiments/results_minority/II_x_IV/rule29_vs_rule54/hamming_distance.png,/Users/amrkandil/github_repos/thesis/Distributed-Tsetlin-Machines/experiments/results_minority/II_x_IV/rule29_vs_rule54/lag_hamming.png,/Users/amrkandil/github_repos/thesis/Distributed-Tsetlin-Machines/experiments/results_minority/II_x_IV/rule29_vs_rule54/metrics.json
29,106,II_x_IV,near_cycle,4,0,0.1224231487399276,0.12242314873992757,0.319820895522388,0.0337632277138133,0.3155223880597015,coexist,,0.7231343283582089,0.27686567164179104,late,200,near_cycle,4,/Users/amrkandil/github_repos/thesis/Distributed-Tsetlin-Machines/experiments/results_minority/II_x_IV/rule29_vs_rule106/hamming_distance.png,/Users/amrkandil/github_repos/thesis/Distributed-Tsetlin-Machines/experiments/results_minority/II_x_IV/rule29_vs_rule106/lag_hamming.png,/Users/amrkandil/github_repos/thesis/Distributed-Tsetlin-Machines/experiments/results_minority/II_x_IV/rule29_vs_rule106/metrics.json
29,110,II_x_IV,cycle,24,0,0.0,0.0,0.2014228855721393,0.02195479265382084,0.19815920398009948,coexist,,0.5671144278606965,0.4328855721393035,early,50,cycle,24,/Users/amrkandil/github_repos/thesis/Distributed-Tsetlin-Machines/experiments/results_minority/II_x_IV/rule29_vs_rule110/hamming_distance.png,/Users/amrkandil/github_repos/thesis/Distributed-Tsetlin-Machines/experiments/results_minority/II_x_IV/rule29_vs_rule110/lag_hamming.png,/Users/amrkandil/github_repos/thesis/Distributed-Tsetlin-Machines/experiments/results_minority/II_x_IV/rule29_vs_rule110/metrics.json
33,41,II_x_IV,cycle,2,0,5.656061578189852e-16,0.0,0.8384079601990052,0.014097785491117747,0.8407960199004977,coexist,,0.4900497512437811,0.5099502487562189,early,50,cycle,2,/Users/amrkandil/github_repos/thesis/Distributed-Tsetlin-Machines/experiments/results_minority/II_x_IV/rule33_vs_rule41/hamming_distance.png,/Users/amrkandil/github_repos/thesis/Distributed-Tsetlin-Machines/experiments/results_minority/II_x_IV/rule33_vs_rule41/lag_hamming.png,/Users/amrkandil/github_repos/thesis/Distributed-Tsetlin-Machines/experiments/results_minority/II_x_IV/rule33_vs_rule41/metrics.json
33,54,II_x_IV,aperiodic,,,0.4152171473459769,0.4281848900859113,0.631960199004975,0.04137061199024155,0.6315298507462687,coexist,,0.49592039800995025,0.5040796019900498,never,,aperiodic,,/Users/amrkandil/github_repos/thesis/Distributed-Tsetlin-Machines/experiments/results_minority/II_x_IV/rule33_vs_rule54/hamming_distance.png,/Users/amrkandil/github_repos/thesis/Distributed-Tsetlin-Machines/experiments/results_minority/II_x_IV/rule33_vs_rule54/lag_hamming.png,/Users/amrkandil/github_repos/thesis/Distributed-Tsetlin-Machines/experiments/results_minority/II_x_IV/rule33_vs_rule54/metrics.json
33,106,II_x_IV,aperiodic,,,0.2716044776119403,0.5626741293532338,0.5645472636815921,0.03458528268886702,0.5626741293532338,coexist,,0.39616915422885574,0.6038308457711443,never,,aperiodic,,/Users/amrkandil/github_repos/thesis/Distributed-Tsetlin-Machines/experiments/results_minority/II_x_IV/rule33_vs_rule106/hamming_distance.png,/Users/amrkandil/github_repos/thesis/Distributed-Tsetlin-Machines/experiments/results_minority/II_x_IV/rule33_vs_rule106/lag_hamming.png,/Users/amrkandil/github_repos/thesis/Distributed-Tsetlin-Machines/experiments/results_minority/II_x_IV/rule33_vs_rule106/metrics.json
33,110,II_x_IV,aperiodic,,,0.44700928606338586,0.44700928606338586,0.5146268656716417,0.03543406386317211,0.514912935323383,coexist,,0.5054228855721393,0.4945771144278607,never,,aperiodic,,/Users/amrkandil/github_repos/thesis/Distributed-Tsetlin-Machines/experiments/results_minority/II_x_IV/rule33_vs_rule110/hamming_distance.png,/Users/amrkandil/github_repos/thesis/Distributed-Tsetlin-Machines/experiments/results_minority/II_x_IV/rule33_vs_rule110/lag_hamming.png,/Users/amrkandil/github_repos/thesis/Distributed-Tsetlin-Machines/experiments/results_minority/II_x_IV/rule33_vs_rule110/metrics.json
34,41,II_x_IV,near_cycle,8,0,0.09028648108060222,0.09028648108060208,0.6169353233830845,0.024709887697759583,0.6180472636815921,coexist,,0.5156218905472637,0.4843781094527363,early,50,near_cycle,8,/Users/amrkandil/github_repos/thesis/Distributed-Tsetlin-Machines/experiments/results_minority/II_x_IV/rule34_vs_rule41/hamming_distance.png,/Users/amrkandil/github_repos/thesis/Distributed-Tsetlin-Machines/experiments/results_minority/II_x_IV/rule34_vs_rule41/lag_hamming.png,/Users/amrkandil/github_repos/thesis/Distributed-Tsetlin-Machines/experiments/results_minority/II_x_IV/rule34_vs_rule41/metrics.json
34,54,II_x_IV,aperiodic,,,0.2818034825870647,0.5812810945273632,0.5785174129353233,0.0485869933559202,0.5812810945273632,coexist,,0.5796517412935324,0.42034825870646764,never,,aperiodic,,/Users/amrkandil/github_repos/thesis/Distributed-Tsetlin-Machines/experiments/results_minority/II_x_IV/rule34_vs_rule54/hamming_distance.png,/Users/amrkandil/github_repos/thesis/Distributed-Tsetlin-Machines/experiments/results_minority/II_x_IV/rule34_vs_rule54/lag_hamming.png,/Users/amrkandil/github_repos/thesis/Distributed-Tsetlin-Machines/experiments/results_minority/II_x_IV/rule34_vs_rule54/metrics.json
34,106,II_x_IV,drift,1,1,2.1210230918211945e-16,0.527363184079602,0.5273134328358211,0.006374957503094294,0.5273631840796021,coexist,,0.48308457711442787,0.5169154228855721,early,50,drift,1,/Users/amrkandil/github_repos/thesis/Distributed-Tsetlin-Machines/experiments/results_minority/II_x_IV/rule34_vs_rule106/hamming_distance.png,/Users/amrkandil/github_repos/thesis/Distributed-Tsetlin-Machines/experiments/results_minority/II_x_IV/rule34_vs_rule106/lag_hamming.png,/Users/amrkandil/github_repos/thesis/Distributed-Tsetlin-Machines/experiments/results_minority/II_x_IV/rule34_vs_rule106/metrics.json
34,110,II_x_IV,near_cycle,1,1,0.1851368159203981,0.4026492537313433,0.4043084577114428,0.04400756779371293,0.4026492537313433,coexist,,0.5713930348258707,0.42860696517412933,late,334,near_cycle,1,/Users/amrkandil/github_repos/thesis/Distributed-Tsetlin-Machines/experiments/results_minority/II_x_IV/rule34_vs_rule110/hamming_distance.png,/Users/amrkandil/github_repos/thesis/Distributed-Tsetlin-Machines/experiments/results_minority/II_x_IV/rule34_vs_rule110/lag_hamming.png,/Users/amrkandil/github_repos/thesis/Distributed-Tsetlin-Machines/experiments/results_minority/II_x_IV/rule34_vs_rule110/metrics.json
35,41,II_x_IV,near_cycle,4,0,0.05670639247089492,0.056706392470894894,0.804587064676617,0.028082237518720268,0.8068034825870647,coexist,,0.45776119402985077,0.5422388059701493,early,100,near_cycle,4,/Users/amrkandil/github_repos/thesis/Distributed-Tsetlin-Machines/experiments/results_minority/II_x_IV/rule35_vs_rule41/hamming_distance.png,/Users/amrkandil/github_repos/thesis/Distributed-Tsetlin-Machines/experiments/results_minority/II_x_IV/rule35_vs_rule41/lag_hamming.png,/Users/amrkandil/github_repos/thesis/Distributed-Tsetlin-Machines/experiments/results_minority/II_x_IV/rule35_vs_rule41/metrics.json
35,54,II_x_IV,cycle,12,0,0.0,0.0,0.9640199004975124,0.03842721657869319,0.972649253731343,coexist,,0.6377114427860696,0.36228855721393033,early,50,cycle,12,/Users/amrkandil/github_repos/thesis/Distributed-Tsetlin-Machines/experiments/results_minority/II_x_IV/rule35_vs_rule54/hamming_distance.png,/Users/amrkandil/github_repos/thesis/Distributed-Tsetlin-Machines/experiments/results_minority/II_x_IV/rule35_vs_rule54/lag_hamming.png,/Users/amrkandil/github_repos/thesis/Distributed-Tsetlin-Machines/experiments/results_minority/II_x_IV/rule35_vs_rule54/metrics.json
35,106,II_x_IV,drift,1,1,0.0,0.8258706467661692,0.8236517412935326,0.014155154775649966,0.8258706467661695,coexist,,0.582089552238806,0.417910447761194,early,50,drift,1,/Users/amrkandil/github_repos/thesis/Distributed-Tsetlin-Machines/experiments/results_minority/II_x_IV/rule35_vs_rule106/hamming_distance.png,/Users/amrkandil/github_repos/thesis/Distributed-Tsetlin-Machines/experiments/results_minority/II_x_IV/rule35_vs_rule106/lag_hamming.png,/Users/amrkandil/github_repos/thesis/Distributed-Tsetlin-Machines/experiments/results_minority/II_x_IV/rule35_vs_rule106/metrics.json
35,110,II_x_IV,near_cycle,8,0,0.11159216639449061,0.11159216639449066,0.5702587064676616,0.030563269017471455,0.5655099502487562,coexist,,0.5338308457711443,0.46616915422885574,late,200,near_cycle,8,/Users/amrkandil/github_repos/thesis/Distributed-Tsetlin-Machines/experiments/results_minority/II_x_IV/rule35_vs_rule110/hamming_distance.png,/Users/amrkandil/github_repos/thesis/Distributed-Tsetlin-Machines/experiments/results_minority/II_x_IV/rule35_vs_rule110/lag_hamming.png,/Users/amrkandil/github_repos/thesis/Distributed-Tsetlin-Machines/experiments/results_minority/II_x_IV/rule35_vs_rule110/metrics.json
36,41,II_x_IV,near_cycle,2,0,0.11569969700370338,0.11569969700370329,0.5036318407960199,0.02087721301601951,0.5039676616915423,coexist,,0.449452736318408,0.550547263681592,early,100,near_cycle,2,/Users/amrkandil/github_repos/thesis/Distributed-Tsetlin-Machines/experiments/results_minority/II_x_IV/rule36_vs_rule41/hamming_distance.png,/Users/amrkandil/github_repos/thesis/Distributed-Tsetlin-Machines/experiments/results_minority/II_x_IV/rule36_vs_rule41/lag_hamming.png,/Users/amrkandil/github_repos/thesis/Distributed-Tsetlin-Machines/experiments/results_minority/II_x_IV/rule36_vs_rule41/metrics.json
36,54,II_x_IV,cycle,4,0,7.070076972737315e-17,0.0,0.18323383084577113,0.023481901921027754,0.18159203980099503,coexist,,0.5062189054726368,0.4937810945273632,early,50,cycle,4,/Users/amrkandil/github_repos/thesis/Distributed-Tsetlin-Machines/experiments/results_minority/II_x_IV/rule36_vs_rule54/hamming_distance.png,/Users/amrkandil/github_repos/thesis/Distributed-Tsetlin-Machines/experiments/results_minority/II_x_IV/rule36_vs_rule54/lag_hamming.png,/Users/amrkandil/github_repos/thesis/Distributed-Tsetlin-Machines/experiments/results_minority/II_x_IV/rule36_vs_rule54/metrics.json
36,106,II_x_IV,fixed,1,0,0.0,0.0,0.003442786069651741,0.029226108053344083,0.0,coexist,,0.5,0.5,early,50,fixed,1,/Users/amrkandil/github_repos/thesis/Distributed-Tsetlin-Machines/experiments/results_minority/II_x_IV/rule36_vs_rule106/hamming_distance.png,/Users/amrkandil/github_repos/thesis/Distributed-Tsetlin-Machines/experiments/results_minority/II_x_IV/rule36_vs_rule106/lag_hamming.png,/Users/amrkandil/github_repos/thesis/Distributed-Tsetlin-Machines/experiments/results_minority/II_x_IV/rule36_vs_rule106/metrics.json
36,110,II_x_IV,near_cycle,4,0,0.09748486785217479,0.09748486785217489,0.20421890547263682,0.022728040994100633,0.20431592039800997,coexist,,0.448407960199005,0.551592039800995,early,50,near_cycle,4,/Users/amrkandil/github_repos/thesis/Distributed-Tsetlin-Machines/experiments/results_minority/II_x_IV/rule36_vs_rule110/hamming_distance.png,/Users/amrkandil/github_repos/thesis/Distributed-Tsetlin-Machines/experiments/results_minority/II_x_IV/rule36_vs_rule110/lag_hamming.png,/Users/amrkandil/github_repos/thesis/Distributed-Tsetlin-Machines/experiments/results_minority/II_x_IV/rule36_vs_rule110/metrics.json
37,41,II_x_IV,cycle,2,0,0.0,0.0,0.8413333333333335,0.03293078984595148,0.8507462686567164,coexist,,0.47512437810945274,0.5248756218905473,early,100,cycle,2,/Users/amrkandil/github_repos/thesis/Distributed-Tsetlin-Machines/experiments/results_minority/II_x_IV/rule37_vs_rule41/hamming_distance.png,/Users/amrkandil/github_repos/thesis/Distributed-Tsetlin-Machines/experiments/results_minority/II_x_IV/rule37_vs_rule41/lag_hamming.png,/Users/amrkandil/github_repos/thesis/Distributed-Tsetlin-Machines/experiments/results_minority/II_x_IV/rule37_vs_rule41/metrics.json
37,54,II_x_IV,aperiodic,,,0.4531498677895159,0.4531498677895159,0.6360298507462687,0.046492540241542334,0.6362810945273631,coexist,,0.505223880597015,0.49477611940298505,never,,aperiodic,,/Users/amrkandil/github_repos/thesis/Distributed-Tsetlin-Machines/experiments/results_minority/II_x_IV/rule37_vs_rule54/hamming_distance.png,/Users/amrkandil/github_repos/thesis/Distributed-Tsetlin-Machines/experiments/results_minority/II_x_IV/rule37_vs_rule54/lag_hamming.png,/Users/amrkandil/github_repos/thesis/Distributed-Tsetlin-Machines/experiments/results_minority/II_x_IV/rule37_vs_rule54/metrics.json
37,106,II_x_IV,aperiodic,,,0.26033560158903213,0.2603356015890322,0.4854228855721393,0.035261349776345784,0.48202736318407957,coexist,,0.5132835820895523,0.4867164179104478,never,,aperiodic,,/Users/amrkandil/github_repos/thesis/Distributed-Tsetlin-Machines/experiments/results_minority/II_x_IV/rule37_vs_rule106/hamming_distance.png,/Users/amrkandil/github_repos/thesis/Distributed-Tsetlin-Machines/experiments/results_minority/II_x_IV/rule37_vs_rule106/lag_hamming.png,/Users/amrkandil/github_repos/thesis/Distributed-Tsetlin-Machines/experiments/results_minority/II_x_IV/rule37_vs_rule106/metrics.json
37,110,II_x_IV,aperiodic,,,0.42009098086394225,0.42009098086394225,0.49866666666666665,0.03710061231666438,0.49930348258706464,coexist,,0.514228855721393,0.48577114427860696,never,,aperiodic,,/Users/amrkandil/github_repos/thesis/Distributed-Tsetlin-Machines/experiments/results_minority/II_x_IV/rule37_vs_rule110/hamming_distance.png,/Users/amrkandil/github_repos/thesis/Distributed-Tsetlin-Machines/experiments/results_minority/II_x_IV/rule37_vs_rule110/lag_hamming.png,/Users/amrkandil/github_repos/thesis/Distributed-Tsetlin-Machines/experiments/results_minority/II_x_IV/rule37_vs_rule110/metrics.json
38,41,II_x_IV,near_cycle,8,0,0.19661235805704305,0.19661235805704302,0.575641791044776,0.027970812949749502,0.5777985074626865,coexist,,0.4550746268656716,0.5449253731343283,late,250,near_cycle,4,/Users/amrkandil/github_repos/thesis/Distributed-Tsetlin-Machines/experiments/results_minority/II_x_IV/rule38_vs_rule41/hamming_distance.png,/Users/amrkandil/github_repos/thesis/Distributed-Tsetlin-Machines/experiments/results_minority/II_x_IV/rule38_vs_rule41/lag_hamming.png,/Users/amrkandil/github_repos/thesis/Distributed-Tsetlin-Machines/experiments/results_minority/II_x_IV/rule38_vs_rule41/metrics.json
38,54,II_x_IV,aperiodic,,,0.29818326911806886,0.5207795608424045,0.5965572139303483,0.05265823939314476,0.5994154228855721,coexist,,0.4853233830845771,0.5146766169154229,never,,aperiodic,,/Users/amrkandil/github_repos/thesis/Distributed-Tsetlin-Machines/experiments/results_minority/II_x_IV/rule38_vs_rule54/hamming_distance.png,/Users/amrkandil/github_repos/thesis/Distributed-Tsetlin-Machines/experiments/results_minority/II_x_IV/rule38_vs_rule54/lag_hamming.png,/Users/amrkandil/github_repos/thesis/Distributed-Tsetlin-Machines/experiments/results_minority/II_x_IV/rule38_vs_rule54/metrics.json
38,106,II_x_IV,aperiodic,,,0.0749118988391376,0.42625414593698174,0.3993731343283582,0.020944578757337035,0.39793532338308457,coexist,,0.49965174129353235,0.5003482587064677,never,,aperiodic,,/Users/amrkandil/github_repos/thesis/Distributed-Tsetlin-Machines/experiments/results_minority/II_x_IV/rule38_vs_rule106/hamming_distance.png,/Users/amrkandil/github_repos/thesis/Distributed-Tsetlin-Machines/experiments/results_minority/II_x_IV/rule38_vs_rule106/lag_hamming.png,/Users/amrkandil/github_repos/thesis/Distributed-Tsetlin-Machines/experiments/results_minority/II_x_IV/rule38_vs_rule106/metrics.json
38,110,II_x_IV,near_cycle,2,2,0.13890447511814363,0.40743650170201623,0.2864577114427861,0.05034863134780393,0.27483830845771146,coexist,,0.5144776119402985,0.4855223880597015,never,,aperiodic,,/Users/amrkandil/github_repos/thesis/Distributed-Tsetlin-Machines/experiments/results_minority/II_x_IV/rule38_vs_rule110/hamming_distance.png,/Users/amrkandil/github_repos/thesis/Distributed-Tsetlin-Machines/experiments/results_minority/II_x_IV/rule38_vs_rule110/lag_hamming.png,/Users/amrkandil/github_repos/thesis/Distributed-Tsetlin-Machines/experiments/results_minority/II_x_IV/rule38_vs_rule110/metrics.json
42,41,II_x_IV,aperiodic,,,0.2318283582089553,0.5418532338308458,0.5441194029850746,0.030978919815478363,0.5418532338308458,coexist,,0.5062189054726368,0.4937810945273632,never,,aperiodic,,/Users/amrkandil/github_repos/thesis/Distributed-Tsetlin-Machines/experiments/results_minority/II_x_IV/rule42_vs_rule41/hamming_distance.png,/Users/amrkandil/github_repos/thesis/Distributed-Tsetlin-Machines/experiments/results_minority/II_x_IV/rule42_vs_rule41/lag_hamming.png,/Users/amrkandil/github_repos/thesis/Distributed-Tsetlin-Machines/experiments/results_minority/II_x_IV/rule42_vs_rule41/metrics.json
42,54,II_x_IV,near_cycle,1,1,0.18871890547263687,0.6149875621890547,0.6141194029850746,0.03444358626272469,0.6149875621890547,coexist,,0.4658706467661691,0.5341293532338308,late,334,near_cycle,1,/Users/amrkandil/github_repos/thesis/Distributed-Tsetlin-Machines/experiments/results_minority/II_x_IV/rule42_vs_rule54/hamming_distance.png,/Users/amrkandil/github_repos/thesis/Distributed-Tsetlin-Machines/experiments/results_minority/II_x_IV/rule42_vs_rule54/lag_hamming.png,/Users/amrkandil/github_repos/thesis/Distributed-Tsetlin-Machines/experiments/results_minority/II_x_IV/rule42_vs_rule54/metrics.json
42,106,II_x_IV,near_cycle,2,2,0.04430229803364128,0.46642726218531405,0.42884577114427863,0.02432158947033491,0.4271766169154229,coexist,,0.47766169154228855,0.5223383084577115,never,,aperiodic,,/Users/amrkandil/github_repos/thesis/Distributed-Tsetlin-Machines/experiments/results_minority/II_x_IV/rule42_vs_rule106/hamming_distance.png,/Users/amrkandil/github_repos/thesis/Distributed-Tsetlin-Machines/experiments/results_minority/II_x_IV/rule42_vs_rule106/lag_hamming.png,/Users/amrkandil/github_repos/thesis/Distributed-Tsetlin-Machines/experiments/results_minority/II_x_IV/rule42_vs_rule106/metrics.json
42,110,II_x_IV,aperiodic,,,0.04945325456053063,0.38527415008291876,0.29046766169154226,0.025215854356101953,0.2885820895522388,coexist,,0.4975621890547264,0.5024378109452736,never,,aperiodic,,/Users/amrkandil/github_repos/thesis/Distributed-Tsetlin-Machines/experiments/results_minority/II_x_IV/rule42_vs_rule110/hamming_distance.png,/Users/amrkandil/github_repos/thesis/Distributed-Tsetlin-Machines/experiments/results_minority/II_x_IV/rule42_vs_rule110/lag_hamming.png,/Users/amrkandil/github_repos/thesis/Distributed-Tsetlin-Machines/experiments/results_minority/II_x_IV/rule42_vs_rule110/metrics.json
43,41,II_x_IV,cycle,4,0,4.949053880916121e-16,0.0,0.52963184079602,0.02807666118847623,0.5223880597014926,coexist,,0.4527363184079602,0.5472636815920398,early,100,cycle,4,/Users/amrkandil/github_repos/thesis/Distributed-Tsetlin-Machines/experiments/results_minority/II_x_IV/rule43_vs_rule41/hamming_distance.png,/Users/amrkandil/github_repos/thesis/Distributed-Tsetlin-Machines/experiments/results_minority/II_x_IV/rule43_vs_rule41/lag_hamming.png,/Users/amrkandil/github_repos/thesis/Distributed-Tsetlin-Machines/experiments/results_minority/II_x_IV/rule43_vs_rule41/metrics.json
43,54,II_x_IV,near_cycle,6,0,0.13873669626550794,0.13873669626550791,0.6729154228855722,0.03418111909014822,0.6699378109452736,coexist,,0.4982089552238806,0.5017910447761194,late,334,near_cycle,6,/Users/amrkandil/github_repos/thesis/Distributed-Tsetlin-Machines/experiments/results_minority/II_x_IV/rule43_vs_rule54/hamming_distance.png,/Users/amrkandil/github_repos/thesis/Distributed-Tsetlin-Machines/experiments/results_minority/II_x_IV/rule43_vs_rule54/lag_hamming.png,/Users/amrkandil/github_repos/thesis/Distributed-Tsetlin-Machines/experiments/results_minority/II_x_IV/rule43_vs_rule54/metrics.json
43,106,II_x_IV,near_cycle,4,0,0.0004887401782027259,0.000488740178202188,0.5115422885572138,0.02760346784093663,0.5052114427860697,coexist,,0.4614427860696517,0.5385572139303483,late,150,cycle,4,/Users/amrkandil/github_repos/thesis/Distributed-Tsetlin-Machines/experiments/results_minority/II_x_IV/rule43_vs_rule106/hamming_distance.png,/Users/amrkandil/github_repos/thesis/Distributed-Tsetlin-Machines/experiments/results_minority/II_x_IV/rule43_vs_rule106/lag_hamming.png,/Users/amrkandil/github_repos/thesis/Distributed-Tsetlin-Machines/experiments/results_minority/II_x_IV/rule43_vs_rule106/metrics.json
43,110,II_x_IV,near_cycle,4,0,0.059225284158552355,0.05922528415855233,0.5339004975124378,0.0303047579922916,0.5334203980099502,coexist,,0.46950248756218904,0.530497512437811,late,334,near_cycle,4,/Users/amrkandil/github_repos/thesis/Distributed-Tsetlin-Machines/experiments/results_minority/II_x_IV/rule43_vs_rule110/hamming_distance.png,/Users/amrkandil/github_repos/thesis/Distributed-Tsetlin-Machines/experiments/results_minority/II_x_IV/rule43_vs_rule110/lag_hamming.png,/Users/amrkandil/github_repos/thesis/Distributed-Tsetlin-Machines/experiments/results_minority/II_x_IV/rule43_vs_rule110/metrics.json
44,41,II_x_IV,near_cycle,4,0,0.12799979949120902,0.12799979949120893,0.29897512437810947,0.045936636790677464,0.281181592039801,coexist,,0.5000995024875622,0.4999004975124378,late,200,near_cycle,4,/Users/amrkandil/github_repos/thesis/Distributed-Tsetlin-Machines/experiments/results_minority/II_x_IV/rule44_vs_rule41/hamming_distance.png,/Users/amrkandil/github_repos/thesis/Distributed-Tsetlin-Machines/experiments/results_minority/II_x_IV/rule44_vs_rule41/lag_hamming.png,/Users/amrkandil/github_repos/thesis/Distributed-Tsetlin-Machines/experiments/results_minority/II_x_IV/rule44_vs_rule41/metrics.json
44,54,II_x_IV,aperiodic,,,0.263469131212266,0.26346913121226606,0.4546268656716418,0.06099421326755041,0.46650497512437816,coexist,,0.43975124378109454,0.5602487562189055,never,,aperiodic,,/Users/amrkandil/github_repos/thesis/Distributed-Tsetlin-Machines/experiments/results_minority/II_x_IV/rule44_vs_rule54/hamming_distance.png,/Users/amrkandil/github_repos/thesis/Distributed-Tsetlin-Machines/experiments/results_minority/II_x_IV/rule44_vs_rule54/lag_hamming.png,/Users/amrkandil/github_repos/thesis/Distributed-Tsetlin-Machines/experiments/results_minority/II_x_IV/rule44_vs_rule54/metrics.json
44,106,II_x_IV,near_cycle,2,1,0.028030274691704507,0.11758251349767454,0.06145273631840796,0.024547132597705523,0.05876865671641791,coexist,,0.5096517412935323,0.49034825870646764,late,250,near_cycle,2,/Users/amrkandil/github_repos/thesis/Distributed-Tsetlin-Machines/experiments/results_minority/II_x_IV/rule44_vs_rule106/hamming_distance.png,/Users/amrkandil/github_repos/thesis/Distributed-Tsetlin-Machines/experiments/results_minority/II_x_IV/rule44_vs_rule106/lag_hamming.png,/Users/amrkandil/github_repos/thesis/Distributed-Tsetlin-Machines/experiments/results_minority/II_x_IV/rule44_vs_rule106/metrics.json
44,110,II_x_IV,near_cycle,2,1,0.08559957106697103,0.34430603872866244,0.17844776119402986,0.0312533559496004,0.17212686567164182,coexist,,0.5286567164179105,0.47134328358208955,late,334,near_cycle,2,/Users/amrkandil/github_repos/thesis/Distributed-Tsetlin-Machines/experiments/results_minority/II_x_IV/rule44_vs_rule110/hamming_distance.png,/Users/amrkandil/github_repos/thesis/Distributed-Tsetlin-Machines/experiments/results_minority/II_x_IV/rule44_vs_rule110/lag_hamming.png,/Users/amrkandil/github_repos/thesis/Distributed-Tsetlin-Machines/experiments/results_minority/II_x_IV/rule44_vs_rule110/metrics.json
46,41,II_x_IV,aperiodic,,,0.2478980099502488,0.518047263681592,0.5181492537313432,0.027245380064935775,0.518047263681592,coexist,,0.484228855721393,0.5157711442786069,never,,aperiodic,,/Users/amrkandil/github_repos/thesis/Distributed-Tsetlin-Machines/experiments/results_minority/II_x_IV/rule46_vs_rule41/hamming_distance.png,/Users/amrkandil/github_repos/thesis/Distributed-Tsetlin-Machines/experiments/results_minority/II_x_IV/rule46_vs_rule41/lag_hamming.png,/Users/amrkandil/github_repos/thesis/Distributed-Tsetlin-Machines/experiments/results_minority/II_x_IV/rule46_vs_rule41/metrics.json
46,54,II_x_IV,near_cycle,24,0,0.03395489396518727,0.033954893965187326,0.6357014925373133,0.036202303340522816,0.6385945273631841,coexist,,0.5635323383084577,0.4364676616915423,late,200,near_cycle,24,/Users/amrkandil/github_repos/thesis/Distributed-Tsetlin-Machines/experiments/results_minority/II_x_IV/rule46_vs_rule54/hamming_distance.png,/Users/amrkandil/github_repos/thesis/Distributed-Tsetlin-Machines/experiments/results_minority/II_x_IV/rule46_vs_rule54/lag_hamming.png,/Users/amrkandil/github_repos/thesis/Distributed-Tsetlin-Machines/experiments/results_minority/II_x_IV/rule46_vs_rule54/metrics.json
46,106,II_x_IV,aperiodic,,,0.051471963490816654,0.5903814262023217,0.31085572139303486,0.024750769264683156,0.30838308457711444,coexist,,0.4916915422885572,0.5083084577114428,never,,aperiodic,,/Users/amrkandil/github_repos/thesis/Distributed-Tsetlin-Machines/experiments/results_minority/II_x_IV/rule46_vs_rule106/hamming_distance.png,/Users/amrkandil/github_repos/thesis/Distributed-Tsetlin-Machines/experiments/results_minority/II_x_IV/rule46_vs_rule106/lag_hamming.png,/Users/amrkandil/github_repos/thesis/Distributed-Tsetlin-Machines/experiments/results_minority/II_x_IV/rule46_vs_rule106/metrics.json
46,110,II_x_IV,aperiodic,,,0.045461913490193344,0.5372884948690133,0.2708059701492537,0.02569273690722567,0.26865671641791045,coexist,,0.5,0.5,never,,aperiodic,,/Users/amrkandil/github_repos/thesis/Distributed-Tsetlin-Machines/experiments/results_minority/II_x_IV/rule46_vs_rule110/hamming_distance.png,/Users/amrkandil/github_repos/thesis/Distributed-Tsetlin-Machines/experiments/results_minority/II_x_IV/rule46_vs_rule110/lag_hamming.png,/Users/amrkandil/github_repos/thesis/Distributed-Tsetlin-Machines/experiments/results_minority/II_x_IV/rule46_vs_rule110/metrics.json
50,41,II_x_IV,cycle,12,0,5.656061578189852e-16,0.0,0.8928059701492537,0.02037244120094905,0.8946766169154228,coexist,,0.7355223880597015,0.2644776119402985,early,50,cycle,12,/Users/amrkandil/github_repos/thesis/Distributed-Tsetlin-Machines/experiments/results_minority/II_x_IV/rule50_vs_rule41/hamming_distance.png,/Users/amrkandil/github_repos/thesis/Distributed-Tsetlin-Machines/experiments/results_minority/II_x_IV/rule50_vs_rule41/lag_hamming.png,/Users/amrkandil/github_repos/thesis/Distributed-Tsetlin-Machines/experiments/results_minority/II_x_IV/rule50_vs_rule41/metrics.json
50,54,II_x_IV,cycle,12,0,4.949053880916121e-16,0.0,0.9143184079601991,0.02930036388813507,0.9187313432835822,coexist,,0.7856716417910448,0.2143283582089552,early,50,cycle,12,/Users/amrkandil/github_repos/thesis/Distributed-Tsetlin-Machines/experiments/results_minority/II_x_IV/rule50_vs_rule54/hamming_distance.png,/Users/amrkandil/github_repos/thesis/Distributed-Tsetlin-Machines/experiments/results_minority/II_x_IV/rule50_vs_rule54/lag_hamming.png,/Users/amrkandil/github_repos/thesis/Distributed-Tsetlin-Machines/experiments/results_minority/II_x_IV/rule50_vs_rule54/metrics.json
50,106,II_x_IV,cycle,12,0,0.0,0.0,0.9573830845771142,0.0260164490733379,0.9610323383084577,coexist,,0.6301990049751244,0.3698009950248756,early,100,cycle,12,/Users/amrkandil/github_repos/thesis/Distributed-Tsetlin-Machines/experiments/results_minority/II_x_IV/rule50_vs_rule106/hamming_distance.png,/Users/amrkandil/github_repos/thesis/Distributed-Tsetlin-Machines/experiments/results_minority/II_x_IV/rule50_vs_rule106/lag_hamming.png,/Users/amrkandil/github_repos/thesis/Distributed-Tsetlin-Machines/experiments/results_minority/II_x_IV/rule50_vs_rule106/metrics.json
50,110,II_x_IV,near_cycle,20,0,0.06126846084537947,0.0612684608453794,0.8369850746268658,0.0477392269134348,0.8486567164179105,coexist,,0.8197014925373134,0.18029850746268658,early,100,near_cycle,20,/Users/amrkandil/github_repos/thesis/Distributed-Tsetlin-Machines/experiments/results_minority/II_x_IV/rule50_vs_rule110/hamming_distance.png,/Users/amrkandil/github_repos/thesis/Distributed-Tsetlin-Machines/experiments/results_minority/II_x_IV/rule50_vs_rule110/lag_hamming.png,/Users/amrkandil/github_repos/thesis/Distributed-Tsetlin-Machines/experiments/results_minority/II_x_IV/rule50_vs_rule110/metrics.json
51,41,II_x_IV,near_cycle,6,0,0.035178537691289785,0.03517853769129038,0.9214427860696519,0.024754881104772523,0.929402985074627,coexist,,0.5491044776119403,0.4508955223880597,late,150,cycle,12,/Users/amrkandil/github_repos/thesis/Distributed-Tsetlin-Machines/experiments/results_minority/II_x_IV/rule51_vs_rule41/hamming_distance.png,/Users/amrkandil/github_repos/thesis/Distributed-Tsetlin-Machines/experiments/results_minority/II_x_IV/rule51_vs_rule41/lag_hamming.png,/Users/amrkandil/github_repos/thesis/Distributed-Tsetlin-Machines/experiments/results_minority/II_x_IV/rule51_vs_rule41/metrics.json
51,54,II_x_IV,cycle,4,0,0.0,0.0,0.9609751243781092,0.01694733892755227,0.9626865671641788,coexist,,0.5671641791044776,0.43283582089552236,early,50,cycle,4,/Users/amrkandil/github_repos/thesis/Distributed-Tsetlin-Machines/experiments/results_minority/II_x_IV/rule51_vs_rule54/hamming_distance.png,/Users/amrkandil/github_repos/thesis/Distributed-Tsetlin-Machines/experiments/results_minority/II_x_IV/rule51_vs_rule54/lag_hamming.png,/Users/amrkandil/github_repos/thesis/Distributed-Tsetlin-Machines/experiments/results_minority/II_x_IV/rule51_vs_rule54/metrics.json
51,106,II_x_IV,cycle,12,0,2.1210230918211945e-16,0.0,0.9440497512437812,0.02133016563323963,0.9485820895522389,coexist,,0.5406965174129353,0.45930348258706466,early,100,cycle,12,/Users/amrkandil/github_repos/thesis/Distributed-Tsetlin-Machines/experiments/results_minority/II_x_IV/rule51_vs_rule106/hamming_distance.png,/Users/amrkandil/github_repos/thesis/Distributed-Tsetlin-Machines/experiments/results_minority/II_x_IV/rule51_vs_rule106/lag_hamming.png,/Users/amrkandil/github_repos/thesis/Distributed-Tsetlin-Machines/experiments/results_minority/II_x_IV/rule51_vs_rule106/metrics.json
51,110,II_x_IV,aperiodic,,,0.31626569701069723,0.31626569701069723,0.7216019900497513,0.031136582903095112,0.7167910447761194,coexist,,0.4909950248756219,0.5090049751243781,never,,aperiodic,,/Users/amrkandil/github_repos/thesis/Distributed-Tsetlin-Machines/experiments/results_minority/II_x_IV/rule51_vs_rule110/hamming_distance.png,/Users/amrkandil/github_repos/thesis/Distributed-Tsetlin-Machines/experiments/results_minority/II_x_IV/rule51_vs_rule110/lag_hamming.png,/Users/amrkandil/github_repos/thesis/Distributed-Tsetlin-Machines/experiments/results_minority/II_x_IV/rule51_vs_rule110/metrics.json
56,41,II_x_IV,near_cycle,1,1,0.04238805970149266,0.9067910447761194,0.8935323383084576,0.05375989659604798,0.9067910447761196,coexist,,0.6952238805970149,0.3047761194029851,late,334,near_cycle,1,/Users/amrkandil/github_repos/thesis/Distributed-Tsetlin-Machines/experiments/results_minority/II_x_IV/rule56_vs_rule41/hamming_distance.png,/Users/amrkandil/github_repos/thesis/Distributed-Tsetlin-Machines/experiments/results_minority/II_x_IV/rule56_vs_rule41/lag_hamming.png,/Users/amrkandil/github_repos/thesis/Distributed-Tsetlin-Machines/experiments/results_minority/II_x_IV/rule56_vs_rule41/metrics.json
56,54,II_x_IV,near_cycle,1,1,0.06559701492537336,0.8628606965174129,0.835910447761194,0.0799008190671522,0.8628606965174128,dominate,a,0.9830348258706467,0.016965174129353233,late,334,near_cycle,1,/Users/amrkandil/github_repos/thesis/Distributed-Tsetlin-Machines/experiments/results_minority/II_x_IV/rule56_vs_rule54/hamming_distance.png,/Users/amrkandil/github_repos/thesis/Distributed-Tsetlin-Machines/experiments/results_minority/II_x_IV/rule56_vs_rule54/lag_hamming.png,/Users/amrkandil/github_repos/thesis/Distributed-Tsetlin-Machines/experiments/results_minority/II_x_IV/rule56_vs_rule54/metrics.json
56,106,II_x_IV,cycle,2,0,2.1210230918211945e-16,0.0,0.5379004975124378,0.021198978704209594,0.5422885572139303,coexist,,0.5174129353233831,0.48258706467661694,early,50,cycle,2,/Users/amrkandil/github_repos/thesis/Distributed-Tsetlin-Machines/experiments/results_minority/II_x_IV/rule56_vs_rule106/hamming_distance.png,/Users/amrkandil/github_repos/thesis/Distributed-Tsetlin-Machines/experiments/results_minority/II_x_IV/rule56_vs_rule106/lag_hamming.png,/Users/amrkandil/github_repos/thesis/Distributed-Tsetlin-Machines/experiments/results_minority/II_x_IV/rule56_vs_rule106/metrics.json
56,110,II_x_IV,aperiodic,,,0.3265547263681593,0.4892164179104478,0.48438805970149257,0.06487969571801692,0.4892164179104478,coexist,,0.5953731343283583,0.4046268656716418,never,,aperiodic,,/Users/amrkandil/github_repos/thesis/Distributed-Tsetlin-Machines/experiments/results_minority/II_x_IV/rule56_vs_rule110/hamming_distance.png,/Users/amrkandil/github_repos/thesis/Distributed-Tsetlin-Machines/experiments/results_minority/II_x_IV/rule56_vs_rule110/lag_hamming.png,/Users/amrkandil/github_repos/thesis/Distributed-Tsetlin-Machines/experiments/results_minority/II_x_IV/rule56_vs_rule110/metrics.json
57,41,II_x_IV,drift,1,1,0.0,0.8557213930348259,0.8445472636815918,0.02670371488952922,0.8557213930348258,coexist,,0.7014925373134329,0.29850746268656714,early,100,drift,1,/Users/amrkandil/github_repos/thesis/Distributed-Tsetlin-Machines/experiments/results_minority/II_x_IV/rule57_vs_rule41/hamming_distance.png,/Users/amrkandil/github_repos/thesis/Distributed-Tsetlin-Machines/experiments/results_minority/II_x_IV/rule57_vs_rule41/lag_hamming.png,/Users/amrkandil/github_repos/thesis/Distributed-Tsetlin-Machines/experiments/results_minority/II_x_IV/rule57_vs_rule41/metrics.json
57,54,II_x_IV,near_cycle,1,1,0.019141791044775112,0.8487189054726368,0.844905472636816,0.029470095395346563,0.8487189054726367,dominate_complete,a,1.0,0.0,late,334,near_cycle,1,/Users/amrkandil/github_repos/thesis/Distributed-Tsetlin-Machines/experiments/results_minority/II_x_IV/rule57_vs_rule54/hamming_distance.png,/Users/amrkandil/github_repos/thesis/Distributed-Tsetlin-Machines/experiments/results_minority/II_x_IV/rule57_vs_rule54/lag_hamming.png,/Users/amrkandil/github_repos/thesis/Distributed-Tsetlin-Machines/experiments/results_minority/II_x_IV/rule57_vs_rule54/metrics.json
57,106,II_x_IV,near_cycle,1,1,0.05138059701492545,0.8650124378109453,0.8374427860696518,0.06870712044102159,0.8650124378109453,dominate,a,0.9859203980099502,0.014079601990049751,late,334,near_cycle,1,/Users/amrkandil/github_repos/thesis/Distributed-Tsetlin-Machines/experiments/results_minority/II_x_IV/rule57_vs_rule106/hamming_distance.png,/Users/amrkandil/github_repos/thesis/Distributed-Tsetlin-Machines/experiments/results_minority/II_x_IV/rule57_vs_rule106/lag_hamming.png,/Users/amrkandil/github_repos/thesis/Distributed-Tsetlin-Machines/experiments/results_minority/II_x_IV/rule57_vs_rule106/metrics.json
57,110,II_x_IV,near_cycle,1,1,0.17563432835820908,0.7187437810945274,0.7066268656716419,0.039127060434513646,0.7187437810945273,coexist,,0.871044776119403,0.12895522388059702,late,334,near_cycle,1,/Users/amrkandil/github_repos/thesis/Distributed-Tsetlin-Machines/experiments/results_minority/II_x_IV/rule57_vs_rule110/hamming_distance.png,/Users/amrkandil/github_repos/thesis/Distributed-Tsetlin-Machines/experiments/results_minority/II_x_IV/rule57_vs_rule110/lag_hamming.png,/Users/amrkandil/github_repos/thesis/Distributed-Tsetlin-Machines/experiments/results_minority/II_x_IV/rule57_vs_rule110/metrics.json
58,41,II_x_IV,drift,1,1,5.656061578189852e-16,0.8258706467661692,0.8240199004975127,0.011489862065055574,0.8258706467661695,coexist,,0.6467661691542289,0.35323383084577115,early,50,drift,1,/Users/amrkandil/github_repos/thesis/Distributed-Tsetlin-Machines/experiments/results_minority/II_x_IV/rule58_vs_rule41/hamming_distance.png,/Users/amrkandil/github_repos/thesis/Distributed-Tsetlin-Machines/experiments/results_minority/II_x_IV/rule58_vs_rule41/lag_hamming.png,/Users/amrkandil/github_repos/thesis/Distributed-Tsetlin-Machines/experiments/results_minority/II_x_IV/rule58_vs_rule41/metrics.json
58,54,II_x_IV,near_cycle,1,1,0.051119402985074655,0.9353731343283582,0.9207562189054729,0.03988635622410645,0.9353731343283581,dominate,a,0.9704975124378109,0.029502487562189053,late,334,near_cycle,1,/Users/amrkandil/github_repos/thesis/Distributed-Tsetlin-Machines/experiments/results_minority/II_x_IV/rule58_vs_rule54/hamming_distance.png,/Users/amrkandil/github_repos/thesis/Distributed-Tsetlin-Machines/experiments/results_minority/II_x_IV/rule58_vs_rule54/lag_hamming.png,/Users/amrkandil/github_repos/thesis/Distributed-Tsetlin-Machines/experiments/results_minority/II_x_IV/rule58_vs_rule54/metrics.json
58,106,II_x_IV,near_cycle,1,1,0.2262064676616915,0.6426990049751243,0.6438009950248756,0.037612987955610994,0.6426990049751243,coexist,,0.6500995024875622,0.3499004975124378,never,,aperiodic,,/Users/amrkandil/github_repos/thesis/Distributed-Tsetlin-Machines/experiments/results_minority/II_x_IV/rule58_vs_rule106/hamming_distance.png,/Users/amrkandil/github_repos/thesis/Distributed-Tsetlin-Machines/experiments/results_minority/II_x_IV/rule58_vs_rule106/lag_hamming.png,/Users/amrkandil/github_repos/thesis/Distributed-Tsetlin-Machines/experiments/results_minority/II_x_IV/rule58_vs_rule106/metrics.json
58,110,II_x_IV,aperiodic,,,0.3117786069651742,0.5582462686567164,0.5590746268656717,0.039327445305518606,0.5582462686567164,coexist,,0.5653233830845771,0.43467661691542286,never,,aperiodic,,/Users/amrkandil/github_repos/thesis/Distributed-Tsetlin-Machines/experiments/results_minority/II_x_IV/rule58_vs_rule110/hamming_distance.png,/Users/amrkandil/github_repos/thesis/Distributed-Tsetlin-Machines/experiments/results_minority/II_x_IV/rule58_vs_rule110/lag_hamming.png,/Users/amrkandil/github_repos/thesis/Distributed-Tsetlin-Machines/experiments/results_minority/II_x_IV/rule58_vs_rule110/metrics.json
62,41,II_x_IV,aperiodic,,,0.18161691542288552,0.6325621890547264,0.6314029850746268,0.020819725116744077,0.6325621890547264,coexist,,0.5039800995024876,0.49601990049751243,never,,aperiodic,,/Users/amrkandil/github_repos/thesis/Distributed-Tsetlin-Machines/experiments/results_minority/II_x_IV/rule62_vs_rule41/hamming_distance.png,/Users/amrkandil/github_repos/thesis/Distributed-Tsetlin-Machines/experiments/results_minority/II_x_IV/rule62_vs_rule41/lag_hamming.png,/Users/amrkandil/github_repos/thesis/Distributed-Tsetlin-Machines/experiments/results_minority/II_x_IV/rule62_vs_rule41/metrics.json
62,54,II_x_IV,aperiodic,,,0.3881597039925998,0.48358708967724195,0.6856318407960199,0.041005606517248105,0.685136815920398,coexist,,0.51636815920398,0.4836318407960199,never,,aperiodic,,/Users/amrkandil/github_repos/thesis/Distributed-Tsetlin-Machines/experiments/results_minority/II_x_IV/rule62_vs_rule54/hamming_distance.png,/Users/amrkandil/github_repos/thesis/Distributed-Tsetlin-Machines/experiments/results_minority/II_x_IV/rule62_vs_rule54/lag_hamming.png,/Users/amrkandil/github_repos/thesis/Distributed-Tsetlin-Machines/experiments/results_minority/II_x_IV/rule62_vs_rule54/metrics.json
62,106,II_x_IV,aperiodic,,,0.27831873378698446,0.27831873378698446,0.5135621890547263,0.0385958477607332,0.513681592039801,coexist,,0.4527860696517413,0.5472139303482587,never,,aperiodic,,/Users/amrkandil/github_repos/thesis/Distributed-Tsetlin-Machines/experiments/results_minority/II_x_IV/rule62_vs_rule106/hamming_distance.png,/Users/amrkandil/github_repos/thesis/Distributed-Tsetlin-Machines/experiments/results_minority/II_x_IV/rule62_vs_rule106/lag_hamming.png,/Users/amrkandil/github_repos/thesis/Distributed-Tsetlin-Machines/experiments/results_minority/II_x_IV/rule62_vs_rule106/metrics.json
62,110,II_x_IV,aperiodic,,,0.3714427860696517,0.48629353233830847,0.48605970149253735,0.0402397446387015,0.4862935323383084,coexist,,0.4991542288557214,0.5008457711442786,never,,aperiodic,,/Users/amrkandil/github_repos/thesis/Distributed-Tsetlin-Machines/experiments/results_minority/II_x_IV/rule62_vs_rule110/hamming_distance.png,/Users/amrkandil/github_repos/thesis/Distributed-Tsetlin-Machines/experiments/results_minority/II_x_IV/rule62_vs_rule110/lag_hamming.png,/Users/amrkandil/github_repos/thesis/Distributed-Tsetlin-Machines/experiments/results_minority/II_x_IV/rule62_vs_rule110/metrics.json
72,41,II_x_IV,near_cycle,4,0,0.05883679837587898,0.05883679837587879,0.4564776119402985,0.020751992242913676,0.4577114427860696,coexist,,0.4034328358208955,0.5965671641791045,late,334,near_cycle,4,/Users/amrkandil/github_repos/thesis/Distributed-Tsetlin-Machines/experiments/results_minority/II_x_IV/rule72_vs_rule41/hamming_distance.png,/Users/amrkandil/github_repos/thesis/Distributed-Tsetlin-Machines/experiments/results_minority/II_x_IV/rule72_vs_rule41/lag_hamming.png,/Users/amrkandil/github_repos/thesis/Distributed-Tsetlin-Machines/experiments/results_minority/II_x_IV/rule72_vs_rule41/metrics.json
72,54,II_x_IV,aperiodic,,,0.27945273631840795,0.27945273631840795,0.27466666666666667,0.04087746269356085,0.27945273631840795,coexist,,0.4810945273631841,0.518905472636816,never,,aperiodic,,/Users/amrkandil/github_repos/thesis/Distributed-Tsetlin-Machines/experiments/results_minority/II_x_IV/rule72_vs_rule54/hamming_distance.png,/Users/amrkandil/github_repos/thesis/Distributed-Tsetlin-Machines/experiments/results_minority/II_x_IV/rule72_vs_rule54/lag_hamming.png,/Users/amrkandil/github_repos/thesis/Distributed-Tsetlin-Machines/experiments/results_minority/II_x_IV/rule72_vs_rule54/metrics.json
72,106,II_x_IV,fixed,1,0,0.0,0.0,0.0033830845771144276,0.02369413105056671,0.0,coexist,,0.5,0.5,early,50,fixed,1,/Users/amrkandil/github_repos/thesis/Distributed-Tsetlin-Machines/experiments/results_minority/II_x_IV/rule72_vs_rule106/hamming_distance.png,/Users/amrkandil/github_repos/thesis/Distributed-Tsetlin-Machines/experiments/results_minority/II_x_IV/rule72_vs_rule106/lag_hamming.png,/Users/amrkandil/github_repos/thesis/Distributed-Tsetlin-Machines/experiments/results_minority/II_x_IV/rule72_vs_rule106/metrics.json
72,110,II_x_IV,near_cycle,4,0,0.04823489604872365,0.048234896048723636,0.10982089552238804,0.01716852205493396,0.10895522388059702,coexist,,0.4815422885572139,0.5184577114427861,late,334,near_cycle,4,/Users/amrkandil/github_repos/thesis/Distributed-Tsetlin-Machines/experiments/results_minority/II_x_IV/rule72_vs_rule110/hamming_distance.png,/Users/amrkandil/github_repos/thesis/Distributed-Tsetlin-Machines/experiments/results_minority/II_x_IV/rule72_vs_rule110/lag_hamming.png,/Users/amrkandil/github_repos/thesis/Distributed-Tsetlin-Machines/experiments/results_minority/II_x_IV/rule72_vs_rule110/metrics.json
73,41,II_x_IV,aperiodic,,,0.36247334754797444,0.40224940460604247,0.5785970149253732,0.03205200317688117,0.5777860696517413,coexist,,0.4581094527363184,0.5418905472636816,never,,aperiodic,,/Users/amrkandil/github_repos/thesis/Distributed-Tsetlin-Machines/experiments/results_minority/II_x_IV/rule73_vs_rule41/hamming_distance.png,/Users/amrkandil/github_repos/thesis/Distributed-Tsetlin-Machines/experiments/results_minority/II_x_IV/rule73_vs_rule41/lag_hamming.png,/Users/amrkandil/github_repos/thesis/Distributed-Tsetlin-Machines/experiments/results_minority/II_x_IV/rule73_vs_rule41/metrics.json
73,54,II_x_IV,near_cycle,4,0,0.12873917565823287,0.12873917565823276,0.4234129353233831,0.037450086085325913,0.41299751243781097,coexist,,0.5498009950248757,0.4501990049751244,late,334,near_cycle,4,/Users/amrkandil/github_repos/thesis/Distributed-Tsetlin-Machines/experiments/results_minority/II_x_IV/rule73_vs_rule54/hamming_distance.png,/Users/amrkandil/github_repos/thesis/Distributed-Tsetlin-Machines/experiments/results_minority/II_x_IV/rule73_vs_rule54/lag_hamming.png,/Users/amrkandil/github_repos/thesis/Distributed-Tsetlin-Machines/experiments/results_minority/II_x_IV/rule73_vs_rule54/metrics.json
73,106,II_x_IV,aperiodic,,,0.1542540462245733,0.15425404622457334,0.2619402985074627,0.04541596455422023,0.24894278606965173,coexist,,0.6735323383084577,0.3264676616915423,late,334,near_cycle,2,/Users/amrkandil/github_repos/thesis/Distributed-Tsetlin-Machines/experiments/results_minority/II_x_IV/rule73_vs_rule106/hamming_distance.png,/Users/amrkandil/github_repos/thesis/Distributed-Tsetlin-Machines/experiments/results_minority/II_x_IV/rule73_vs_rule106/lag_hamming.png,/Users/amrkandil/github_repos/thesis/Distributed-Tsetlin-Machines/experiments/results_minority/II_x_IV/rule73_vs_rule106/metrics.json
73,110,II_x_IV,cycle,12,0,7.070076972737315e-17,0.0,0.15734328358208954,0.02370276030378451,0.155907960199005,coexist,,0.5555721393034826,0.4444278606965174,early,50,cycle,12,/Users/amrkandil/github_repos/thesis/Distributed-Tsetlin-Machines/experiments/results_minority/II_x_IV/rule73_vs_rule110/hamming_distance.png,/Users/amrkandil/github_repos/thesis/Distributed-Tsetlin-Machines/experiments/results_minority/II_x_IV/rule73_vs_rule110/lag_hamming.png,/Users/amrkandil/github_repos/thesis/Distributed-Tsetlin-Machines/experiments/results_minority/II_x_IV/rule73_vs_rule110/metrics.json
74,41,II_x_IV,aperiodic,,,0.3391293532338308,0.46601990049751246,0.4655621890547264,0.03283126607938592,0.46601990049751235,coexist,,0.49412935323383084,0.5058706467661691,never,,aperiodic,,/Users/amrkandil/github_repos/thesis/Distributed-Tsetlin-Machines/experiments/results_minority/II_x_IV/rule74_vs_rule41/hamming_distance.png,/Users/amrkandil/github_repos/thesis/Distributed-Tsetlin-Machines/experiments/results_minority/II_x_IV/rule74_vs_rule41/lag_hamming.png,/Users/amrkandil/github_repos/thesis/Distributed-Tsetlin-Machines/experiments/results_minority/II_x_IV/rule74_vs_rule41/metrics.json
74,54,II_x_IV,aperiodic,,,0.27049751243781084,0.45029850746268657,0.4499601990049751,0.04061196071583256,0.45029850746268657,coexist,,0.48885572139303485,0.5111442786069652,never,,aperiodic,,/Users/amrkandil/github_repos/thesis/Distributed-Tsetlin-Machines/experiments/results_minority/II_x_IV/rule74_vs_rule54/hamming_distance.png,/Users/amrkandil/github_repos/thesis/Distributed-Tsetlin-Machines/experiments/results_minority/II_x_IV/rule74_vs_rule54/lag_hamming.png,/Users/amrkandil/github_repos/thesis/Distributed-Tsetlin-Machines/experiments/results_minority/II_x_IV/rule74_vs_rule54/metrics.json
74,106,II_x_IV,near_cycle,2,2,0.09915335602688326,0.42357136622651154,0.3390746268656716,0.027642305028729143,0.33167910447761195,coexist,,0.49388059701492537,0.5061194029850746,never,,aperiodic,,/Users/amrkandil/github_repos/thesis/Distributed-Tsetlin-Machines/experiments/results_minority/II_x_IV/rule74_vs_rule106/hamming_distance.png,/Users/amrkandil/github_repos/thesis/Distributed-Tsetlin-Machines/experiments/results_minority/II_x_IV/rule74_vs_rule106/lag_hamming.png,/Users/amrkandil/github_repos/thesis/Distributed-Tsetlin-Machines/experiments/results_minority/II_x_IV/rule74_vs_rule106/metrics.json
74,110,II_x_IV,cycle,24,0,2.1210230918211945e-16,0.0,0.07966169154228855,0.030021013572321422,0.07296019900497512,coexist,,0.5456218905472637,0.4543781094527363,early,100,cycle,24,/Users/amrkandil/github_repos/thesis/Distributed-Tsetlin-Machines/experiments/results_minority/II_x_IV/rule74_vs_rule110/hamming_distance.png,/Users/amrkandil/github_repos/thesis/Distributed-Tsetlin-Machines/experiments/results_minority/II_x_IV/rule74_vs_rule110/lag_hamming.png,/Users/amrkandil/github_repos/thesis/Distributed-Tsetlin-Machines/experiments/results_minority/II_x_IV/rule74_vs_rule110/metrics.json
76,41,II_x_IV,cycle,8,0,0.0,0.0,0.2388855721393035,0.018034221297123395,0.236318407960199,coexist,,0.6020398009950249,0.39796019900497515,early,50,cycle,8,/Users/amrkandil/github_repos/thesis/Distributed-Tsetlin-Machines/experiments/results_minority/II_x_IV/rule76_vs_rule41/hamming_distance.png,/Users/amrkandil/github_repos/thesis/Distributed-Tsetlin-Machines/experiments/results_minority/II_x_IV/rule76_vs_rule41/lag_hamming.png,/Users/amrkandil/github_repos/thesis/Distributed-Tsetlin-Machines/experiments/results_minority/II_x_IV/rule76_vs_rule41/metrics.json
76,54,II_x_IV,near_cycle,12,0,0.11662765862205678,0.11662765862205682,0.23887562189054729,0.02598225256935983,0.23516169154228858,coexist,,0.7355721393034826,0.2644278606965174,late,150,near_cycle,12,/Users/amrkandil/github_repos/thesis/Distributed-Tsetlin-Machines/experiments/results_minority/II_x_IV/rule76_vs_rule54/hamming_distance.png,/Users/amrkandil/github_repos/thesis/Distributed-Tsetlin-Machines/experiments/results_minority/II_x_IV/rule76_vs_rule54/lag_hamming.png,/Users/amrkandil/github_repos/thesis/Distributed-Tsetlin-Machines/experiments/results_minority/II_x_IV/rule76_vs_rule54/metrics.json
76,106,II_x_IV,cycle,72,0,7.070076972737315e-17,0.0,0.07414925373134328,0.026370404485275,0.06832089552238806,coexist,,0.7791542288557214,0.2208457711442786,early,100,near_cycle,16,/Users/amrkandil/github_repos/thesis/Distributed-Tsetlin-Machines/experiments/results_minority/II_x_IV/rule76_vs_rule106/hamming_distance.png,/Users/amrkandil/github_repos/thesis/Distributed-Tsetlin-Machines/experiments/results_minority/II_x_IV/rule76_vs_rule106/lag_hamming.png,/Users/amrkandil/github_repos/thesis/Distributed-Tsetlin-Machines/experiments/results_minority/II_x_IV/rule76_vs_rule106/metrics.json
76,110,II_x_IV,cycle,4,0,0.0,0.0,0.07238805970149254,0.016756275038017087,0.06965174129353234,coexist,,0.6480099502487562,0.35199004975124376,early,50,cycle,4,/Users/amrkandil/github_repos/thesis/Distributed-Tsetlin-Machines/experiments/results_minority/II_x_IV/rule76_vs_rule110/hamming_distance.png,/Users/amrkandil/github_repos/thesis/Distributed-Tsetlin-Machines/experiments/results_minority/II_x_IV/rule76_vs_rule110/lag_hamming.png,/Users/amrkandil/github_repos/thesis/Distributed-Tsetlin-Machines/experiments/results_minority/II_x_IV/rule76_vs_rule110/metrics.json
77,41,II_x_IV,cycle,4,0,3.535038486368658e-16,0.0,0.09929353233830847,0.04044878190777599,0.09203980099502487,coexist,,0.7922885572139303,0.20771144278606965,early,100,cycle,4,/Users/amrkandil/github_repos/thesis/Distributed-Tsetlin-Machines/experiments/results_minority/II_x_IV/rule77_vs_rule41/hamming_distance.png,/Users/amrkandil/github_repos/thesis/Distributed-Tsetlin-Machines/experiments/results_minority/II_x_IV/rule77_vs_rule41/lag_hamming.png,/Users/amrkandil/github_repos/thesis/Distributed-Tsetlin-Machines/experiments/results_minority/II_x_IV/rule77_vs_rule41/metrics.json
77,54,II_x_IV,cycle,4,0,0.0,0.0,0.25530348258706465,0.025510380929339743,0.25124378109452733,coexist,,0.8072139303482587,0.1927860696517413,early,50,cycle,4,/Users/amrkandil/github_repos/thesis/Distributed-Tsetlin-Machines/experiments/results_minority/II_x_IV/rule77_vs_rule54/hamming_distance.png,/Users/amrkandil/github_repos/thesis/Distributed-Tsetlin-Machines/experiments/results_minority/II_x_IV/rule77_vs_rule54/lag_hamming.png,/Users/amrkandil/github_repos/thesis/Distributed-Tsetlin-Machines/experiments/results_minority/II_x_IV/rule77_vs_rule54/metrics.json
77,106,II_x_IV,cycle,4,0,0.0,0.0,0.08962189054726366,0.034016830013105154,0.08208955223880596,coexist,,0.8271144278606966,0.17288557213930347,early,50,cycle,4,/Users/amrkandil/github_repos/thesis/Distributed-Tsetlin-Machines/experiments/results_minority/II_x_IV/rule77_vs_rule106/hamming_distance.png,/Users/amrkandil/github_repos/thesis/Distributed-Tsetlin-Machines/experiments/results_minority/II_x_IV/rule77_vs_rule106/lag_hamming.png,/Users/amrkandil/github_repos/thesis/Distributed-Tsetlin-Machines/experiments/results_minority/II_x_IV/rule77_vs_rule106/metrics.json
77,110,II_x_IV,cycle,4,0,0.0,0.0,0.11762189054726369,0.020823041788604446,0.11442786069651742,coexist,,0.6069651741293532,0.39303482587064675,early,50,cycle,4,/Users/amrkandil/github_repos/thesis/Distributed-Tsetlin-Machines/experiments/results_minority/II_x_IV/rule77_vs_rule110/hamming_distance.png,/Users/amrkandil/github_repos/thesis/Distributed-Tsetlin-Machines/experiments/results_minority/II_x_IV/rule77_vs_rule110/lag_hamming.png,/Users/amrkandil/github_repos/thesis/Distributed-Tsetlin-Machines/experiments/results_minority/II_x_IV/rule77_vs_rule110/metrics.json
78,41,II_x_IV,near_cycle,4,0,0.06096720428086297,0.06096720428086269,0.14316417910447762,0.050262503414807404,0.12580845771144278,coexist,,0.8581592039800995,0.1418407960199005,late,150,near_cycle,10,/Users/amrkandil/github_repos/thesis/Distributed-Tsetlin-Machines/experiments/results_minority/II_x_IV/rule78_vs_rule41/hamming_distance.png,/Users/amrkandil/github_repos/thesis/Distributed-Tsetlin-Machines/experiments/results_minority/II_x_IV/rule78_vs_rule41/lag_hamming.png,/Users/amrkandil/github_repos/thesis/Distributed-Tsetlin-Machines/experiments/results_minority/II_x_IV/rule78_vs_rule41/metrics.json
78,54,II_x_IV,near_cycle,4,0,0.09979071894933399,0.09979071894933393,0.3398706467661692,0.040863735815868434,0.33419154228855724,coexist,,0.6809452736318408,0.3190547263681592,late,334,near_cycle,4,/Users/amrkandil/github_repos/thesis/Distributed-Tsetlin-Machines/experiments/results_minority/II_x_IV/rule78_vs_rule54/hamming_distance.png,/Users/amrkandil/github_repos/thesis/Distributed-Tsetlin-Machines/experiments/results_minority/II_x_IV/rule78_vs_rule54/lag_hamming.png,/Users/amrkandil/github_repos/thesis/Distributed-Tsetlin-Machines/experiments/results_minority/II_x_IV/rule78_vs_rule54/metrics.json
78,106,II_x_IV,cycle,120,0,0.0,0.0,0.15445771144278606,0.03199275152429523,0.14677860696517414,coexist,,0.7541791044776119,0.24582089552238806,early,100,near_cycle,8,/Users/amrkandil/github_repos/thesis/Distributed-Tsetlin-Machines/experiments/results_minority/II_x_IV/rule78_vs_rule106/hamming_distance.png,/Users/amrkandil/github_repos/thesis/Distributed-Tsetlin-Machines/experiments/results_minority/II_x_IV/rule78_vs_rule106/lag_hamming.png,/Users/amrkandil/github_repos/thesis/Distributed-Tsetlin-Machines/experiments/results_minority/II_x_IV/rule78_vs_rule106/metrics.json
78,110,II_x_IV,cycle,2,0,8.484092367284778e-16,0.0,0.0879004975124378,0.020780169636281147,0.08457711442786067,coexist,,0.6517412935323383,0.3482587064676617,early,50,cycle,2,/Users/amrkandil/github_repos/thesis/Distributed-Tsetlin-Machines/experiments/results_minority/II_x_IV/rule78_vs_rule110/hamming_distance.png,/Users/amrkandil/github_repos/thesis/Distributed-Tsetlin-Machines/experiments/results_minority/II_x_IV/rule78_vs_rule110/lag_hamming.png,/Users/amrkandil/github_repos/thesis/Distributed-Tsetlin-Machines/experiments/results_minority/II_x_IV/rule78_vs_rule110/metrics.json
94,41,II_x_IV,near_cycle,4,0,0.1556700126571175,0.15567001265711744,0.47605970149253735,0.03596662451850971,0.47072139303482585,coexist,,0.5767164179104478,0.42328358208955225,late,150,near_cycle,4,/Users/amrkandil/github_repos/thesis/Distributed-Tsetlin-Machines/experiments/results_minority/II_x_IV/rule94_vs_rule41/hamming_distance.png,/Users/amrkandil/github_repos/thesis/Distributed-Tsetlin-Machines/experiments/results_minority/II_x_IV/rule94_vs_rule41/lag_hamming.png,/Users/amrkandil/github_repos/thesis/Distributed-Tsetlin-Machines/experiments/results_minority/II_x_IV/rule94_vs_rule41/metrics.json
94,54,II_x_IV,near_cycle,4,0,0.16872814767472463,0.1687281476747246,0.5002089552238806,0.028184084432207476,0.4967786069651741,coexist,,0.6081094527363184,0.3918905472636816,late,150,near_cycle,4,/Users/amrkandil/github_repos/thesis/Distributed-Tsetlin-Machines/experiments/results_minority/II_x_IV/rule94_vs_rule54/hamming_distance.png,/Users/amrkandil/github_repos/thesis/Distributed-Tsetlin-Machines/experiments/results_minority/II_x_IV/rule94_vs_rule54/lag_hamming.png,/Users/amrkandil/github_repos/thesis/Distributed-Tsetlin-Machines/experiments/results_minority/II_x_IV/rule94_vs_rule54/metrics.json
94,106,II_x_IV,aperiodic,,,0.1495395087227049,0.14953950872270502,0.30738308457711444,0.05418304331720653,0.28746268656716417,coexist,,0.7061691542288557,0.29383084577114427,late,300,near_cycle,2,/Users/amrkandil/github_repos/thesis/Distributed-Tsetlin-Machines/experiments/results_minority/II_x_IV/rule94_vs_rule106/hamming_distance.png,/Users/amrkandil/github_repos/thesis/Distributed-Tsetlin-Machines/experiments/results_minority/II_x_IV/rule94_vs_rule106/lag_hamming.png,/Users/amrkandil/github_repos/thesis/Distributed-Tsetlin-Machines/experiments/results_minority/II_x_IV/rule94_vs_rule106/metrics.json
94,110,II_x_IV,cycle,6,0,0.0,0.0,0.23123383084577118,0.015048839247067925,0.22885572139303484,coexist,,0.6027363184079602,0.3972636815920398,early,50,cycle,6,/Users/amrkandil/github_repos/thesis/Distributed-Tsetlin-Machines/experiments/results_minority/II_x_IV/rule94_vs_rule110/hamming_distance.png,/Users/amrkandil/github_repos/thesis/Distributed-Tsetlin-Machines/experiments/results_minority/II_x_IV/rule94_vs_rule110/lag_hamming.png,/Users/amrkandil/github_repos/thesis/Distributed-Tsetlin-Machines/experiments/results_minority/II_x_IV/rule94_vs_rule110/metrics.json
104,41,II_x_IV,aperiodic,,,0.27277967843402634,0.27277967843402634,0.4554228855721393,0.028201715357232607,0.45605721393034826,coexist,,0.41761194029850746,0.5823880597014925,never,,aperiodic,,/Users/amrkandil/github_repos/thesis/Distributed-Tsetlin-Machines/experiments/results_minority/II_x_IV/rule104_vs_rule41/hamming_distance.png,/Users/amrkandil/github_repos/thesis/Distributed-Tsetlin-Machines/experiments/results_minority/II_x_IV/rule104_vs_rule41/lag_hamming.png,/Users/amrkandil/github_repos/thesis/Distributed-Tsetlin-Machines/experiments/results_minority/II_x_IV/rule104_vs_rule41/metrics.json
104,54,II_x_IV,aperiodic,,,0.22214952634089824,0.22214952634089824,0.4617014925373134,0.04690431485599268,0.47060945273631843,coexist,,0.4424875621890547,0.5575124378109453,late,334,near_cycle,36,/Users/amrkandil/github_repos/thesis/Distributed-Tsetlin-Machines/experiments/results_minority/II_x_IV/rule104_vs_rule54/hamming_distance.png,/Users/amrkandil/github_repos/thesis/Distributed-Tsetlin-Machines/experiments/results_minority/II_x_IV/rule104_vs_rule54/lag_hamming.png,/Users/amrkandil/github_repos/thesis/Distributed-Tsetlin-Machines/experiments/results_minority/II_x_IV/rule104_vs_rule54/metrics.json
104,106,II_x_IV,fixed,1,0,0.0,0.0,0.004875621890547264,0.033539718986366214,0.0,coexist,,0.5,0.5,early,50,fixed,1,/Users/amrkandil/github_repos/thesis/Distributed-Tsetlin-Machines/experiments/results_minority/II_x_IV/rule104_vs_rule106/hamming_distance.png,/Users/amrkandil/github_repos/thesis/Distributed-Tsetlin-Machines/experiments/results_minority/II_x_IV/rule104_vs_rule106/lag_hamming.png,/Users/amrkandil/github_repos/thesis/Distributed-Tsetlin-Machines/experiments/results_minority/II_x_IV/rule104_vs_rule106/metrics.json
104,110,II_x_IV,aperiodic,,,0.29713930348258705,0.29713930348258705,0.293910447761194,0.043267631303503036,0.29713930348258705,coexist,,0.4880597014925373,0.5119402985074627,never,,aperiodic,,/Users/amrkandil/github_repos/thesis/Distributed-Tsetlin-Machines/experiments/results_minority/II_x_IV/rule104_vs_rule110/hamming_distance.png,/Users/amrkandil/github_repos/thesis/Distributed-Tsetlin-Machines/experiments/results_minority/II_x_IV/rule104_vs_rule110/lag_hamming.png,/Users/amrkandil/github_repos/thesis/Distributed-Tsetlin-Machines/experiments/results_minority/II_x_IV/rule104_vs_rule110/metrics.json
108,41,II_x_IV,near_cycle,4,0,0.06475180771206951,0.06475180771206937,0.23084577114427862,0.04778917091052572,0.2119278606965174,coexist,,0.582636815920398,0.417363184079602,late,334,near_cycle,4,/Users/amrkandil/github_repos/thesis/Distributed-Tsetlin-Machines/experiments/results_minority/II_x_IV/rule108_vs_rule41/hamming_distance.png,/Users/amrkandil/github_repos/thesis/Distributed-Tsetlin-Machines/experiments/results_minority/II_x_IV/rule108_vs_rule41/lag_hamming.png,/Users/amrkandil/github_repos/thesis/Distributed-Tsetlin-Machines/experiments/results_minority/II_x_IV/rule108_vs_rule41/metrics.json
108,54,II_x_IV,aperiodic,,,0.42130597014925375,0.42130597014925375,0.4193532338308457,0.047817623174021544,0.4213059701492537,coexist,,0.47517412935323383,0.5248258706467662,never,,aperiodic,,/Users/amrkandil/github_repos/thesis/Distributed-Tsetlin-Machines/experiments/results_minority/II_x_IV/rule108_vs_rule54/hamming_distance.png,/Users/amrkandil/github_repos/thesis/Distributed-Tsetlin-Machines/experiments/results_minority/II_x_IV/rule108_vs_rule54/lag_hamming.png,/Users/amrkandil/github_repos/thesis/Distributed-Tsetlin-Machines/experiments/results_minority/II_x_IV/rule108_vs_rule54/metrics.json
108,106,II_x_IV,aperiodic,,,0.26533582089552243,0.2653358208955224,0.26568159203980096,0.037533808922191984,0.2653358208955224,coexist,,0.5116915422885572,0.48830845771144277,never,,aperiodic,,/Users/amrkandil/github_repos/thesis/Distributed-Tsetlin-Machines/experiments/results_minority/II_x_IV/rule108_vs_rule106/hamming_distance.png,/Users/amrkandil/github_repos/thesis/Distributed-Tsetlin-Machines/experiments/results_minority/II_x_IV/rule108_vs_rule106/lag_hamming.png,/Users/amrkandil/github_repos/thesis/Distributed-Tsetlin-Machines/experiments/results_minority/II_x_IV/rule108_vs_rule106/metrics.json
108,110,II_x_IV,aperiodic,,,0.32243781094527363,0.32243781094527363,0.3195721393034826,0.03935925383696204,0.32243781094527363,coexist,,0.4867164179104478,0.5132835820895523,never,,aperiodic,,/Users/amrkandil/github_repos/thesis/Distributed-Tsetlin-Machines/experiments/results_minority/II_x_IV/rule108_vs_rule110/hamming_distance.png,/Users/amrkandil/github_repos/thesis/Distributed-Tsetlin-Machines/experiments/results_minority/II_x_IV/rule108_vs_rule110/lag_hamming.png,/Users/amrkandil/github_repos/thesis/Distributed-Tsetlin-Machines/experiments/results_minority/II_x_IV/rule108_vs_rule110/metrics.json
130,41,II_x_IV,near_cycle,4,0,0.1500307029086306,0.15003070290863066,0.5182587064676616,0.022015192397964588,0.5189179104477613,coexist,,0.496318407960199,0.503681592039801,early,50,near_cycle,4,/Users/amrkandil/github_repos/thesis/Distributed-Tsetlin-Machines/experiments/results_minority/II_x_IV/rule130_vs_rule41/hamming_distance.png,/Users/amrkandil/github_repos/thesis/Distributed-Tsetlin-Machines/experiments/results_minority/II_x_IV/rule130_vs_rule41/lag_hamming.png,/Users/amrkandil/github_repos/thesis/Distributed-Tsetlin-Machines/experiments/results_minority/II_x_IV/rule130_vs_rule41/metrics.json
130,54,II_x_IV,aperiodic,,,0.3120522388059702,0.47128109452736316,0.47095522388059696,0.0410704746927502,0.4712810945273631,coexist,,0.49273631840796017,0.5072636815920398,never,,aperiodic,,/Users/amrkandil/github_repos/thesis/Distributed-Tsetlin-Machines/experiments/results_minority/II_x_IV/rule130_vs_rule54/hamming_distance.png,/Users/amrkandil/github_repos/thesis/Distributed-Tsetlin-Machines/experiments/results_minority/II_x_IV/rule130_vs_rule54/lag_hamming.png,/Users/amrkandil/github_repos/thesis/Distributed-Tsetlin-Machines/experiments/results_minority/II_x_IV/rule130_vs_rule54/metrics.json
130,106,II_x_IV,drift,1,1,0.0,0.4079601990049751,0.408268656716418,0.0036224782203239524,0.4079601990049752,coexist,,0.5009950248756219,0.49900497512437814,early,50,drift,1,/Users/amrkandil/github_repos/thesis/Distributed-Tsetlin-Machines/experiments/results_minority/II_x_IV/rule130_vs_rule106/hamming_distance.png,/Users/amrkandil/github_repos/thesis/Distributed-Tsetlin-Machines/experiments/results_minority/II_x_IV/rule130_vs_rule106/lag_hamming.png,/Users/amrkandil/github_repos/thesis/Distributed-Tsetlin-Machines/experiments/results_minority/II_x_IV/rule130_vs_rule106/metrics.json
130,110,II_x_IV,cycle,60,0,2.1210230918211945e-16,0.0,0.19143283582089549,0.021253458827701167,0.18723880597014925,coexist,,0.4728855721393035,0.5271144278606965,early,100,near_cycle,4,/Users/amrkandil/github_repos/thesis/Distributed-Tsetlin-Machines/experiments/results_minority/II_x_IV/rule130_vs_rule110/hamming_distance.png,/Users/amrkandil/github_repos/thesis/Distributed-Tsetlin-Machines/experiments/results_minority/II_x_IV/rule130_vs_rule110/lag_hamming.png,/Users/amrkandil/github_repos/thesis/Distributed-Tsetlin-Machines/experiments/results_minority/II_x_IV/rule130_vs_rule110/metrics.json
132,41,II_x_IV,cycle,4,0,7.070076972737315e-17,0.0,0.4317711442786069,0.012927862371804521,0.4328358208955224,coexist,,0.472636815920398,0.527363184079602,early,50,cycle,4,/Users/amrkandil/github_repos/thesis/Distributed-Tsetlin-Machines/experiments/results_minority/II_x_IV/rule132_vs_rule41/hamming_distance.png,/Users/amrkandil/github_repos/thesis/Distributed-Tsetlin-Machines/experiments/results_minority/II_x_IV/rule132_vs_rule41/lag_hamming.png,/Users/amrkandil/github_repos/thesis/Distributed-Tsetlin-Machines/experiments/results_minority/II_x_IV/rule132_vs_rule41/metrics.json
132,54,II_x_IV,near_cycle,8,0,0.02414137961591513,0.024141379615915334,0.0892636815920398,0.03964728902512012,0.08165422885572138,coexist,,0.4871641791044776,0.5128358208955224,early,50,near_cycle,8,/Users/amrkandil/github_repos/thesis/Distributed-Tsetlin-Machines/experiments/results_minority/II_x_IV/rule132_vs_rule54/hamming_distance.png,/Users/amrkandil/github_repos/thesis/Distributed-Tsetlin-Machines/experiments/results_minority/II_x_IV/rule132_vs_rule54/lag_hamming.png,/Users/amrkandil/github_repos/thesis/Distributed-Tsetlin-Machines/experiments/results_minority/II_x_IV/rule132_vs_rule54/metrics.json
132,106,II_x_IV,fixed,1,0,0.0,0.0,0.0029253731343283577,0.02381534202108585,0.0,coexist,,0.5,0.5,early,50,fixed,1,/Users/amrkandil/github_repos/thesis/Distributed-Tsetlin-Machines/experiments/results_minority/II_x_IV/rule132_vs_rule106/hamming_distance.png,/Users/amrkandil/github_repos/thesis/Distributed-Tsetlin-Machines/experiments/results_minority/II_x_IV/rule132_vs_rule106/lag_hamming.png,/Users/amrkandil/github_repos/thesis/Distributed-Tsetlin-Machines/experiments/results_minority/II_x_IV/rule132_vs_rule106/metrics.json
132,110,II_x_IV,cycle,6,0,2.1210230918211945e-16,0.0,0.144318407960199,0.013427247778173416,0.14429104477611937,coexist,,0.4551243781094527,0.5448756218905473,early,50,cycle,6,/Users/amrkandil/github_repos/thesis/Distributed-Tsetlin-Machines/experiments/results_minority/II_x_IV/rule132_vs_rule110/hamming_distance.png,/Users/amrkandil/github_repos/thesis/Distributed-Tsetlin-Machines/experiments/results_minority/II_x_IV/rule132_vs_rule110/lag_hamming.png,/Users/amrkandil/github_repos/thesis/Distributed-Tsetlin-Machines/experiments/results_minority/II_x_IV/rule132_vs_rule110/metrics.json
134,41,II_x_IV,near_cycle,4,0,0.16325175131897193,0.1632517513189719,0.4833333333333334,0.02424039689572626,0.48344527363184087,coexist,,0.45054726368159204,0.549452736318408,early,50,near_cycle,4,/Users/amrkandil/github_repos/thesis/Distributed-Tsetlin-Machines/experiments/results_minority/II_x_IV/rule134_vs_rule41/hamming_distance.png,/Users/amrkandil/github_repos/thesis/Distributed-Tsetlin-Machines/experiments/results_minority/II_x_IV/rule134_vs_rule41/lag_hamming.png,/Users/amrkandil/github_repos/thesis/Distributed-Tsetlin-Machines/experiments/results_minority/II_x_IV/rule134_vs_rule41/metrics.json
134,54,II_x_IV,aperiodic,,,0.36106435242334695,0.4845322260876071,0.48224875621890545,0.0402903302310981,0.48026119402985074,coexist,,0.5413930348258706,0.45860696517412936,never,,aperiodic,,/Users/amrkandil/github_repos/thesis/Distributed-Tsetlin-Machines/experiments/results_minority/II_x_IV/rule134_vs_rule54/hamming_distance.png,/Users/amrkandil/github_repos/thesis/Distributed-Tsetlin-Machines/experiments/results_minority/II_x_IV/rule134_vs_rule54/lag_hamming.png,/Users/amrkandil/github_repos/thesis/Distributed-Tsetlin-Machines/experiments/results_minority/II_x_IV/rule134_vs_rule54/metrics.json
134,106,II_x_IV,aperiodic,,,0.06317371475953582,0.3232535240464345,0.33934328358208954,0.016948121746140833,0.3383582089552239,coexist,,0.4981592039800995,0.5018407960199005,never,,aperiodic,,/Users/amrkandil/github_repos/thesis/Distributed-Tsetlin-Machines/experiments/results_minority/II_x_IV/rule134_vs_rule106/hamming_distance.png,/Users/amrkandil/github_repos/thesis/Distributed-Tsetlin-Machines/experiments/results_minority/II_x_IV/rule134_vs_rule106/lag_hamming.png,/Users/amrkandil/github_repos/thesis/Distributed-Tsetlin-Machines/experiments/results_minority/II_x_IV/rule134_vs_rule106/metrics.json
134,110,II_x_IV,cycle,4,0,0.0,0.0,0.1790646766169154,0.025034288013584892,0.17412935323383086,coexist,,0.5808457711442786,0.4191542288557214,early,100,cycle,4,/Users/amrkandil/github_repos/thesis/Distributed-Tsetlin-Machines/experiments/results_minority/II_x_IV/rule134_vs_rule110/hamming_distance.png,/Users/amrkandil/github_repos/thesis/Distributed-Tsetlin-Machines/experiments/results_minority/II_x_IV/rule134_vs_rule110/lag_hamming.png,/Users/amrkandil/github_repos/thesis/Distributed-Tsetlin-Machines/experiments/results_minority/II_x_IV/rule134_vs_rule110/metrics.json
138,41,II_x_IV,aperiodic,,,0.2473526573680715,0.2473526573680715,0.4742885572139304,0.026650035654500148,0.47497512437810946,coexist,,0.47592039800995023,0.5240796019900498,never,,aperiodic,,/Users/amrkandil/github_repos/thesis/Distributed-Tsetlin-Machines/experiments/results_minority/II_x_IV/rule138_vs_rule41/hamming_distance.png,/Users/amrkandil/github_repos/thesis/Distributed-Tsetlin-Machines/experiments/results_minority/II_x_IV/rule138_vs_rule41/lag_hamming.png,/Users/amrkandil/github_repos/thesis/Distributed-Tsetlin-Machines/experiments/results_minority/II_x_IV/rule138_vs_rule41/metrics.json
138,54,II_x_IV,aperiodic,,,0.2329726368159204,0.46496268656716416,0.46654726368159205,0.037188455377123474,0.46496268656716416,coexist,,0.4765174129353234,0.5234825870646767,never,,aperiodic,,/Users/amrkandil/github_repos/thesis/Distributed-Tsetlin-Machines/experiments/results_minority/II_x_IV/rule138_vs_rule54/hamming_distance.png,/Users/amrkandil/github_repos/thesis/Distributed-Tsetlin-Machines/experiments/results_minority/II_x_IV/rule138_vs_rule54/lag_hamming.png,/Users/amrkandil/github_repos/thesis/Distributed-Tsetlin-Machines/experiments/results_minority/II_x_IV/rule138_vs_rule54/metrics.json
138,106,II_x_IV,aperiodic,,,0.06200248756218923,0.344589552238806,0.3471442786069651,0.02137209666084039,0.34458955223880594,coexist,,0.49024875621890546,0.5097512437810945,never,,aperiodic,,/Users/amrkandil/github_repos/thesis/Distributed-Tsetlin-Machines/experiments/results_minority/II_x_IV/rule138_vs_rule106/hamming_distance.png,/Users/amrkandil/github_repos/thesis/Distributed-Tsetlin-Machines/experiments/results_minority/II_x_IV/rule138_vs_rule106/lag_hamming.png,/Users/amrkandil/github_repos/thesis/Distributed-Tsetlin-Machines/experiments/results_minority/II_x_IV/rule138_vs_rule106/metrics.json
138,110,II_x_IV,cycle,120,0,0.0,0.0,0.29150248756218905,0.018375348280241864,0.28953980099502485,coexist,,0.4045273631840796,0.5954726368159204,late,334,near_cycle,4,/Users/amrkandil/github_repos/thesis/Distributed-Tsetlin-Machines/experiments/results_minority/II_x_IV/rule138_vs_rule110/hamming_distance.png,/Users/amrkandil/github_repos/thesis/Distributed-Tsetlin-Machines/experiments/results_minority/II_x_IV/rule138_vs_rule110/lag_hamming.png,/Users/amrkandil/github_repos/thesis/Distributed-Tsetlin-Machines/experiments/results_minority/II_x_IV/rule138_vs_rule110/metrics.json
140,41,II_x_IV,cycle,4,0,2.828030789094926e-16,0.0,0.2421194029850746,0.019008910535210848,0.2388059701492537,coexist,,0.5646766169154229,0.43532338308457713,early,50,cycle,4,/Users/amrkandil/github_repos/thesis/Distributed-Tsetlin-Machines/experiments/results_minority/II_x_IV/rule140_vs_rule41/hamming_distance.png,/Users/amrkandil/github_repos/thesis/Distributed-Tsetlin-Machines/experiments/results_minority/II_x_IV/rule140_vs_rule41/lag_hamming.png,/Users/amrkandil/github_repos/thesis/Distributed-Tsetlin-Machines/experiments/results_minority/II_x_IV/rule140_vs_rule41/metrics.json
140,54,II_x_IV,near_cycle,36,0,0.13757241191303757,0.13757241191303754,0.2950348258706467,0.032442540020932796,0.29631840796019904,coexist,,0.5923880597014926,0.40761194029850745,late,334,near_cycle,36,/Users/amrkandil/github_repos/thesis/Distributed-Tsetlin-Machines/experiments/results_minority/II_x_IV/rule140_vs_rule54/hamming_distance.png,/Users/amrkandil/github_repos/thesis/Distributed-Tsetlin-Machines/experiments/results_minority/II_x_IV/rule140_vs_rule54/lag_hamming.png,/Users/amrkandil/github_repos/thesis/Distributed-Tsetlin-Machines/experiments/results_minority/II_x_IV/rule140_vs_rule54/metrics.json
140,106,II_x_IV,near_cycle,2,1,0.05288095861544414,0.22203518747116546,0.11240796019900498,0.018190978811108146,0.11101990049751244,coexist,,0.5197014925373135,0.48029850746268654,late,334,near_cycle,2,/Users/amrkandil/github_repos/thesis/Distributed-Tsetlin-Machines/experiments/results_minority/II_x_IV/rule140_vs_rule106/hamming_distance.png,/Users/amrkandil/github_repos/thesis/Distributed-Tsetlin-Machines/experiments/results_minority/II_x_IV/rule140_vs_rule106/lag_hamming.png,/Users/amrkandil/github_repos/thesis/Distributed-Tsetlin-Machines/experiments/results_minority/II_x_IV/rule140_vs_rule106/metrics.json
140,110,II_x_IV,near_cycle,2,0,0.08682153144054165,0.08682153144054165,0.22969154228855723,0.016891830196223118,0.23487562189054728,coexist,,0.48248756218905475,0.5175124378109452,late,150,cycle,8,/Users/amrkandil/github_repos/thesis/Distributed-Tsetlin-Machines/experiments/results_minority/II_x_IV/rule140_vs_rule110/hamming_distance.png,/Users/amrkandil/github_repos/thesis/Distributed-Tsetlin-Machines/experiments/results_minority/II_x_IV/rule140_vs_rule110/lag_hamming.png,/Users/amrkandil/github_repos/thesis/Distributed-Tsetlin-Machines/experiments/results_minority/II_x_IV/rule140_vs_rule110/metrics.json
142,41,II_x_IV,near_cycle,96,0,0.19430715276078628,0.19430715276078622,0.4606069651741294,0.021926291486704764,0.46136815920398005,coexist,,0.4862189054726368,0.5137810945273632,never,,aperiodic,,/Users/amrkandil/github_repos/thesis/Distributed-Tsetlin-Machines/experiments/results_minority/II_x_IV/rule142_vs_rule41/hamming_distance.png,/Users/amrkandil/github_repos/thesis/Distributed-Tsetlin-Machines/experiments/results_minority/II_x_IV/rule142_vs_rule41/lag_hamming.png,/Users/amrkandil/github_repos/thesis/Distributed-Tsetlin-Machines/experiments/results_minority/II_x_IV/rule142_vs_rule41/metrics.json
142,54,II_x_IV,aperiodic,,,0.2868283582089553,0.47304726368159206,0.47405970149253734,0.0350879280378982,0.473047263681592,coexist,,0.49701492537313435,0.5029850746268657,never,,aperiodic,,/Users/amrkandil/github_repos/thesis/Distributed-Tsetlin-Machines/experiments/results_minority/II_x_IV/rule142_vs_rule54/hamming_distance.png,/Users/amrkandil/github_repos/thesis/Distributed-Tsetlin-Machines/experiments/results_minority/II_x_IV/rule142_vs_rule54/lag_hamming.png,/Users/amrkandil/github_repos/thesis/Distributed-Tsetlin-Machines/experiments/results_minority/II_x_IV/rule142_vs_rule54/metrics.json
142,106,II_x_IV,near_cycle,1,1,0.1299253731343284,0.3148507462686567,0.31698507462686565,0.031617768345764956,0.3148507462686567,coexist,,0.4783582089552239,0.5216417910447761,early,0,near_cycle,1,/Users/amrkandil/github_repos/thesis/Distributed-Tsetlin-Machines/experiments/results_minority/II_x_IV/rule142_vs_rule106/hamming_distance.png,/Users/amrkandil/github_repos/thesis/Distributed-Tsetlin-Machines/experiments/results_minority/II_x_IV/rule142_vs_rule106/lag_hamming.png,/Users/amrkandil/github_repos/thesis/Distributed-Tsetlin-Machines/experiments/results_minority/II_x_IV/rule142_vs_rule106/metrics.json
142,110,II_x_IV,near_cycle,4,0,0.08811108187024597,0.08811108187024574,0.2819203980099502,0.014266071776789027,0.28143034825870644,coexist,,0.4911442786069652,0.5088557213930348,late,250,near_cycle,4,/Users/amrkandil/github_repos/thesis/Distributed-Tsetlin-Machines/experiments/results_minority/II_x_IV/rule142_vs_rule110/hamming_distance.png,/Users/amrkandil/github_repos/thesis/Distributed-Tsetlin-Machines/experiments/results_minority/II_x_IV/rule142_vs_rule110/lag_hamming.png,/Users/amrkandil/github_repos/thesis/Distributed-Tsetlin-Machines/experiments/results_minority/II_x_IV/rule142_vs_rule110/metrics.json
152,41,II_x_IV,near_cycle,8,0,0.1771043003810464,0.1771043003810464,0.4278706467661691,0.020185763863326343,0.42562189054726374,coexist,,0.48592039800995024,0.5140796019900498,late,334,near_cycle,8,/Users/amrkandil/github_repos/thesis/Distributed-Tsetlin-Machines/experiments/results_minority/II_x_IV/rule152_vs_rule41/hamming_distance.png,/Users/amrkandil/github_repos/thesis/Distributed-Tsetlin-Machines/experiments/results_minority/II_x_IV/rule152_vs_rule41/lag_hamming.png,/Users/amrkandil/github_repos/thesis/Distributed-Tsetlin-Machines/experiments/results_minority/II_x_IV/rule152_vs_rule41/metrics.json
152,54,II_x_IV,aperiodic,,,0.34049751243781096,0.46629353233830845,0.4671741293532339,0.03759311303246377,0.4662935323383084,coexist,,0.5081592039800995,0.4918407960199005,never,,aperiodic,,/Users/amrkandil/github_repos/thesis/Distributed-Tsetlin-Machines/experiments/results_minority/II_x_IV/rule152_vs_rule54/hamming_distance.png,/Users/amrkandil/github_repos/thesis/Distributed-Tsetlin-Machines/experiments/results_minority/II_x_IV/rule152_vs_rule54/lag_hamming.png,/Users/amrkandil/github_repos/thesis/Distributed-Tsetlin-Machines/experiments/results_minority/II_x_IV/rule152_vs_rule54/metrics.json
152,106,II_x_IV,cycle,2,0,0.0,0.0,0.06428855721393033,0.03254047636276695,0.05970149253731342,coexist,,0.4925373134328358,0.5074626865671642,early,50,cycle,2,/Users/amrkandil/github_repos/thesis/Distributed-Tsetlin-Machines/experiments/results_minority/II_x_IV/rule152_vs_rule106/hamming_distance.png,/Users/amrkandil/github_repos/thesis/Distributed-Tsetlin-Machines/experiments/results_minority/II_x_IV/rule152_vs_rule106/lag_hamming.png,/Users/amrkandil/github_repos/thesis/Distributed-Tsetlin-Machines/experiments/results_minority/II_x_IV/rule152_vs_rule106/metrics.json
152,110,II_x_IV,near_cycle,4,0,0.1223604897427222,0.12236048974272216,0.2783383084577115,0.020994249119147598,0.2775,coexist,,0.5169154228855721,0.48308457711442787,late,200,near_cycle,4,/Users/amrkandil/github_repos/thesis/Distributed-Tsetlin-Machines/experiments/results_minority/II_x_IV/rule152_vs_rule110/hamming_distance.png,/Users/amrkandil/github_repos/thesis/Distributed-Tsetlin-Machines/experiments/results_minority/II_x_IV/rule152_vs_rule110/lag_hamming.png,/Users/amrkandil/github_repos/thesis/Distributed-Tsetlin-Machines/experiments/results_minority/II_x_IV/rule152_vs_rule110/metrics.json
154,41,II_x_IV,aperiodic,,,0.28109452736318413,0.5736069651741293,0.575094527363184,0.031582113064160006,0.5736069651741293,coexist,,0.5224378109452736,0.47756218905472636,never,,aperiodic,,/Users/amrkandil/github_repos/thesis/Distributed-Tsetlin-Machines/experiments/results_minority/II_x_IV/rule154_vs_rule41/hamming_distance.png,/Users/amrkandil/github_repos/thesis/Distributed-Tsetlin-Machines/experiments/results_minority/II_x_IV/rule154_vs_rule41/lag_hamming.png,/Users/amrkandil/github_repos/thesis/Distributed-Tsetlin-Machines/experiments/results_minority/II_x_IV/rule154_vs_rule41/metrics.json
154,54,II_x_IV,aperiodic,,,0.3936069651741294,0.6031343283582089,0.6048955223880595,0.03642625030244343,0.603134328358209,coexist,,0.5995522388059702,0.40044776119402986,never,,aperiodic,,/Users/amrkandil/github_repos/thesis/Distributed-Tsetlin-Machines/experiments/results_minority/II_x_IV/rule154_vs_rule54/hamming_distance.png,/Users/amrkandil/github_repos/thesis/Distributed-Tsetlin-Machines/experiments/results_minority/II_x_IV/rule154_vs_rule54/lag_hamming.png,/Users/amrkandil/github_repos/thesis/Distributed-Tsetlin-Machines/experiments/results_minority/II_x_IV/rule154_vs_rule54/metrics.json
154,106,II_x_IV,aperiodic,,,0.2901243781094528,0.506094527363184,0.5058009950248756,0.032304783234472285,0.506094527363184,coexist,,0.5114925373134328,0.48850746268656714,never,,aperiodic,,/Users/amrkandil/github_repos/thesis/Distributed-Tsetlin-Machines/experiments/results_minority/II_x_IV/rule154_vs_rule106/hamming_distance.png,/Users/amrkandil/github_repos/thesis/Distributed-Tsetlin-Machines/experiments/results_minority/II_x_IV/rule154_vs_rule106/lag_hamming.png,/Users/amrkandil/github_repos/thesis/Distributed-Tsetlin-Machines/experiments/results_minority/II_x_IV/rule154_vs_rule106/metrics.json
154,110,II_x_IV,near_cycle,2,0,0.10930310851756261,0.10930310851756256,0.32537313432835824,0.03762983595955096,0.31068407960199007,coexist,,0.4092039800995025,0.5907960199004975,late,334,cycle,48,/Users/amrkandil/github_repos/thesis/Distributed-Tsetlin-Machines/experiments/results_minority/II_x_IV/rule154_vs_rule110/hamming_distance.png,/Users/amrkandil/github_repos/thesis/Distributed-Tsetlin-Machines/experiments/results_minority/II_x_IV/rule154_vs_rule110/lag_hamming.png,/Users/amrkandil/github_repos/thesis/Distributed-Tsetlin-Machines/experiments/results_minority/II_x_IV/rule154_vs_rule110/metrics.json
156,41,II_x_IV,cycle,12,0,7.070076972737315e-17,0.0,0.34496517412935324,0.011890189215866959,0.3441417910447761,coexist,,0.6903482587064677,0.30965174129353235,early,50,cycle,12,/Users/amrkandil/github_repos/thesis/Distributed-Tsetlin-Machines/experiments/results_minority/II_x_IV/rule156_vs_rule41/hamming_distance.png,/Users/amrkandil/github_repos/thesis/Distributed-Tsetlin-Machines/experiments/results_minority/II_x_IV/rule156_vs_rule41/lag_hamming.png,/Users/amrkandil/github_repos/thesis/Distributed-Tsetlin-Machines/experiments/results_minority/II_x_IV/rule156_vs_rule41/metrics.json
156,54,II_x_IV,cycle,12,0,0.0,0.0,0.28648756218905475,0.02356074353505961,0.2827238805970149,coexist,,0.7602985074626866,0.23970149253731343,early,50,cycle,12,/Users/amrkandil/github_repos/thesis/Distributed-Tsetlin-Machines/experiments/results_minority/II_x_IV/rule156_vs_rule54/hamming_distance.png,/Users/amrkandil/github_repos/thesis/Distributed-Tsetlin-Machines/experiments/results_minority/II_x_IV/rule156_vs_rule54/lag_hamming.png,/Users/amrkandil/github_repos/thesis/Distributed-Tsetlin-Machines/experiments/results_minority/II_x_IV/rule156_vs_rule54/metrics.json
156,106,II_x_IV,near_cycle,4,0,0.07560434602804625,0.07560434602804617,0.28842786069651744,0.020003046722220405,0.2888805970149254,coexist,,0.6774626865671641,0.3225373134328358,late,334,near_cycle,4,/Users/amrkandil/github_repos/thesis/Distributed-Tsetlin-Machines/experiments/results_minority/II_x_IV/rule156_vs_rule106/hamming_distance.png,/Users/amrkandil/github_repos/thesis/Distributed-Tsetlin-Machines/experiments/results_minority/II_x_IV/rule156_vs_rule106/lag_hamming.png,/Users/amrkandil/github_repos/thesis/Distributed-Tsetlin-Machines/experiments/results_minority/II_x_IV/rule156_vs_rule106/metrics.json
156,110,II_x_IV,cycle,8,0,0.0,0.0,0.19775124378109454,0.015511298500727896,0.1965174129353234,coexist,,0.6223383084577114,0.37766169154228857,early,50,cycle,8,/Users/amrkandil/github_repos/thesis/Distributed-Tsetlin-Machines/experiments/results_minority/II_x_IV/rule156_vs_rule110/hamming_distance.png,/Users/amrkandil/github_repos/thesis/Distributed-Tsetlin-Machines/experiments/results_minority/II_x_IV/rule156_vs_rule110/lag_hamming.png,/Users/amrkandil/github_repos/thesis/Distributed-Tsetlin-Machines/experiments/results_minority/II_x_IV/rule156_vs_rule110/metrics.json
162,41,II_x_IV,aperiodic,,,0.29394278606965174,0.5480970149253731,0.5517014925373135,0.031026726478894588,0.5480970149253731,coexist,,0.5548756218905473,0.4451243781094527,never,,aperiodic,,/Users/amrkandil/github_repos/thesis/Distributed-Tsetlin-Machines/experiments/results_minority/II_x_IV/rule162_vs_rule41/hamming_distance.png,/Users/amrkandil/github_repos/thesis/Distributed-Tsetlin-Machines/experiments/results_minority/II_x_IV/rule162_vs_rule41/lag_hamming.png,/Users/amrkandil/github_repos/thesis/Distributed-Tsetlin-Machines/experiments/results_minority/II_x_IV/rule162_vs_rule41/metrics.json
162,54,II_x_IV,near_cycle,2,2,0.1451888427536504,0.40683799049863467,0.6985771144278607,0.03658208786071001,0.7048258706467663,coexist,,0.8182587064676617,0.1817412935323383,late,300,near_cycle,2,/Users/amrkandil/github_repos/thesis/Distributed-Tsetlin-Machines/experiments/results_minority/II_x_IV/rule162_vs_rule54/hamming_distance.png,/Users/amrkandil/github_repos/thesis/Distributed-Tsetlin-Machines/experiments/results_minority/II_x_IV/rule162_vs_rule54/lag_hamming.png,/Users/amrkandil/github_repos/thesis/Distributed-Tsetlin-Machines/experiments/results_minority/II_x_IV/rule162_vs_rule54/metrics.json
162,106,II_x_IV,drift,1,1,2.1210230918211945e-16,0.6169154228855721,0.6164776119402985,0.0048139463903858195,0.6169154228855721,coexist,,0.4918407960199005,0.5081592039800995,early,50,drift,1,/Users/amrkandil/github_repos/thesis/Distributed-Tsetlin-Machines/experiments/results_minority/II_x_IV/rule162_vs_rule106/hamming_distance.png,/Users/amrkandil/github_repos/thesis/Distributed-Tsetlin-Machines/experiments/results_minority/II_x_IV/rule162_vs_rule106/lag_hamming.png,/Users/amrkandil/github_repos/thesis/Distributed-Tsetlin-Machines/experiments/results_minority/II_x_IV/rule162_vs_rule106/metrics.json
162,110,II_x_IV,near_cycle,1,1,0.16687810945273635,0.5248880597014925,0.5215721393034826,0.03969422993710477,0.5248880597014925,coexist,,0.6732835820895522,0.32671641791044775,early,0,near_cycle,1,/Users/amrkandil/github_repos/thesis/Distributed-Tsetlin-Machines/experiments/results_minority/II_x_IV/rule162_vs_rule110/hamming_distance.png,/Users/amrkandil/github_repos/thesis/Distributed-Tsetlin-Machines/experiments/results_minority/II_x_IV/rule162_vs_rule110/lag_hamming.png,/Users/amrkandil/github_repos/thesis/Distributed-Tsetlin-Machines/experiments/results_minority/II_x_IV/rule162_vs_rule110/metrics.json
164,41,II_x_IV,near_cycle,2,0,0.11700894026110056,0.11700894026110051,0.4650547263681592,0.023088771277934527,0.46471393034825875,coexist,,0.4126865671641791,0.5873134328358209,late,250,near_cycle,2,/Users/amrkandil/github_repos/thesis/Distributed-Tsetlin-Machines/experiments/results_minority/II_x_IV/rule164_vs_rule41/hamming_distance.png,/Users/amrkandil/github_repos/thesis/Distributed-Tsetlin-Machines/experiments/results_minority/II_x_IV/rule164_vs_rule41/lag_hamming.png,/Users/amrkandil/github_repos/thesis/Distributed-Tsetlin-Machines/experiments/results_minority/II_x_IV/rule164_vs_rule41/metrics.json
164,54,II_x_IV,near_cycle,24,0,0.09756258495321798,0.097562584953218,0.3033930348258707,0.055977042361602884,0.2846517412935323,coexist,,0.5050248756218906,0.4949751243781095,late,334,near_cycle,8,/Users/amrkandil/github_repos/thesis/Distributed-Tsetlin-Machines/experiments/results_minority/II_x_IV/rule164_vs_rule54/hamming_distance.png,/Users/amrkandil/github_repos/thesis/Distributed-Tsetlin-Machines/experiments/results_minority/II_x_IV/rule164_vs_rule54/lag_hamming.png,/Users/amrkandil/github_repos/thesis/Distributed-Tsetlin-Machines/experiments/results_minority/II_x_IV/rule164_vs_rule54/metrics.json
164,106,II_x_IV,fixed,1,0,0.0,0.0,0.004,0.03202124860724935,0.0,coexist,,0.5,0.5,early,50,fixed,1,/Users/amrkandil/github_repos/thesis/Distributed-Tsetlin-Machines/experiments/results_minority/II_x_IV/rule164_vs_rule106/hamming_distance.png,/Users/amrkandil/github_repos/thesis/Distributed-Tsetlin-Machines/experiments/results_minority/II_x_IV/rule164_vs_rule106/lag_hamming.png,/Users/amrkandil/github_repos/thesis/Distributed-Tsetlin-Machines/experiments/results_minority/II_x_IV/rule164_vs_rule106/metrics.json
164,110,II_x_IV,cycle,2,0,7.070076972737315e-17,0.0,0.09637810945273634,0.02641862063487793,0.08955223880597017,coexist,,0.4626865671641791,0.5373134328358209,early,100,cycle,2,/Users/amrkandil/github_repos/thesis/Distributed-Tsetlin-Machines/experiments/results_minority/II_x_IV/rule164_vs_rule110/hamming_distance.png,/Users/amrkandil/github_repos/thesis/Distributed-Tsetlin-Machines/experiments/results_minority/II_x_IV/rule164_vs_rule110/lag_hamming.png,/Users/amrkandil/github_repos/thesis/Distributed-Tsetlin-Machines/experiments/results_minority/II_x_IV/rule164_vs_rule110/metrics.json
170,41,II_x_IV,near_cycle,1,1,0.2070398009950248,0.530497512437811,0.5334328358208955,0.031058327186625715,0.530497512437811,coexist,,0.5102487562189054,0.4897512437810945,early,0,near_cycle,1,/Users/amrkandil/github_repos/thesis/Distributed-Tsetlin-Machines/experiments/results_minority/II_x_IV/rule170_vs_rule41/hamming_distance.png,/Users/amrkandil/github_repos/thesis/Distributed-Tsetlin-Machines/experiments/results_minority/II_x_IV/rule170_vs_rule41/lag_hamming.png,/Users/amrkandil/github_repos/thesis/Distributed-Tsetlin-Machines/experiments/results_minority/II_x_IV/rule170_vs_rule41/metrics.json
170,54,II_x_IV,near_cycle,1,1,0.18555970149253742,0.6467786069651741,0.6469651741293533,0.029265574480218003,0.6467786069651743,coexist,,0.4537313432835821,0.5462686567164179,never,,aperiodic,,/Users/amrkandil/github_repos/thesis/Distributed-Tsetlin-Machines/experiments/results_minority/II_x_IV/rule170_vs_rule54/hamming_distance.png,/Users/amrkandil/github_repos/thesis/Distributed-Tsetlin-Machines/experiments/results_minority/II_x_IV/rule170_vs_rule54/lag_hamming.png,/Users/amrkandil/github_repos/thesis/Distributed-Tsetlin-Machines/experiments/results_minority/II_x_IV/rule170_vs_rule54/metrics.json
170,106,II_x_IV,near_cycle,1,1,0.12206467661691554,0.48681592039800997,0.48890547263681594,0.03821889770102804,0.48681592039800997,coexist,,0.5014427860696518,0.49855721393034824,late,300,near_cycle,1,/Users/amrkandil/github_repos/thesis/Distributed-Tsetlin-Machines/experiments/results_minority/II_x_IV/rule170_vs_rule106/hamming_distance.png,/Users/amrkandil/github_repos/thesis/Distributed-Tsetlin-Machines/experiments/results_minority/II_x_IV/rule170_vs_rule106/lag_hamming.png,/Users/amrkandil/github_repos/thesis/Distributed-Tsetlin-Machines/experiments/results_minority/II_x_IV/rule170_vs_rule106/metrics.json
170,110,II_x_IV,aperiodic,,,0.23639303482587065,0.42335820895522386,0.4241094527363184,0.028639386343589365,0.4233582089552239,coexist,,0.4974129353233831,0.502587064676617,never,,aperiodic,,/Users/amrkandil/github_repos/thesis/Distributed-Tsetlin-Machines/experiments/results_minority/II_x_IV/rule170_vs_rule110/hamming_distance.png,/Users/amrkandil/github_repos/thesis/Distributed-Tsetlin-Machines/experiments/results_minority/II_x_IV/rule170_vs_rule110/lag_hamming.png,/Users/amrkandil/github_repos/thesis/Distributed-Tsetlin-Machines/experiments/results_minority/II_x_IV/rule170_vs_rule110/metrics.json
172,41,II_x_IV,near_cycle,4,0,0.12484178603205624,0.12484178603205634,0.30970149253731344,0.03632300795512736,0.2969402985074627,coexist,,0.4735820895522388,0.5264179104477612,late,334,near_cycle,4,/Users/amrkandil/github_repos/thesis/Distributed-Tsetlin-Machines/experiments/results_minority/II_x_IV/rule172_vs_rule41/hamming_distance.png,/Users/amrkandil/github_repos/thesis/Distributed-Tsetlin-Machines/experiments/results_minority/II_x_IV/rule172_vs_rule41/lag_hamming.png,/Users/amrkandil/github_repos/thesis/Distributed-Tsetlin-Machines/experiments/results_minority/II_x_IV/rule172_vs_rule41/metrics.json
172,54,II_x_IV,aperiodic,,,0.2815796019900497,0.4198383084577114,0.4173930348258707,0.04377464448190686,0.4198383084577115,coexist,,0.44044776119402984,0.5595522388059702,never,,aperiodic,,/Users/amrkandil/github_repos/thesis/Distributed-Tsetlin-Machines/experiments/results_minority/II_x_IV/rule172_vs_rule54/hamming_distance.png,/Users/amrkandil/github_repos/thesis/Distributed-Tsetlin-Machines/experiments/results_minority/II_x_IV/rule172_vs_rule54/lag_hamming.png,/Users/amrkandil/github_repos/thesis/Distributed-Tsetlin-Machines/experiments/results_minority/II_x_IV/rule172_vs_rule54/metrics.json
172,106,II_x_IV,near_cycle,2,1,0.0344019252110377,0.1438546615294455,0.07520398009950251,0.024303135802635437,0.07194029850746268,coexist,,0.5120895522388059,0.487910447761194,late,150,near_cycle,2,/Users/amrkandil/github_repos/thesis/Distributed-Tsetlin-Machines/experiments/results_minority/II_x_IV/rule172_vs_rule106/hamming_distance.png,/Users/amrkandil/github_repos/thesis/Distributed-Tsetlin-Machines/experiments/results_minority/II_x_IV/rule172_vs_rule106/lag_hamming.png,/Users/amrkandil/github_repos/thesis/Distributed-Tsetlin-Machines/experiments/results_minority/II_x_IV/rule172_vs_rule106/metrics.json
172,110,II_x_IV,near_cycle,36,0,0.17393852654535544,0.1739385265453554,0.3122985074626865,0.029933556777320264,0.31746268656716414,coexist,,0.4589054726368159,0.5410945273631841,late,300,near_cycle,36,/Users/amrkandil/github_repos/thesis/Distributed-Tsetlin-Machines/experiments/results_minority/II_x_IV/rule172_vs_rule110/hamming_distance.png,/Users/amrkandil/github_repos/thesis/Distributed-Tsetlin-Machines/experiments/results_minority/II_x_IV/rule172_vs_rule110/lag_hamming.png,/Users/amrkandil/github_repos/thesis/Distributed-Tsetlin-Machines/experiments/results_minority/II_x_IV/rule172_vs_rule110/metrics.json
178,41,II_x_IV,cycle,12,0,0.0,0.0,0.9472835820895523,0.022089095060483455,0.9510820895522388,coexist,,0.6922388059701493,0.30776119402985075,early,100,cycle,12,/Users/amrkandil/github_repos/thesis/Distributed-Tsetlin-Machines/experiments/results_minority/II_x_IV/rule178_vs_rule41/hamming_distance.png,/Users/amrkandil/github_repos/thesis/Distributed-Tsetlin-Machines/experiments/results_minority/II_x_IV/rule178_vs_rule41/lag_hamming.png,/Users/amrkandil/github_repos/thesis/Distributed-Tsetlin-Machines/experiments/results_minority/II_x_IV/rule178_vs_rule41/metrics.json
178,54,II_x_IV,cycle,12,0,0.0,0.0,0.9567860696517413,0.02597920392655456,0.959365671641791,coexist,,0.6890547263681592,0.31094527363184077,early,50,cycle,12,/Users/amrkandil/github_repos/thesis/Distributed-Tsetlin-Machines/experiments/results_minority/II_x_IV/rule178_vs_rule54/hamming_distance.png,/Users/amrkandil/github_repos/thesis/Distributed-Tsetlin-Machines/experiments/results_minority/II_x_IV/rule178_vs_rule54/lag_hamming.png,/Users/amrkandil/github_repos/thesis/Distributed-Tsetlin-Machines/experiments/results_minority/II_x_IV/rule178_vs_rule54/metrics.json
178,106,II_x_IV,cycle,12,0,7.070076972737315e-17,0.0,0.9500995024875619,0.022283392703012574,0.9527363184079598,coexist,,0.6517910447761194,0.3482089552238806,early,50,cycle,12,/Users/amrkandil/github_repos/thesis/Distributed-Tsetlin-Machines/experiments/results_minority/II_x_IV/rule178_vs_rule106/hamming_distance.png,/Users/amrkandil/github_repos/thesis/Distributed-Tsetlin-Machines/experiments/results_minority/II_x_IV/rule178_vs_rule106/lag_hamming.png,/Users/amrkandil/github_repos/thesis/Distributed-Tsetlin-Machines/experiments/results_minority/II_x_IV/rule178_vs_rule106/metrics.json
178,110,II_x_IV,near_cycle,20,0,0.035021741685274374,0.035021741685274416,0.8933930348258707,0.03361093877838313,0.8998880597014925,coexist,,0.8946766169154229,0.10532338308457712,late,300,near_cycle,10,/Users/amrkandil/github_repos/thesis/Distributed-Tsetlin-Machines/experiments/results_minority/II_x_IV/rule178_vs_rule110/hamming_distance.png,/Users/amrkandil/github_repos/thesis/Distributed-Tsetlin-Machines/experiments/results_minority/II_x_IV/rule178_vs_rule110/lag_hamming.png,/Users/amrkandil/github_repos/thesis/Distributed-Tsetlin-Machines/experiments/results_minority/II_x_IV/rule178_vs_rule110/metrics.json
184,41,II_x_IV,drift,1,1,9.898107761832242e-16,0.9253731343283582,0.9099900497512441,0.04466751228572841,0.9253731343283584,coexist,,0.6865671641791045,0.31343283582089554,early,100,drift,1,/Users/amrkandil/github_repos/thesis/Distributed-Tsetlin-Machines/experiments/results_minority/II_x_IV/rule184_vs_rule41/hamming_distance.png,/Users/amrkandil/github_repos/thesis/Distributed-Tsetlin-Machines/experiments/results_minority/II_x_IV/rule184_vs_rule41/lag_hamming.png,/Users/amrkandil/github_repos/thesis/Distributed-Tsetlin-Machines/experiments/results_minority/II_x_IV/rule184_vs_rule41/metrics.json
184,54,II_x_IV,near_cycle,1,1,0.21148009950248764,0.7561069651741293,0.7573034825870647,0.030947703508766577,0.7561069651741293,coexist,,0.7804477611940298,0.21955223880597016,early,0,near_cycle,1,/Users/amrkandil/github_repos/thesis/Distributed-Tsetlin-Machines/experiments/results_minority/II_x_IV/rule184_vs_rule54/hamming_distance.png,/Users/amrkandil/github_repos/thesis/Distributed-Tsetlin-Machines/experiments/results_minority/II_x_IV/rule184_vs_rule54/lag_hamming.png,/Users/amrkandil/github_repos/thesis/Distributed-Tsetlin-Machines/experiments/results_minority/II_x_IV/rule184_vs_rule54/metrics.json
184,106,II_x_IV,near_cycle,2,0,0.09774436090225577,0.09774436090225563,0.513044776119403,0.05608426531320868,0.5156467661691543,coexist,,0.6127860696517413,0.3872139303482587,early,0,near_cycle,2,/Users/amrkandil/github_repos/thesis/Distributed-Tsetlin-Machines/experiments/results_minority/II_x_IV/rule184_vs_rule106/hamming_distance.png,/Users/amrkandil/github_repos/thesis/Distributed-Tsetlin-Machines/experiments/results_minority/II_x_IV/rule184_vs_rule106/lag_hamming.png,/Users/amrkandil/github_repos/thesis/Distributed-Tsetlin-Machines/experiments/results_minority/II_x_IV/rule184_vs_rule106/metrics.json
184,110,II_x_IV,aperiodic,,,0.24946517412935318,0.5098383084577115,0.5049154228855722,0.05292790132383935,0.5098383084577115,coexist,,0.6101492537313433,0.38985074626865673,never,,aperiodic,,/Users/amrkandil/github_repos/thesis/Distributed-Tsetlin-Machines/experiments/results_minority/II_x_IV/rule184_vs_rule110/hamming_distance.png,/Users/amrkandil/github_repos/thesis/Distributed-Tsetlin-Machines/experiments/results_minority/II_x_IV/rule184_vs_rule110/lag_hamming.png,/Users/amrkandil/github_repos/thesis/Distributed-Tsetlin-Machines/experiments/results_minority/II_x_IV/rule184_vs_rule110/metrics.json
200,41,II_x_IV,cycle,12,0,7.070076972737315e-17,0.0,0.42500497512437807,0.025788486068641796,0.4261940298507463,coexist,,0.4039303482587065,0.5960696517412936,early,50,cycle,12,/Users/amrkandil/github_repos/thesis/Distributed-Tsetlin-Machines/experiments/results_minority/II_x_IV/rule200_vs_rule41/hamming_distance.png,/Users/amrkandil/github_repos/thesis/Distributed-Tsetlin-Machines/experiments/results_minority/II_x_IV/rule200_vs_rule41/lag_hamming.png,/Users/amrkandil/github_repos/thesis/Distributed-Tsetlin-Machines/experiments/results_minority/II_x_IV/rule200_vs_rule41/metrics.json
200,54,II_x_IV,near_cycle,8,0,0.12682136391832188,0.12682136391832188,0.27020895522388066,0.030439734902819645,0.26971393034825875,coexist,,0.4906965174129353,0.5093034825870647,late,300,near_cycle,8,/Users/amrkandil/github_repos/thesis/Distributed-Tsetlin-Machines/experiments/results_minority/II_x_IV/rule200_vs_rule54/hamming_distance.png,/Users/amrkandil/github_repos/thesis/Distributed-Tsetlin-Machines/experiments/results_minority/II_x_IV/rule200_vs_rule54/lag_hamming.png,/Users/amrkandil/github_repos/thesis/Distributed-Tsetlin-Machines/experiments/results_minority/II_x_IV/rule200_vs_rule54/metrics.json
200,106,II_x_IV,fixed,1,0,0.0,0.0,0.004935323383084578,0.02722076732947832,0.0,coexist,,0.5,0.5,early,50,fixed,1,/Users/amrkandil/github_repos/thesis/Distributed-Tsetlin-Machines/experiments/results_minority/II_x_IV/rule200_vs_rule106/hamming_distance.png,/Users/amrkandil/github_repos/thesis/Distributed-Tsetlin-Machines/experiments/results_minority/II_x_IV/rule200_vs_rule106/lag_hamming.png,/Users/amrkandil/github_repos/thesis/Distributed-Tsetlin-Machines/experiments/results_minority/II_x_IV/rule200_vs_rule106/metrics.json
200,110,II_x_IV,near_cycle,4,0,0.08304823489604873,0.08304823489604872,0.168,0.02279137872930387,0.1676492537313433,coexist,,0.4550746268656716,0.5449253731343283,early,100,near_cycle,4,/Users/amrkandil/github_repos/thesis/Distributed-Tsetlin-Machines/experiments/results_minority/II_x_IV/rule200_vs_rule110/hamming_distance.png,/Users/amrkandil/github_repos/thesis/Distributed-Tsetlin-Machines/experiments/results_minority/II_x_IV/rule200_vs_rule110/lag_hamming.png,/Users/amrkandil/github_repos/thesis/Distributed-Tsetlin-Machines/experiments/results_minority/II_x_IV/rule200_vs_rule110/metrics.json
204,41,II_x_IV,cycle,12,0,2.828030789094926e-16,0.0,0.2823681592039801,0.01797697979856882,0.281952736318408,coexist,,0.5593532338308458,0.4406467661691542,early,50,cycle,12,/Users/amrkandil/github_repos/thesis/Distributed-Tsetlin-Machines/experiments/results_minority/II_x_IV/rule204_vs_rule41/hamming_distance.png,/Users/amrkandil/github_repos/thesis/Distributed-Tsetlin-Machines/experiments/results_minority/II_x_IV/rule204_vs_rule41/lag_hamming.png,/Users/amrkandil/github_repos/thesis/Distributed-Tsetlin-Machines/experiments/results_minority/II_x_IV/rule204_vs_rule41/metrics.json
204,54,II_x_IV,near_cycle,12,0,0.09980943610993881,0.09980943610993874,0.2833532338308458,0.03172549240976198,0.27827114427860694,coexist,,0.6380597014925373,0.3619402985074627,late,300,near_cycle,12,/Users/amrkandil/github_repos/thesis/Distributed-Tsetlin-Machines/experiments/results_minority/II_x_IV/rule204_vs_rule54/hamming_distance.png,/Users/amrkandil/github_repos/thesis/Distributed-Tsetlin-Machines/experiments/results_minority/II_x_IV/rule204_vs_rule54/lag_hamming.png,/Users/amrkandil/github_repos/thesis/Distributed-Tsetlin-Machines/experiments/results_minority/II_x_IV/rule204_vs_rule54/metrics.json
204,106,II_x_IV,cycle,120,0,0.0,0.0,0.29262686567164176,0.01903651624558825,0.2949129353233831,coexist,,0.5219402985074627,0.4780597014925373,late,250,near_cycle,4,/Users/amrkandil/github_repos/thesis/Distributed-Tsetlin-Machines/experiments/results_minority/II_x_IV/rule204_vs_rule106/hamming_distance.png,/Users/amrkandil/github_repos/thesis/Distributed-Tsetlin-Machines/experiments/results_minority/II_x_IV/rule204_vs_rule106/lag_hamming.png,/Users/amrkandil/github_repos/thesis/Distributed-Tsetlin-Machines/experiments/results_minority/II_x_IV/rule204_vs_rule106/metrics.json
204,110,II_x_IV,cycle,24,0,0.0,0.0,0.27509452736318407,0.013192585259683332,0.2761069651741293,coexist,,0.4619402985074627,0.5380597014925373,early,50,cycle,24,/Users/amrkandil/github_repos/thesis/Distributed-Tsetlin-Machines/experiments/results_minority/II_x_IV/rule204_vs_rule110/hamming_distance.png,/Users/amrkandil/github_repos/thesis/Distributed-Tsetlin-Machines/experiments/results_minority/II_x_IV/rule204_vs_rule110/lag_hamming.png,/Users/amrkandil/github_repos/thesis/Distributed-Tsetlin-Machines/experiments/results_minority/II_x_IV/rule204_vs_rule110/metrics.json
232,41,II_x_IV,near_cycle,12,0,0.20419752139047698,0.20419752139047692,0.4480298507462686,0.032997897899870114,0.4502363184079602,coexist,,0.44233830845771144,0.5576616915422885,late,334,near_cycle,4,/Users/amrkandil/github_repos/thesis/Distributed-Tsetlin-Machines/experiments/results_minority/II_x_IV/rule232_vs_rule41/hamming_distance.png,/Users/amrkandil/github_repos/thesis/Distributed-Tsetlin-Machines/experiments/results_minority/II_x_IV/rule232_vs_rule41/lag_hamming.png,/Users/amrkandil/github_repos/thesis/Distributed-Tsetlin-Machines/experiments/results_minority/II_x_IV/rule232_vs_rule41/metrics.json
232,54,II_x_IV,aperiodic,,,0.308994871401348,0.308994871401348,0.5157711442786069,0.03881269874055603,0.5181343283582089,coexist,,0.4583084577114428,0.5416915422885572,never,,aperiodic,,/Users/amrkandil/github_repos/thesis/Distributed-Tsetlin-Machines/experiments/results_minority/II_x_IV/rule232_vs_rule54/hamming_distance.png,/Users/amrkandil/github_repos/thesis/Distributed-Tsetlin-Machines/experiments/results_minority/II_x_IV/rule232_vs_rule54/lag_hamming.png,/Users/amrkandil/github_repos/thesis/Distributed-Tsetlin-Machines/experiments/results_minority/II_x_IV/rule232_vs_rule54/metrics.json
232,106,II_x_IV,cycle,6,0,0.0,0.0,0.0403681592039801,0.03552427075295696,0.031529850746268656,coexist,,0.4899502487562189,0.510049751243781,early,100,cycle,6,/Users/amrkandil/github_repos/thesis/Distributed-Tsetlin-Machines/experiments/results_minority/II_x_IV/rule232_vs_rule106/hamming_distance.png,/Users/amrkandil/github_repos/thesis/Distributed-Tsetlin-Machines/experiments/results_minority/II_x_IV/rule232_vs_rule106/lag_hamming.png,/Users/amrkandil/github_repos/thesis/Distributed-Tsetlin-Machines/experiments/results_minority/II_x_IV/rule232_vs_rule106/metrics.json
232,110,II_x_IV,aperiodic,,,0.19383509498769508,0.19383509498769497,0.30880597014925376,0.032498303025117914,0.312089552238806,coexist,,0.41238805970149256,0.5876119402985075,never,,aperiodic,,/Users/amrkandil/github_repos/thesis/Distributed-Tsetlin-Machines/experiments/results_minority/II_x_IV/rule232_vs_rule110/hamming_distance.png,/Users/amrkandil/github_repos/thesis/Distributed-Tsetlin-Machines/experiments/results_minority/II_x_IV/rule232_vs_rule110/lag_hamming.png,/Users/amrkandil/github_repos/thesis/Distributed-Tsetlin-Machines/experiments/results_minority/II_x_IV/rule232_vs_rule110/metrics.json
18,41,III_x_IV,near_cycle,2,0,0.11553760021945415,0.11553760021945411,0.5794328358208954,0.021220432949984488,0.5801243781094527,coexist,,0.5261691542288557,0.47383084577114426,late,200,near_cycle,2,/Users/amrkandil/github_repos/thesis/Distributed-Tsetlin-Machines/experiments/results_minority/III_x_IV/rule18_vs_rule41/hamming_distance.png,/Users/amrkandil/github_repos/thesis/Distributed-Tsetlin-Machines/experiments/results_minority/III_x_IV/rule18_vs_rule41/lag_hamming.png,/Users/amrkandil/github_repos/thesis/Distributed-Tsetlin-Machines/experiments/results_minority/III_x_IV/rule18_vs_rule41/metrics.json
18,54,III_x_IV,aperiodic,,,0.41315920398009953,0.602636815920398,0.6025273631840796,0.04266682910045563,0.602636815920398,coexist,,0.5880099502487562,0.41199004975124376,never,,aperiodic,,/Users/amrkandil/github_repos/thesis/Distributed-Tsetlin-Machines/experiments/results_minority/III_x_IV/rule18_vs_rule54/hamming_distance.png,/Users/amrkandil/github_repos/thesis/Distributed-Tsetlin-Machines/experiments/results_minority/III_x_IV/rule18_vs_rule54/lag_hamming.png,/Users/amrkandil/github_repos/thesis/Distributed-Tsetlin-Machines/experiments/results_minority/III_x_IV/rule18_vs_rule54/metrics.json
18,106,III_x_IV,near_cycle,1,1,0.18069651741293535,0.5928358208955223,0.592407960199005,0.04331974357223024,0.5928358208955223,coexist,,0.45940298507462685,0.5405970149253732,late,200,near_cycle,1,/Users/amrkandil/github_repos/thesis/Distributed-Tsetlin-Machines/experiments/results_minority/III_x_IV/rule18_vs_rule106/hamming_distance.png,/Users/amrkandil/github_repos/thesis/Distributed-Tsetlin-Machines/experiments/results_minority/III_x_IV/rule18_vs_rule106/lag_hamming.png,/Users/amrkandil/github_repos/thesis/Distributed-Tsetlin-Machines/experiments/results_minority/III_x_IV/rule18_vs_rule106/metrics.json
18,110,III_x_IV,cycle,120,0,0.0,0.0,0.19050746268656715,0.044401622399202874,0.18044776119402983,coexist,,0.46741293532338307,0.5325870646766169,late,250,near_cycle,4,/Users/amrkandil/github_repos/thesis/Distributed-Tsetlin-Machines/experiments/results_minority/III_x_IV/rule18_vs_rule110/hamming_distance.png,/Users/amrkandil/github_repos/thesis/Distributed-Tsetlin-Machines/experiments/results_minority/III_x_IV/rule18_vs_rule110/lag_hamming.png,/Users/amrkandil/github_repos/thesis/Distributed-Tsetlin-Machines/experiments/results_minority/III_x_IV/rule18_vs_rule110/metrics.json
22,41,III_x_IV,near_cycle,4,0,0.1426745366367157,0.14267453663671567,0.5618507462686567,0.024735613955539512,0.5599502487562189,coexist,,0.5072139303482587,0.4927860696517413,late,334,near_cycle,4,/Users/amrkandil/github_repos/thesis/Distributed-Tsetlin-Machines/experiments/results_minority/III_x_IV/rule22_vs_rule41/hamming_distance.png,/Users/amrkandil/github_repos/thesis/Distributed-Tsetlin-Machines/experiments/results_minority/III_x_IV/rule22_vs_rule41/lag_hamming.png,/Users/amrkandil/github_repos/thesis/Distributed-Tsetlin-Machines/experiments/results_minority/III_x_IV/rule22_vs_rule41/metrics.json
22,54,III_x_IV,aperiodic,,,0.30536235698083897,0.30536235698083886,0.5986865671641792,0.0531689528865363,0.5989427860696517,coexist,,0.4944776119402985,0.5055223880597015,never,,aperiodic,,/Users/amrkandil/github_repos/thesis/Distributed-Tsetlin-Machines/experiments/results_minority/III_x_IV/rule22_vs_rule54/hamming_distance.png,/Users/amrkandil/github_repos/thesis/Distributed-Tsetlin-Machines/experiments/results_minority/III_x_IV/rule22_vs_rule54/lag_hamming.png,/Users/amrkandil/github_repos/thesis/Distributed-Tsetlin-Machines/experiments/results_minority/III_x_IV/rule22_vs_rule54/metrics.json
22,106,III_x_IV,near_cycle,32,0,0.12971726732192698,0.12971726732192695,0.5069950248756219,0.02603143870580403,0.5090422885572139,coexist,,0.49592039800995025,0.5040796019900498,late,200,near_cycle,32,/Users/amrkandil/github_repos/thesis/Distributed-Tsetlin-Machines/experiments/results_minority/III_x_IV/rule22_vs_rule106/hamming_distance.png,/Users/amrkandil/github_repos/thesis/Distributed-Tsetlin-Machines/experiments/results_minority/III_x_IV/rule22_vs_rule106/lag_hamming.png,/Users/amrkandil/github_repos/thesis/Distributed-Tsetlin-Machines/experiments/results_minority/III_x_IV/rule22_vs_rule106/metrics.json
22,110,III_x_IV,cycle,24,0,7.070076972737315e-17,0.0,0.21597014925373134,0.0370377544215731,0.20812189054726368,coexist,,0.5206467661691542,0.47935323383084577,early,100,cycle,24,/Users/amrkandil/github_repos/thesis/Distributed-Tsetlin-Machines/experiments/results_minority/III_x_IV/rule22_vs_rule110/hamming_distance.png,/Users/amrkandil/github_repos/thesis/Distributed-Tsetlin-Machines/experiments/results_minority/III_x_IV/rule22_vs_rule110/lag_hamming.png,/Users/amrkandil/github_repos/thesis/Distributed-Tsetlin-Machines/experiments/results_minority/III_x_IV/rule22_vs_rule110/metrics.json
30,41,III_x_IV,aperiodic,,,0.26930335062090094,0.2693033506209008,0.5489850746268657,0.02530098218473718,0.5480970149253731,coexist,,0.49462686567164177,0.5053731343283582,never,,aperiodic,,/Users/amrkandil/github_repos/thesis/Distributed-Tsetlin-Machines/experiments/results_minority/III_x_IV/rule30_vs_rule41/hamming_distance.png,/Users/amrkandil/github_repos/thesis/Distributed-Tsetlin-Machines/experiments/results_minority/III_x_IV/rule30_vs_rule41/lag_hamming.png,/Users/amrkandil/github_repos/thesis/Distributed-Tsetlin-Machines/experiments/results_minority/III_x_IV/rule30_vs_rule41/metrics.json
30,54,III_x_IV,aperiodic,,,0.4286107152678817,0.4963624090602265,0.6238208955223882,0.04174881068941183,0.6253482587064677,coexist,,0.5293532338308458,0.47064676616915424,never,,aperiodic,,/Users/amrkandil/github_repos/thesis/Distributed-Tsetlin-Machines/experiments/results_minority/III_x_IV/rule30_vs_rule54/hamming_distance.png,/Users/amrkandil/github_repos/thesis/Distributed-Tsetlin-Machines/experiments/results_minority/III_x_IV/rule30_vs_rule54/lag_hamming.png,/Users/amrkandil/github_repos/thesis/Distributed-Tsetlin-Machines/experiments/results_minority/III_x_IV/rule30_vs_rule54/metrics.json
30,106,III_x_IV,near_cycle,4,0,0.0601025101194281,0.06010251011942805,0.5010248756218906,0.019865369493822935,0.5048880597014925,coexist,,0.4682089552238806,0.5317910447761194,late,150,cycle,16,/Users/amrkandil/github_repos/thesis/Distributed-Tsetlin-Machines/experiments/results_minority/III_x_IV/rule30_vs_rule106/hamming_distance.png,/Users/amrkandil/github_repos/thesis/Distributed-Tsetlin-Machines/experiments/results_minority/III_x_IV/rule30_vs_rule106/lag_hamming.png,/Users/amrkandil/github_repos/thesis/Distributed-Tsetlin-Machines/experiments/results_minority/III_x_IV/rule30_vs_rule106/metrics.json
30,110,III_x_IV,cycle,40,0,7.070076972737315e-17,0.0,0.2510149253731343,0.030721900211335116,0.24378109452736318,coexist,,0.5875621890547263,0.41243781094527365,early,100,cycle,40,/Users/amrkandil/github_repos/thesis/Distributed-Tsetlin-Machines/experiments/results_minority/III_x_IV/rule30_vs_rule110/hamming_distance.png,/Users/amrkandil/github_repos/thesis/Distributed-Tsetlin-Machines/experiments/results_minority/III_x_IV/rule30_vs_rule110/lag_hamming.png,/Users/amrkandil/github_repos/thesis/Distributed-Tsetlin-Machines/experiments/results_minority/III_x_IV/rule30_vs_rule110/metrics.json
45,41,III_x_IV,aperiodic,,,0.4317039800995025,0.5104353233830846,0.5115522388059702,0.029140096416754403,0.5104353233830845,coexist,,0.5116915422885572,0.48830845771144277,never,,aperiodic,,/Users/amrkandil/github_repos/thesis/Distributed-Tsetlin-Machines/experiments/results_minority/III_x_IV/rule45_vs_rule41/hamming_distance.png,/Users/amrkandil/github_repos/thesis/Distributed-Tsetlin-Machines/experiments/results_minority/III_x_IV/rule45_vs_rule41/lag_hamming.png,/Users/amrkandil/github_repos/thesis/Distributed-Tsetlin-Machines/experiments/results_minority/III_x_IV/rule45_vs_rule41/metrics.json
45,54,III_x_IV,aperiodic,,,0.434765718009449,0.43476571800944896,0.5967164179104477,0.03868088015854035,0.596181592039801,coexist,,0.537363184079602,0.462636815920398,never,,aperiodic,,/Users/amrkandil/github_repos/thesis/Distributed-Tsetlin-Machines/experiments/results_minority/III_x_IV/rule45_vs_rule54/hamming_distance.png,/Users/amrkandil/github_repos/thesis/Distributed-Tsetlin-Machines/experiments/results_minority/III_x_IV/rule45_vs_rule54/lag_hamming.png,/Users/amrkandil/github_repos/thesis/Distributed-Tsetlin-Machines/experiments/results_minority/III_x_IV/rule45_vs_rule54/metrics.json
45,106,III_x_IV,aperiodic,,,0.3362189054726367,0.4722388059701493,0.4720796019900498,0.038015763666814716,0.4722388059701493,coexist,,0.5122388059701493,0.48776119402985074,never,,aperiodic,,/Users/amrkandil/github_repos/thesis/Distributed-Tsetlin-Machines/experiments/results_minority/III_x_IV/rule45_vs_rule106/hamming_distance.png,/Users/amrkandil/github_repos/thesis/Distributed-Tsetlin-Machines/experiments/results_minority/III_x_IV/rule45_vs_rule106/lag_hamming.png,/Users/amrkandil/github_repos/thesis/Distributed-Tsetlin-Machines/experiments/results_minority/III_x_IV/rule45_vs_rule106/metrics.json
45,110,III_x_IV,aperiodic,,,0.3961849046226155,0.5465886647166179,0.46379104477611943,0.03445169134683388,0.46421641791044777,coexist,,0.5361194029850747,0.4638805970149254,never,,aperiodic,,/Users/amrkandil/github_repos/thesis/Distributed-Tsetlin-Machines/experiments/results_minority/III_x_IV/rule45_vs_rule110/hamming_distance.png,/Users/amrkandil/github_repos/thesis/Distributed-Tsetlin-Machines/experiments/results_minority/III_x_IV/rule45_vs_rule110/lag_hamming.png,/Users/amrkandil/github_repos/thesis/Distributed-Tsetlin-Machines/experiments/results_minority/III_x_IV/rule45_vs_rule110/metrics.json
60,41,III_x_IV,aperiodic,,,0.3733830845771145,0.5253482587064676,0.5250547263681592,0.03016119823159181,0.5253482587064677,coexist,,0.5021393034825871,0.49786069651741294,never,,aperiodic,,/Users/amrkandil/github_repos/thesis/Distributed-Tsetlin-Machines/experiments/results_minority/III_x_IV/rule60_vs_rule41/hamming_distance.png,/Users/amrkandil/github_repos/thesis/Distributed-Tsetlin-Machines/experiments/results_minority/III_x_IV/rule60_vs_rule41/lag_hamming.png,/Users/amrkandil/github_repos/thesis/Distributed-Tsetlin-Machines/experiments/results_minority/III_x_IV/rule60_vs_rule41/metrics.json
60,54,III_x_IV,aperiodic,,,0.4364642950660233,0.5711293158268806,0.5738706467661691,0.042983144419533686,0.5764179104477611,coexist,,0.5213930348258706,0.4786069651741294,never,,aperiodic,,/Users/amrkandil/github_repos/thesis/Distributed-Tsetlin-Machines/experiments/results_minority/III_x_IV/rule60_vs_rule54/hamming_distance.png,/Users/amrkandil/github_repos/thesis/Distributed-Tsetlin-Machines/experiments/results_minority/III_x_IV/rule60_vs_rule54/lag_hamming.png,/Users/amrkandil/github_repos/thesis/Distributed-Tsetlin-Machines/experiments/results_minority/III_x_IV/rule60_vs_rule54/metrics.json
60,106,III_x_IV,aperiodic,,,0.37992537313432834,0.464726368159204,0.46148258706467665,0.047483499301058434,0.46472636815920404,coexist,,0.5384577114427861,0.4615422885572139,never,,aperiodic,,/Users/amrkandil/github_repos/thesis/Distributed-Tsetlin-Machines/experiments/results_minority/III_x_IV/rule60_vs_rule106/hamming_distance.png,/Users/amrkandil/github_repos/thesis/Distributed-Tsetlin-Machines/experiments/results_minority/III_x_IV/rule60_vs_rule106/lag_hamming.png,/Users/amrkandil/github_repos/thesis/Distributed-Tsetlin-Machines/experiments/results_minority/III_x_IV/rule60_vs_rule106/metrics.json
60,110,III_x_IV,aperiodic,,,0.41541044776119407,0.43901741293532337,0.437860696517413,0.0436593456423623,0.43901741293532337,coexist,,0.5417412935323384,0.4582587064676617,never,,aperiodic,,/Users/amrkandil/github_repos/thesis/Distributed-Tsetlin-Machines/experiments/results_minority/III_x_IV/rule60_vs_rule110/hamming_distance.png,/Users/amrkandil/github_repos/thesis/Distributed-Tsetlin-Machines/experiments/results_minority/III_x_IV/rule60_vs_rule110/lag_hamming.png,/Users/amrkandil/github_repos/thesis/Distributed-Tsetlin-Machines/experiments/results_minority/III_x_IV/rule60_vs_rule110/metrics.json
90,41,III_x_IV,aperiodic,,,0.3789179104477612,0.5697885572139304,0.571044776119403,0.031586202304728674,0.5697885572139303,coexist,,0.4829353233830846,0.5170646766169155,never,,aperiodic,,/Users/amrkandil/github_repos/thesis/Distributed-Tsetlin-Machines/experiments/results_minority/III_x_IV/rule90_vs_rule41/hamming_distance.png,/Users/amrkandil/github_repos/thesis/Distributed-Tsetlin-Machines/experiments/results_minority/III_x_IV/rule90_vs_rule41/lag_hamming.png,/Users/amrkandil/github_repos/thesis/Distributed-Tsetlin-Machines/experiments/results_minority/III_x_IV/rule90_vs_rule41/metrics.json
90,54,III_x_IV,aperiodic,,,0.37266111601376156,0.3726611160137615,0.6124477611940299,0.03618649662589609,0.6121268656716419,coexist,,0.5841791044776119,0.41582089552238805,never,,aperiodic,,/Users/amrkandil/github_repos/thesis/Distributed-Tsetlin-Machines/experiments/results_minority/III_x_IV/rule90_vs_rule54/hamming_distance.png,/Users/amrkandil/github_repos/thesis/Distributed-Tsetlin-Machines/experiments/results_minority/III_x_IV/rule90_vs_rule54/lag_hamming.png,/Users/amrkandil/github_repos/thesis/Distributed-Tsetlin-Machines/experiments/results_minority/III_x_IV/rule90_vs_rule54/metrics.json
90,106,III_x_IV,aperiodic,,,0.41493781094527366,0.5065796019900497,0.5061791044776119,0.03897254591587482,0.5065796019900497,coexist,,0.5001990049751244,0.4998009950248756,never,,aperiodic,,/Users/amrkandil/github_repos/thesis/Distributed-Tsetlin-Machines/experiments/results_minority/III_x_IV/rule90_vs_rule106/hamming_distance.png,/Users/amrkandil/github_repos/thesis/Distributed-Tsetlin-Machines/experiments/results_minority/III_x_IV/rule90_vs_rule106/lag_hamming.png,/Users/amrkandil/github_repos/thesis/Distributed-Tsetlin-Machines/experiments/results_minority/III_x_IV/rule90_vs_rule106/metrics.json
90,110,III_x_IV,near_cycle,2,0,0.07314305664659156,0.0731430566465916,0.24516417910447763,0.049643843278557254,0.2245646766169154,coexist,,0.539452736318408,0.46054726368159205,late,200,cycle,24,/Users/amrkandil/github_repos/thesis/Distributed-Tsetlin-Machines/experiments/results_minority/III_x_IV/rule90_vs_rule110/hamming_distance.png,/Users/amrkandil/github_repos/thesis/Distributed-Tsetlin-Machines/experiments/results_minority/III_x_IV/rule90_vs_rule110/lag_hamming.png,/Users/amrkandil/github_repos/thesis/Distributed-Tsetlin-Machines/experiments/results_minority/III_x_IV/rule90_vs_rule110/metrics.json
105,41,III_x_IV,aperiodic,,,0.41055374755296203,0.46860933428097606,0.5691243781094527,0.03650492689869428,0.5687686567164179,coexist,,0.4974129353233831,0.502587064676617,never,,aperiodic,,/Users/amrkandil/github_repos/thesis/Distributed-Tsetlin-Machines/experiments/results_minority/III_x_IV/rule105_vs_rule41/hamming_distance.png,/Users/amrkandil/github_repos/thesis/Distributed-Tsetlin-Machines/experiments/results_minority/III_x_IV/rule105_vs_rule41/lag_hamming.png,/Users/amrkandil/github_repos/thesis/Distributed-Tsetlin-Machines/experiments/results_minority/III_x_IV/rule105_vs_rule41/metrics.json
105,54,III_x_IV,aperiodic,,,0.43487850420441865,0.4348785042044187,0.6213830845771144,0.03684804165498595,0.6219029850746268,coexist,,0.5476119402985075,0.45238805970149254,never,,aperiodic,,/Users/amrkandil/github_repos/thesis/Distributed-Tsetlin-Machines/experiments/results_minority/III_x_IV/rule105_vs_rule54/hamming_distance.png,/Users/amrkandil/github_repos/thesis/Distributed-Tsetlin-Machines/experiments/results_minority/III_x_IV/rule105_vs_rule54/lag_hamming.png,/Users/amrkandil/github_repos/thesis/Distributed-Tsetlin-Machines/experiments/results_minority/III_x_IV/rule105_vs_rule54/metrics.json
105,106,III_x_IV,aperiodic,,,0.3771393034825871,0.5018905472636815,0.5030845771144278,0.035440769145446756,0.5018905472636815,coexist,,0.5006467661691543,0.4993532338308458,never,,aperiodic,,/Users/amrkandil/github_repos/thesis/Distributed-Tsetlin-Machines/experiments/results_minority/III_x_IV/rule105_vs_rule106/hamming_distance.png,/Users/amrkandil/github_repos/thesis/Distributed-Tsetlin-Machines/experiments/results_minority/III_x_IV/rule105_vs_rule106/lag_hamming.png,/Users/amrkandil/github_repos/thesis/Distributed-Tsetlin-Machines/experiments/results_minority/III_x_IV/rule105_vs_rule106/metrics.json
105,110,III_x_IV,aperiodic,,,0.45214880372009303,0.49707492687317184,0.4808059701492537,0.030893013092994213,0.4816542288557214,coexist,,0.5383582089552239,0.4616417910447761,never,,aperiodic,,/Users/amrkandil/github_repos/thesis/Distributed-Tsetlin-Machines/experiments/results_minority/III_x_IV/rule105_vs_rule110/hamming_distance.png,/Users/amrkandil/github_repos/thesis/Distributed-Tsetlin-Machines/experiments/results_minority/III_x_IV/rule105_vs_rule110/lag_hamming.png,/Users/amrkandil/github_repos/thesis/Distributed-Tsetlin-Machines/experiments/results_minority/III_x_IV/rule105_vs_rule110/metrics.json
122,41,III_x_IV,aperiodic,,,0.3392412935323383,0.6191169154228856,0.6228059701492538,0.03713661055306763,0.6191169154228855,coexist,,0.5076616915422886,0.4923383084577114,never,,aperiodic,,/Users/amrkandil/github_repos/thesis/Distributed-Tsetlin-Machines/experiments/results_minority/III_x_IV/rule122_vs_rule41/hamming_distance.png,/Users/amrkandil/github_repos/thesis/Distributed-Tsetlin-Machines/experiments/results_minority/III_x_IV/rule122_vs_rule41/lag_hamming.png,/Users/amrkandil/github_repos/thesis/Distributed-Tsetlin-Machines/experiments/results_minority/III_x_IV/rule122_vs_rule41/metrics.json
122,54,III_x_IV,aperiodic,,,0.2963076647610278,0.29630766476102777,0.7303383084577115,0.05187248866518546,0.7344154228855722,coexist,,0.6141293532338309,0.38587064676616917,never,,aperiodic,,/Users/amrkandil/github_repos/thesis/Distributed-Tsetlin-Machines/experiments/results_minority/III_x_IV/rule122_vs_rule54/hamming_distance.png,/Users/amrkandil/github_repos/thesis/Distributed-Tsetlin-Machines/experiments/results_minority/III_x_IV/rule122_vs_rule54/lag_hamming.png,/Users/amrkandil/github_repos/thesis/Distributed-Tsetlin-Machines/experiments/results_minority/III_x_IV/rule122_vs_rule54/metrics.json
122,106,III_x_IV,aperiodic,,,0.4400621890547264,0.5138681592039801,0.5142487562189054,0.04021535060024217,0.5138681592039801,coexist,,0.4823383084577114,0.5176616915422886,never,,aperiodic,,/Users/amrkandil/github_repos/thesis/Distributed-Tsetlin-Machines/experiments/results_minority/III_x_IV/rule122_vs_rule106/hamming_distance.png,/Users/amrkandil/github_repos/thesis/Distributed-Tsetlin-Machines/experiments/results_minority/III_x_IV/rule122_vs_rule106/lag_hamming.png,/Users/amrkandil/github_repos/thesis/Distributed-Tsetlin-Machines/experiments/results_minority/III_x_IV/rule122_vs_rule106/metrics.json
122,110,III_x_IV,aperiodic,,,0.46761194029850744,0.48092039800995023,0.4814328358208955,0.042086781132681605,0.48092039800995023,coexist,,0.48452736318407963,0.5154726368159204,never,,aperiodic,,/Users/amrkandil/github_repos/thesis/Distributed-Tsetlin-Machines/experiments/results_minority/III_x_IV/rule122_vs_rule110/hamming_distance.png,/Users/amrkandil/github_repos/thesis/Distributed-Tsetlin-Machines/experiments/results_minority/III_x_IV/rule122_vs_rule110/lag_hamming.png,/Users/amrkandil/github_repos/thesis/Distributed-Tsetlin-Machines/experiments/results_minority/III_x_IV/rule122_vs_rule110/metrics.json
126,41,III_x_IV,aperiodic,,,0.42602636683954237,0.4260263668395423,0.5709850746268658,0.034979821769011446,0.5720024875621891,coexist,,0.4500995024875622,0.5499004975124379,never,,aperiodic,,/Users/amrkandil/github_repos/thesis/Distributed-Tsetlin-Machines/experiments/results_minority/III_x_IV/rule126_vs_rule41/hamming_distance.png,/Users/amrkandil/github_repos/thesis/Distributed-Tsetlin-Machines/experiments/results_minority/III_x_IV/rule126_vs_rule41/lag_hamming.png,/Users/amrkandil/github_repos/thesis/Distributed-Tsetlin-Machines/experiments/results_minority/III_x_IV/rule126_vs_rule41/metrics.json
126,54,III_x_IV,aperiodic,,,0.30858170208149294,0.3085817020814928,0.6732238805970149,0.04508595840125042,0.6735199004975123,coexist,,0.5021393034825871,0.49786069651741294,never,,aperiodic,,/Users/amrkandil/github_repos/thesis/Distributed-Tsetlin-Machines/experiments/results_minority/III_x_IV/rule126_vs_rule54/hamming_distance.png,/Users/amrkandil/github_repos/thesis/Distributed-Tsetlin-Machines/experiments/results_minority/III_x_IV/rule126_vs_rule54/lag_hamming.png,/Users/amrkandil/github_repos/thesis/Distributed-Tsetlin-Machines/experiments/results_minority/III_x_IV/rule126_vs_rule54/metrics.json
126,106,III_x_IV,aperiodic,,,0.45471393034825874,0.48777363184079603,0.4869950248756219,0.04031662389907836,0.48777363184079603,coexist,,0.4584577114427861,0.541542288557214,never,,aperiodic,,/Users/amrkandil/github_repos/thesis/Distributed-Tsetlin-Machines/experiments/results_minority/III_x_IV/rule126_vs_rule106/hamming_distance.png,/Users/amrkandil/github_repos/thesis/Distributed-Tsetlin-Machines/experiments/results_minority/III_x_IV/rule126_vs_rule106/lag_hamming.png,/Users/amrkandil/github_repos/thesis/Distributed-Tsetlin-Machines/experiments/results_minority/III_x_IV/rule126_vs_rule106/metrics.json
126,110,III_x_IV,aperiodic,,,0.46522388059701497,0.468681592039801,0.46912437810945273,0.04562803823659272,0.468681592039801,coexist,,0.4682089552238806,0.5317910447761194,never,,aperiodic,,/Users/amrkandil/github_repos/thesis/Distributed-Tsetlin-Machines/experiments/results_minority/III_x_IV/rule126_vs_rule110/hamming_distance.png,/Users/amrkandil/github_repos/thesis/Distributed-Tsetlin-Machines/experiments/results_minority/III_x_IV/rule126_vs_rule110/lag_hamming.png,/Users/amrkandil/github_repos/thesis/Distributed-Tsetlin-Machines/experiments/results_minority/III_x_IV/rule126_vs_rule110/metrics.json
146,41,III_x_IV,near_cycle,2,0,0.16961558124166143,0.16961558124166137,0.5737512437810944,0.017975988428902585,0.5739054726368159,coexist,,0.5245273631840796,0.4754726368159204,early,100,near_cycle,2,/Users/amrkandil/github_repos/thesis/Distributed-Tsetlin-Machines/experiments/results_minority/III_x_IV/rule146_vs_rule41/hamming_distance.png,/Users/amrkandil/github_repos/thesis/Distributed-Tsetlin-Machines/experiments/results_minority/III_x_IV/rule146_vs_rule41/lag_hamming.png,/Users/amrkandil/github_repos/thesis/Distributed-Tsetlin-Machines/experiments/results_minority/III_x_IV/rule146_vs_rule41/metrics.json
146,54,III_x_IV,aperiodic,,,0.42342039800995024,0.6158333333333333,0.6169651741293531,0.0417750206189556,0.6158333333333332,coexist,,0.5824378109452736,0.41756218905472636,never,,aperiodic,,/Users/amrkandil/github_repos/thesis/Distributed-Tsetlin-Machines/experiments/results_minority/III_x_IV/rule146_vs_rule54/hamming_distance.png,/Users/amrkandil/github_repos/thesis/Distributed-Tsetlin-Machines/experiments/results_minority/III_x_IV/rule146_vs_rule54/lag_hamming.png,/Users/amrkandil/github_repos/thesis/Distributed-Tsetlin-Machines/experiments/results_minority/III_x_IV/rule146_vs_rule54/metrics.json
146,106,III_x_IV,aperiodic,,,0.19773631840796024,0.5986567164179104,0.5985472636815921,0.03991933154332087,0.5986567164179104,coexist,,0.4744776119402985,0.5255223880597015,never,,aperiodic,,/Users/amrkandil/github_repos/thesis/Distributed-Tsetlin-Machines/experiments/results_minority/III_x_IV/rule146_vs_rule106/hamming_distance.png,/Users/amrkandil/github_repos/thesis/Distributed-Tsetlin-Machines/experiments/results_minority/III_x_IV/rule146_vs_rule106/lag_hamming.png,/Users/amrkandil/github_repos/thesis/Distributed-Tsetlin-Machines/experiments/results_minority/III_x_IV/rule146_vs_rule106/metrics.json
146,110,III_x_IV,aperiodic,,,0.16974807659316157,0.16974807659316152,0.2971044776119403,0.0523421096552035,0.2791044776119403,coexist,,0.47243781094527365,0.5275621890547264,late,334,near_cycle,12,/Users/amrkandil/github_repos/thesis/Distributed-Tsetlin-Machines/experiments/results_minority/III_x_IV/rule146_vs_rule110/hamming_distance.png,/Users/amrkandil/github_repos/thesis/Distributed-Tsetlin-Machines/experiments/results_minority/III_x_IV/rule146_vs_rule110/lag_hamming.png,/Users/amrkandil/github_repos/thesis/Distributed-Tsetlin-Machines/experiments/results_minority/III_x_IV/rule146_vs_rule110/metrics.json
150,41,III_x_IV,near_cycle,8,0,0.1670654361778892,0.1670654361778892,0.545910447761194,0.029002037689510856,0.5458582089552239,coexist,,0.5106467661691543,0.4893532338308458,late,200,near_cycle,8,/Users/amrkandil/github_repos/thesis/Distributed-Tsetlin-Machines/experiments/results_minority/III_x_IV/rule150_vs_rule41/hamming_distance.png,/Users/amrkandil/github_repos/thesis/Distributed-Tsetlin-Machines/experiments/results_minority/III_x_IV/rule150_vs_rule41/lag_hamming.png,/Users/amrkandil/github_repos/thesis/Distributed-Tsetlin-Machines/experiments/results_minority/III_x_IV/rule150_vs_rule41/metrics.json
150,54,III_x_IV,near_cycle,2,0,0.12828090125812047,0.12828090125812042,0.6648656716417911,0.021962205193670484,0.6657587064676617,coexist,,0.5446766169154229,0.4553233830845771,late,334,near_cycle,2,/Users/amrkandil/github_repos/thesis/Distributed-Tsetlin-Machines/experiments/results_minority/III_x_IV/rule150_vs_rule54/hamming_distance.png,/Users/amrkandil/github_repos/thesis/Distributed-Tsetlin-Machines/experiments/results_minority/III_x_IV/rule150_vs_rule54/lag_hamming.png,/Users/amrkandil/github_repos/thesis/Distributed-Tsetlin-Machines/experiments/results_minority/III_x_IV/rule150_vs_rule54/metrics.json
150,106,III_x_IV,near_cycle,12,0,0.1083144687871696,0.10831446878716955,0.4855522388059702,0.030526669123636233,0.4853980099502488,coexist,,0.5418407960199005,0.4581592039800995,late,250,near_cycle,12,/Users/amrkandil/github_repos/thesis/Distributed-Tsetlin-Machines/experiments/results_minority/III_x_IV/rule150_vs_rule106/hamming_distance.png,/Users/amrkandil/github_repos/thesis/Distributed-Tsetlin-Machines/experiments/results_minority/III_x_IV/rule150_vs_rule106/lag_hamming.png,/Users/amrkandil/github_repos/thesis/Distributed-Tsetlin-Machines/experiments/results_minority/III_x_IV/rule150_vs_rule106/metrics.json
150,110,III_x_IV,near_cycle,4,0,0.09576801132874677,0.0957680113287467,0.34013930348258703,0.02807688687241033,0.3342537313432836,coexist,,0.48333333333333334,0.5166666666666667,late,200,cycle,48,/Users/amrkandil/github_repos/thesis/Distributed-Tsetlin-Machines/experiments/results_minority/III_x_IV/rule150_vs_rule110/hamming_distance.png,/Users/amrkandil/github_repos/thesis/Distributed-Tsetlin-Machines/experiments/results_minority/III_x_IV/rule150_vs_rule110/lag_hamming.png,/Users/amrkandil/github_repos/thesis/Distributed-Tsetlin-Machines/experiments/results_minority/III_x_IV/rule150_vs_rule110/metrics.json
